listing_id,brand,model,year,mileage_km,condition_grade,city,fair_value_est,listing_price,listed_date,sold_flag,sold_date,sale_price,days_in_inventory
100000,Hyundai,Verna,2018,99790,B (Good),Ahmedabad,388900.0,436800.0,2026-08-29,0,,,3
100001,Kia,Sonet,2019,90139,A (Excellent),Pune,392800.0,444500.0,2026-08-31,0,,,1
100002,Maruti Suzuki,Dzire,2022,44575,B (Good),Chennai,367500.0,342900.0,2026-07-17,1,2026-08-13,339200.0,27
100003,Tata,Harrier,2022,41856,A (Excellent),Ahmedabad,995000.0,813500.0,2026-08-30,0,,,2
100004,Maruti Suzuki,WagonR,2021,59892,A (Excellent),Chennai,275700.0,249500.0,2026-06-03,1,2026-06-20,239800.0,17
100005,Maruti Suzuki,WagonR,2018,92727,C (Fair),Bengaluru,167100.0,134300.0,2026-05-13,1,2026-05-20,131200.0,7
100006,Hyundai,Grand i10,2016,111927,A (Excellent),Pune,173400.0,148700.0,2026-06-20,1,2026-07-12,141800.0,22
100007,Hyundai,Verna,2017,108687,C (Fair),Kolkata,315400.0,271000.0,2026-08-30,0,,,2
100008,Maruti Suzuki,Dzire,2023,41587,B (Good),Hyderabad,405100.0,411400.0,2026-07-23,1,2026-08-22,388000.0,30
100009,Hyundai,Verna,2023,43804,B (Good),Mumbai,662000.0,540200.0,2026-05-08,1,2026-05-30,530700.0,22
100010,Toyota,Glanza,2023,62978,B (Good),Bengaluru,443800.0,407100.0,2026-05-17,1,2026-05-27,392300.0,10
100011,Tata,Tiago,2024,21753,A (Excellent),Pune,406100.0,354300.0,2026-05-11,1,2026-06-02,343600.0,22
100012,Honda,WR-V,2024,28011,C (Fair),Hyderabad,546400.0,603400.0,2026-05-18,1,2026-06-18,577000.0,31
100013,Maruti Suzuki,Swift,2020,60810,A (Excellent),Delhi NCR,306400.0,269200.0,2026-08-12,1,2026-08-23,260200.0,11
100014,Tata,Nexon,2018,99623,B (Good),Kolkata,348000.0,342800.0,2026-08-24,0,,,8
100015,Hyundai,Grand i10,2019,94109,B (Good),Delhi NCR,217300.0,208700.0,2026-07-21,1,2026-08-11,202800.0,21
100016,Honda,City,2021,69142,A (Excellent),Ahmedabad,546000.0,583000.0,2026-05-06,1,2026-06-12,559600.0,37
100017,Mahindra,XUV700,2023,47210,B (Good),Chennai,1145600.0,1227100.0,2026-07-24,1,2026-08-31,1166900.0,38
100018,Toyota,Glanza,2019,75501,B (Good),Kolkata,300300.0,313100.0,2026-06-12,1,2026-07-27,305800.0,45
100019,Maruti Suzuki,Baleno,2019,84525,B (Good),Bengaluru,274500.0,274800.0,2026-07-31,1,2026-08-25,272000.0,25
100020,Kia,Seltos,2024,12479,B (Good),Kolkata,909400.0,1006900.0,2026-07-14,1,2026-08-26,991200.0,43
100021,Mahindra,XUV300,2018,96846,C (Fair),Hyderabad,295700.0,246500.0,2026-05-12,1,2026-06-05,243700.0,24
100022,Hyundai,Creta,2021,61205,A (Excellent),Hyderabad,703600.0,702600.0,2026-06-04,1,2026-06-27,683300.0,23
100023,Mahindra,XUV300,2020,62956,B (Good),Mumbai,411700.0,360900.0,2026-08-02,1,2026-08-16,356800.0,14
100024,Hyundai,Venue,2021,70402,B (Good),Delhi NCR,420700.0,369900.0,2026-07-29,1,2026-08-19,348100.0,21
100025,Honda,City,2024,17142,B (Good),Chennai,708400.0,694100.0,2026-08-30,0,,,2
100026,Kia,Seltos,2022,50691,A (Excellent),Pune,781900.0,785400.0,2026-07-25,1,2026-08-30,745000.0,36
100027,Tata,Punch,2024,21262,A (Excellent),Bengaluru,507900.0,510500.0,2026-05-19,1,2026-06-04,498800.0,16
100028,Honda,Jazz,2023,21584,B (Good),Bengaluru,442100.0,460700.0,2026-05-29,1,2026-06-26,448000.0,28
100029,Honda,WR-V,2017,138821,C (Fair),Ahmedabad,250200.0,232800.0,2026-06-24,1,2026-07-20,219200.0,26
100030,Tata,Harrier,2023,32697,A (Excellent),Ahmedabad,1103900.0,1163100.0,2026-06-30,1,2026-07-31,1138000.0,31
100031,Maruti Suzuki,Ertiga,2021,57321,C (Fair),Kolkata,384000.0,466500.0,2026-06-17,1,2026-08-18,455500.0,62
100032,Kia,Sonet,2020,66705,B (Good),Ahmedabad,410000.0,441500.0,2026-08-22,0,,,10
100033,Hyundai,Grand i10,2020,67373,A (Excellent),Delhi NCR,265500.0,228500.0,2026-08-20,0,,,12
100034,Maruti Suzuki,Ertiga,2019,100977,B (Good),Hyderabad,336900.0,368300.0,2026-08-17,0,,,15
100035,Hyundai,Grand i10,2016,121831,A (Excellent),Chennai,171400.0,163000.0,2026-07-07,1,2026-08-10,158500.0,34
100036,Maruti Suzuki,Ertiga,2024,24014,B (Good),Pune,586200.0,626100.0,2026-06-23,1,2026-07-25,617900.0,32
100037,Tata,Punch,2022,48487,A (Excellent),Pune,408900.0,434200.0,2026-07-17,1,2026-08-19,429000.0,33
100038,Mahindra,XUV700,2019,79639,A (Excellent),Bengaluru,819600.0,726100.0,2026-07-25,1,2026-08-08,713200.0,14
100039,Maruti Suzuki,Baleno,2019,85660,B (Good),Bengaluru,274200.0,297600.0,2026-05-19,1,2026-06-24,290700.0,36
100040,Mahindra,XUV300,2021,73426,B (Good),Mumbai,447300.0,371900.0,2026-05-31,1,2026-06-06,355900.0,6
100041,Kia,Seltos,2019,74235,B (Good),Ahmedabad,532000.0,512500.0,2026-05-16,1,2026-06-16,494700.0,31
100042,Mahindra,Scorpio,2020,75136,B (Good),Hyderabad,634900.0,627700.0,2026-07-09,1,2026-08-16,599300.0,38
100043,Hyundai,Venue,2019,92521,C (Fair),Kolkata,306100.0,286800.0,2026-06-27,1,2026-07-27,276000.0,30
100044,Mahindra,Bolero,2023,36720,C (Fair),Chennai,442200.0,445500.0,2026-05-26,1,2026-06-24,434500.0,29
100045,Maruti Suzuki,Ertiga,2019,85630,B (Good),Pune,342700.0,378300.0,2026-05-11,1,2026-06-13,374300.0,33
100046,Toyota,Fortuner,2023,17283,B (Good),Bengaluru,2076800.0,2011100.0,2026-07-07,1,2026-07-26,1896100.0,19
100047,Maruti Suzuki,Ertiga,2023,35963,B (Good),Mumbai,526900.0,550300.0,2026-07-18,1,2026-08-16,525100.0,29
100048,Mahindra,Scorpio,2021,44826,A (Excellent),Pune,778200.0,820100.0,2026-06-30,1,2026-08-04,796700.0,35
100049,Honda,Jazz,2024,24434,B (Good),Mumbai,484400.0,479500.0,2026-06-19,1,2026-07-20,457400.0,31
100050,Maruti Suzuki,Baleno,2020,65944,B (Good),Hyderabad,307800.0,283500.0,2026-05-27,1,2026-06-07,276200.0,11
100051,Maruti Suzuki,Dzire,2023,38899,C (Fair),Kolkata,365600.0,391300.0,2026-08-22,0,,,10
100052,Mahindra,Bolero,2016,119411,C (Fair),Kolkata,208900.0,203600.0,2026-05-25,1,2026-06-23,197200.0,29
100053,Maruti Suzuki,Swift,2021,71489,A (Excellent),Kolkata,332800.0,339400.0,2026-06-29,1,2026-08-01,331700.0,33
100054,Mahindra,Bolero,2023,33495,A (Excellent),Mumbai,532500.0,455800.0,2026-05-19,1,2026-05-31,445700.0,12
100055,Maruti Suzuki,Baleno,2021,54631,B (Good),Mumbai,342300.0,378600.0,2026-06-27,1,2026-07-30,366500.0,33
100056,Mahindra,XUV300,2022,27129,B (Good),Chennai,516100.0,485700.0,2026-08-15,0,,,17
100057,Maruti Suzuki,Baleno,2022,53488,B (Good),Mumbai,376600.0,385100.0,2026-06-27,1,2026-07-22,370700.0,25
100058,Mahindra,Scorpio,2022,34372,B (Good),Bengaluru,800400.0,796400.0,2026-08-07,1,2026-08-20,771700.0,13
100059,Hyundai,i20,2021,69647,B (Good),Mumbai,348100.0,359600.0,2026-08-10,0,,,22
100060,Hyundai,Venue,2024,27742,B (Good),Mumbai,583900.0,584700.0,2026-08-21,0,,,11
100061,Maruti Suzuki,Swift,2020,67527,C (Fair),Delhi NCR,253500.0,298300.0,2026-08-27,0,,,5
100062,Mahindra,XUV300,2022,38191,B (Good),Delhi NCR,510300.0,512200.0,2026-06-03,1,2026-07-02,486200.0,29
100063,Maruti Suzuki,Baleno,2023,31037,B (Good),Bengaluru,423700.0,456100.0,2026-05-17,1,2026-06-07,440400.0,21
100064,Tata,Harrier,2024,14641,A (Excellent),Ahmedabad,1235700.0,1051200.0,2026-07-24,1,2026-08-13,999200.0,20
100065,Hyundai,Grand i10,2019,83617,B (Good),Delhi NCR,219800.0,240700.0,2026-07-03,1,2026-08-05,227300.0,33
100066,Tata,Punch,2022,59835,B (Good),Pune,374100.0,440900.0,2026-06-25,1,2026-08-13,422300.0,49
100067,Kia,Seltos,2024,13522,A (Excellent),Pune,981100.0,940700.0,2026-08-12,0,,,20
100068,Maruti Suzuki,Swift,2017,87977,C (Fair),Ahmedabad,186800.0,198300.0,2026-05-14,1,2026-06-21,186500.0,38
100069,Kia,Sonet,2018,103262,B (Good),Delhi NCR,326200.0,334600.0,2026-07-06,1,2026-08-11,328600.0,36
100070,Maruti Suzuki,Baleno,2020,74238,A (Excellent),Ahmedabad,329400.0,248200.0,2026-08-21,0,,,11
100071,Tata,Tiago,2020,78113,B (Good),Chennai,243000.0,224200.0,2026-08-24,0,,,8
100072,Kia,Seltos,2022,67119,B (Good),Ahmedabad,711400.0,672700.0,2026-08-10,0,,,22
100073,Maruti Suzuki,WagonR,2023,36715,A (Excellent),Delhi NCR,341200.0,364600.0,2026-05-25,1,2026-06-25,346100.0,31
100074,Maruti Suzuki,Baleno,2024,30561,B (Good),Kolkata,465800.0,394200.0,2026-07-07,1,2026-07-17,376500.0,10
100075,Toyota,Glanza,2022,39935,B (Good),Ahmedabad,413800.0,444700.0,2026-05-16,1,2026-06-10,431900.0,25
100076,Maruti Suzuki,Dzire,2022,41001,B (Good),Pune,368900.0,355600.0,2026-06-24,1,2026-07-31,352000.0,37
100077,Toyota,Innova,2019,83741,B (Good),Chennai,732600.0,776000.0,2026-07-04,1,2026-08-02,758800.0,29
100078,Maruti Suzuki,Ertiga,2018,106295,A (Excellent),Ahmedabad,329200.0,316000.0,2026-08-30,0,,,2
100079,Tata,Tiago,2021,56211,A (Excellent),Pune,295200.0,264000.0,2026-07-12,1,2026-07-30,251900.0,18
100080,Honda,Amaze,2022,67566,A (Excellent),Hyderabad,400700.0,405300.0,2026-05-14,1,2026-06-06,397000.0,23
100081,Maruti Suzuki,Baleno,2023,37636,B (Good),Delhi NCR,420800.0,481100.0,2026-05-12,1,2026-06-09,474500.0,28
100082,Tata,Harrier,2024,44309,B (Good),Delhi NCR,1109700.0,1162000.0,2026-05-30,1,2026-06-21,1127400.0,22
100083,Maruti Suzuki,WagonR,2021,65286,C (Fair),Bengaluru,228400.0,196500.0,2026-05-14,1,2026-05-17,190400.0,3
100084,Maruti Suzuki,Dzire,2018,95946,B (Good),Kolkata,238400.0,210100.0,2026-07-29,1,2026-08-30,199800.0,32
100085,Maruti Suzuki,Swift,2018,90414,C (Fair),Delhi NCR,204700.0,225200.0,2026-06-29,1,2026-07-29,213700.0,30
100086,Hyundai,Verna,2020,82797,B (Good),Chennai,478500.0,464300.0,2026-08-24,0,,,8
100087,Toyota,Glanza,2021,51143,B (Good),Delhi NCR,372200.0,413900.0,2026-08-13,1,2026-08-30,392900.0,17
100088,Mahindra,Bolero,2023,40110,B (Good),Delhi NCR,489600.0,476700.0,2026-08-28,0,,,4
100089,Maruti Suzuki,Dzire,2021,70172,B (Good),Delhi NCR,325400.0,310100.0,2026-06-15,1,2026-07-09,295200.0,24
100090,Maruti Suzuki,Dzire,2024,10453,A (Excellent),Bengaluru,496400.0,456100.0,2026-05-17,1,2026-05-26,447400.0,9
100091,Hyundai,Creta,2023,50117,B (Good),Ahmedabad,796000.0,850200.0,2026-07-14,1,2026-08-12,822700.0,29
100092,Hyundai,Grand i10,2019,85331,C (Fair),Ahmedabad,197500.0,180100.0,2026-08-29,0,,,3
100093,Hyundai,Creta,2022,58768,A (Excellent),Chennai,775200.0,705400.0,2026-08-16,0,,,16
100094,Mahindra,Scorpio,2019,85566,A (Excellent),Delhi NCR,616900.0,562600.0,2026-06-07,1,2026-06-26,531800.0,19
100095,Maruti Suzuki,Dzire,2024,3374,C (Fair),Kolkata,416600.0,443300.0,2026-07-04,1,2026-08-04,429400.0,31
100096,Mahindra,XUV300,2020,67001,A (Excellent),Mumbai,442700.0,443700.0,2026-05-15,1,2026-06-09,433100.0,25
100097,Honda,Amaze,2021,69660,B (Good),Chennai,336900.0,335300.0,2026-07-30,1,2026-08-23,324300.0,24
100098,Maruti Suzuki,WagonR,2017,128480,B (Good),Bengaluru,162300.0,160900.0,2026-07-21,1,2026-07-31,154600.0,10
100099,Honda,WR-V,2021,57193,A (Excellent),Mumbai,479300.0,466000.0,2026-05-27,1,2026-06-17,460500.0,21
100100,Mahindra,XUV300,2021,61421,C (Fair),Kolkata,407800.0,358800.0,2026-06-06,1,2026-07-09,348700.0,33
100101,Kia,Sonet,2021,65512,A (Excellent),Bengaluru,487200.0,493600.0,2026-08-26,0,,,6
100102,Tata,Nexon,2018,102547,A (Excellent),Pune,374700.0,379200.0,2026-08-18,0,,,14
100103,Hyundai,Verna,2021,64925,C (Fair),Ahmedabad,482500.0,541400.0,2026-06-16,1,2026-07-11,526500.0,25
100104,Hyundai,Grand i10,2018,97777,B (Good),Ahmedabad,196900.0,188500.0,2026-05-28,1,2026-07-05,182200.0,38
100105,Honda,City,2022,32763,C (Fair),Bengaluru,519500.0,509300.0,2026-07-08,1,2026-08-05,504000.0,28
100106,Maruti Suzuki,Ertiga,2021,55861,B (Good),Delhi NCR,427300.0,481500.0,2026-07-15,1,2026-08-05,454800.0,21
100107,Hyundai,Grand i10,2023,40542,A (Excellent),Mumbai,362500.0,301700.0,2026-05-22,1,2026-06-06,294400.0,15
100108,Tata,Nexon,2024,16372,C (Fair),Pune,602600.0,587700.0,2026-05-11,1,2026-06-13,566100.0,33
100109,Honda,City,2023,34288,A (Excellent),Kolkata,684000.0,694300.0,2026-06-20,1,2026-07-29,670400.0,39
100110,Maruti Suzuki,Baleno,2020,75748,B (Good),Ahmedabad,304500.0,318500.0,2026-06-10,1,2026-07-24,301800.0,44
100111,Mahindra,Scorpio,2022,43434,B (Good),Delhi NCR,792900.0,903400.0,2026-08-21,0,,,11
100112,Mahindra,Bolero,2019,79162,C (Fair),Bengaluru,289900.0,289100.0,2026-06-27,1,2026-07-23,273000.0,26
100113,Hyundai,Venue,2023,44668,B (Good),Chennai,522100.0,564800.0,2026-06-25,1,2026-07-31,549600.0,36
100114,Tata,Harrier,2019,85920,B (Good),Delhi NCR,662300.0,680600.0,2026-07-23,1,2026-08-16,647800.0,24
100115,Kia,Carens,2022,45850,A (Excellent),Pune,717500.0,693600.0,2026-06-04,1,2026-06-26,657600.0,22
100116,Mahindra,Scorpio,2023,29743,A (Excellent),Mumbai,954500.0,901700.0,2026-08-01,1,2026-08-24,876200.0,23
100117,Tata,Altroz,2018,96719,A (Excellent),Ahmedabad,275000.0,288400.0,2026-07-22,1,2026-08-27,280200.0,36
100118,Kia,Seltos,2023,40149,C (Fair),Kolkata,724000.0,683200.0,2026-06-23,1,2026-07-21,654100.0,28
100119,Honda,Jazz,2023,37397,C (Fair),Ahmedabad,391400.0,404400.0,2026-08-29,0,,,3
100120,Maruti Suzuki,Dzire,2019,89426,A (Excellent),Delhi NCR,285000.0,283800.0,2026-06-10,1,2026-07-06,269900.0,26
100121,Maruti Suzuki,WagonR,2022,43983,A (Excellent),Delhi NCR,308100.0,320100.0,2026-05-21,1,2026-06-17,316300.0,27
100122,Toyota,Innova,2024,31183,A (Excellent),Pune,1340600.0,1315700.0,2026-06-07,1,2026-07-07,1273800.0,30
100123,Tata,Altroz,2024,21696,A (Excellent),Delhi NCR,524600.0,601400.0,2026-08-29,0,,,3
100124,Mahindra,XUV700,2016,121572,B (Good),Delhi NCR,545800.0,580600.0,2026-06-26,1,2026-07-15,552400.0,19
100125,Maruti Suzuki,Ertiga,2019,88849,B (Good),Mumbai,341500.0,401800.0,2026-07-15,1,2026-08-18,397300.0,34
100126,Toyota,Glanza,2022,50977,A (Excellent),Chennai,441800.0,460800.0,2026-08-19,0,,,13
100127,Tata,Tiago,2023,39493,B (Good),Kolkata,336000.0,366900.0,2026-08-22,0,,,10
100128,Mahindra,Scorpio,2020,73563,B (Good),Bengaluru,635900.0,575100.0,2026-08-17,0,,,15
100129,Mahindra,XUV300,2024,25062,A (Excellent),Kolkata,674600.0,697100.0,2026-05-11,1,2026-06-16,677100.0,36
100130,Toyota,Glanza,2023,46539,B (Good),Mumbai,451600.0,459700.0,2026-06-22,1,2026-07-29,447000.0,37
100131,Tata,Altroz,2019,80317,C (Fair),Hyderabad,256500.0,269600.0,2026-07-11,1,2026-08-13,254000.0,33
100132,Maruti Suzuki,Baleno,2022,52047,B (Good),Hyderabad,377200.0,309400.0,2026-08-23,0,,,9
100133,Maruti Suzuki,Swift,2023,27817,A (Excellent),Pune,420800.0,456200.0,2026-07-12,1,2026-08-21,436700.0,40
100134,Hyundai,Grand i10,2021,67618,B (Good),Bengaluru,270100.0,341700.0,2026-05-20,1,2026-06-25,336600.0,36
100135,Hyundai,Creta,2024,38246,A (Excellent),Pune,956600.0,1002400.0,2026-06-17,1,2026-07-12,979000.0,25
100136,Maruti Suzuki,WagonR,2024,19597,C (Fair),Ahmedabad,318000.0,298700.0,2026-07-10,1,2026-08-03,282300.0,24
100137,Hyundai,i20,2022,46863,A (Excellent),Delhi NCR,423200.0,437500.0,2026-08-01,1,2026-08-26,425600.0,25
100138,Hyundai,Grand i10,2018,95624,A (Excellent),Mumbai,213200.0,222400.0,2026-07-09,1,2026-07-26,216500.0,17
100139,Maruti Suzuki,Ertiga,2019,78737,B (Good),Delhi NCR,345300.0,322200.0,2026-07-17,1,2026-07-29,312600.0,12
100140,Hyundai,Grand i10,2021,63055,B (Good),Ahmedabad,271400.0,281900.0,2026-08-27,0,,,5
100141,Kia,Seltos,2021,78462,C (Fair),Pune,575600.0,511500.0,2026-08-10,0,,,22
100142,Maruti Suzuki,Swift,2021,67330,B (Good),Ahmedabad,309600.0,319200.0,2026-06-29,1,2026-07-21,302100.0,22
100143,Maruti Suzuki,WagonR,2023,38343,A (Excellent),Ahmedabad,340600.0,328500.0,2026-06-06,1,2026-07-03,311300.0,27
100144,Maruti Suzuki,Baleno,2022,47586,A (Excellent),Bengaluru,409300.0,416500.0,2026-06-25,1,2026-07-25,392200.0,30
100145,Kia,Sonet,2024,26460,B (Good),Ahmedabad,623700.0,562500.0,2026-06-15,1,2026-07-20,531800.0,35
100146,Honda,Amaze,2022,54419,C (Fair),Pune,338600.0,326500.0,2026-06-05,1,2026-07-04,321200.0,29
100147,Hyundai,Grand i10,2022,59481,C (Fair),Bengaluru,269400.0,260600.0,2026-05-20,1,2026-06-15,249900.0,26
100148,Hyundai,i20,2020,82704,B (Good),Mumbai,312300.0,356900.0,2026-08-03,0,,,29
100149,Hyundai,Grand i10,2016,102772,B (Good),Kolkata,162200.0,178100.0,2026-07-07,1,2026-08-27,170800.0,51
100150,Mahindra,XUV700,2023,22954,B (Good),Mumbai,1174800.0,1192900.0,2026-06-07,1,2026-07-08,1178300.0,31
100151,Maruti Suzuki,Dzire,2016,124603,B (Good),Hyderabad,191200.0,193400.0,2026-07-17,1,2026-08-16,183700.0,30
100152,Tata,Altroz,2017,94456,A (Excellent),Mumbai,250900.0,248700.0,2026-06-23,1,2026-07-19,234900.0,26
100153,Toyota,Fortuner,2019,90157,B (Good),Delhi NCR,1318500.0,1192900.0,2026-05-21,1,2026-06-09,1169000.0,19
100154,Maruti Suzuki,Swift,2022,59179,B (Good),Kolkata,343100.0,340800.0,2026-08-31,0,,,1
100155,Honda,City,2024,24547,A (Excellent),Delhi NCR,759300.0,686900.0,2026-07-20,1,2026-08-11,676800.0,22
100156,Toyota,Innova,2019,78252,C (Fair),Hyderabad,663300.0,716700.0,2026-06-01,1,2026-07-10,679100.0,39
100157,Hyundai,Verna,2018,100558,B (Good),Bengaluru,388600.0,474900.0,2026-08-10,0,,,22
100158,Hyundai,Venue,2022,35704,B (Good),Pune,479600.0,491200.0,2026-06-12,1,2026-07-17,472600.0,35
100159,Tata,Nexon,2022,35603,C (Fair),Hyderabad,489200.0,506400.0,2026-07-22,1,2026-08-28,499000.0,37
100160,Toyota,Innova,2024,19346,A (Excellent),Delhi NCR,1357000.0,1233100.0,2026-05-25,1,2026-06-07,1200400.0,13
100161,Maruti Suzuki,Ertiga,2019,100639,B (Good),Mumbai,337100.0,276600.0,2026-07-23,1,2026-08-10,269300.0,18
100162,Kia,Sonet,2020,71901,B (Good),Chennai,407700.0,411900.0,2026-08-11,0,,,21
100163,Honda,City,2018,96608,B (Good),Chennai,369700.0,422400.0,2026-07-21,1,2026-08-29,411100.0,39
100164,Mahindra,XUV700,2020,65973,B (Good),Hyderabad,846300.0,906400.0,2026-06-03,1,2026-06-30,857800.0,27
100165,Mahindra,Scorpio,2018,97802,A (Excellent),Hyderabad,553900.0,500500.0,2026-07-20,1,2026-08-05,472700.0,16
100166,Kia,Seltos,2021,55594,C (Fair),Bengaluru,589900.0,633000.0,2026-07-03,1,2026-08-04,626400.0,32
100167,Mahindra,Scorpio,2021,60250,B (Good),Chennai,708900.0,680900.0,2026-05-19,1,2026-06-23,669600.0,35
100168,Mahindra,XUV700,2019,79629,A (Excellent),Mumbai,819600.0,892000.0,2026-05-07,1,2026-06-01,867000.0,25
100169,Mahindra,XUV300,2021,70504,B (Good),Ahmedabad,448700.0,548300.0,2026-06-01,1,2026-07-18,520200.0,47
100170,Tata,Nexon,2023,29603,B (Good),Hyderabad,601100.0,620100.0,2026-07-11,1,2026-08-12,592600.0,32
100171,Tata,Punch,2019,84431,C (Fair),Kolkata,247100.0,259100.0,2026-06-15,1,2026-07-16,245500.0,31
100172,Maruti Suzuki,Dzire,2019,83367,B (Good),Ahmedabad,265700.0,230300.0,2026-08-17,0,,,15
100173,Hyundai,Venue,2018,92712,B (Good),Delhi NCR,309400.0,313900.0,2026-05-27,1,2026-06-21,304700.0,25
100174,Hyundai,Grand i10,2022,51764,B (Good),Ahmedabad,301800.0,321700.0,2026-07-19,1,2026-08-17,309000.0,29
100175,Mahindra,XUV300,2020,70201,C (Fair),Ahmedabad,367600.0,348600.0,2026-08-29,0,,,3
100176,Hyundai,Creta,2022,51660,B (Good),Bengaluru,723200.0,645500.0,2026-06-27,1,2026-07-08,621500.0,11
100177,Mahindra,Bolero,2018,95752,A (Excellent),Bengaluru,310900.0,343600.0,2026-07-06,1,2026-07-29,329400.0,23
100178,Hyundai,Creta,2023,30647,B (Good),Hyderabad,812400.0,888400.0,2026-05-13,1,2026-06-14,846300.0,32
100179,Toyota,Glanza,2021,56961,B (Good),Chennai,369900.0,413200.0,2026-08-24,0,,,8
100180,Tata,Altroz,2017,107759,A (Excellent),Kolkata,247200.0,253000.0,2026-08-23,0,,,9
100181,Maruti Suzuki,Swift,2024,20361,B (Good),Bengaluru,431500.0,440600.0,2026-05-08,1,2026-06-01,435000.0,24
100182,Toyota,Glanza,2018,98260,B (Good),Kolkata,266500.0,249600.0,2026-07-01,1,2026-07-26,245800.0,25
100183,Toyota,Innova,2024,22842,B (Good),Mumbai,1252000.0,1283700.0,2026-05-31,1,2026-06-22,1248000.0,22
100184,Tata,Punch,2020,71415,A (Excellent),Pune,330400.0,298700.0,2026-05-27,1,2026-06-28,290600.0,32
100185,Maruti Suzuki,Swift,2024,28062,A (Excellent),Delhi NCR,462300.0,498100.0,2026-07-16,1,2026-07-31,472300.0,15
100186,Hyundai,Grand i10,2018,97683,B (Good),Mumbai,197000.0,194000.0,2026-05-19,1,2026-06-06,184900.0,18
100187,Tata,Harrier,2023,45083,B (Good),Kolkata,1009000.0,1042800.0,2026-08-10,0,,,22
100188,Maruti Suzuki,Dzire,2019,97839,A (Excellent),Pune,282400.0,290000.0,2026-08-06,0,,,26
100189,Tata,Tiago,2023,40623,B (Good),Pune,335600.0,355500.0,2026-08-19,0,,,13
100190,Maruti Suzuki,WagonR,2022,43020,B (Good),Kolkata,285600.0,297900.0,2026-05-19,1,2026-06-29,284100.0,41
100191,Maruti Suzuki,Baleno,2022,54156,B (Good),Pune,376300.0,400700.0,2026-08-09,0,,,23
100192,Hyundai,Verna,2021,69575,C (Fair),Hyderabad,480100.0,483600.0,2026-05-09,1,2026-06-01,463500.0,23
100193,Hyundai,Venue,2023,41186,B (Good),Mumbai,524000.0,605500.0,2026-05-18,1,2026-06-20,587100.0,33
100194,Hyundai,Verna,2016,116848,B (Good),Delhi NCR,315900.0,304200.0,2026-06-16,1,2026-07-05,287000.0,19
100195,Tata,Tiago,2022,68465,B (Good),Bengaluru,296500.0,339400.0,2026-08-29,0,,,3
100196,Hyundai,Venue,2017,116927,B (Good),Ahmedabad,274100.0,258100.0,2026-07-18,1,2026-08-16,244200.0,29
100197,Toyota,Innova,2017,118452,A (Excellent),Mumbai,630400.0,665400.0,2026-06-05,1,2026-07-09,635500.0,34
100198,Maruti Suzuki,WagonR,2021,64360,C (Fair),Hyderabad,228700.0,209300.0,2026-06-23,1,2026-07-22,198600.0,29
100199,Hyundai,Creta,2018,80501,B (Good),Chennai,480900.0,458000.0,2026-07-01,1,2026-08-02,437400.0,32
100200,Kia,Sonet,2023,31332,B (Good),Hyderabad,564700.0,498600.0,2026-07-05,1,2026-07-24,472000.0,19
100201,Maruti Suzuki,Baleno,2024,35123,B (Good),Hyderabad,463600.0,438500.0,2026-06-20,1,2026-07-17,415100.0,27
100202,Toyota,Innova,2024,16188,A (Excellent),Hyderabad,1361400.0,1252000.0,2026-05-23,1,2026-06-08,1193700.0,16
100203,Maruti Suzuki,WagonR,2016,104507,A (Excellent),Bengaluru,163900.0,135200.0,2026-07-25,1,2026-08-13,132300.0,19
100204,Maruti Suzuki,Baleno,2023,27495,C (Fair),Pune,382700.0,387400.0,2026-08-01,1,2026-08-30,378400.0,29
100205,Kia,Sonet,2018,91167,B (Good),Pune,330600.0,291000.0,2026-05-08,1,2026-06-13,282400.0,36
100206,Hyundai,i20,2016,115141,A (Excellent),Chennai,223100.0,255800.0,2026-08-18,0,,,14
100207,Mahindra,Scorpio,2021,81305,B (Good),Delhi NCR,693000.0,641400.0,2026-07-08,1,2026-07-28,618400.0,20
100208,Maruti Suzuki,Baleno,2022,46393,C (Fair),Mumbai,341500.0,337100.0,2026-08-24,0,,,8
100209,Tata,Tiago,2020,88459,C (Fair),Mumbai,216200.0,204000.0,2026-08-01,1,2026-08-27,193500.0,26
100210,Hyundai,Grand i10,2021,62584,C (Fair),Hyderabad,244400.0,238800.0,2026-06-26,1,2026-08-01,231100.0,36
100211,Maruti Suzuki,Dzire,2024,27038,B (Good),Hyderabad,451900.0,430800.0,2026-07-09,1,2026-08-10,413500.0,32
100212,Maruti Suzuki,Ertiga,2024,24906,A (Excellent),Hyderabad,632500.0,550600.0,2026-07-25,1,2026-08-09,535300.0,15
100213,Maruti Suzuki,Baleno,2018,103474,B (Good),Hyderabad,244600.0,253000.0,2026-07-19,1,2026-08-11,249200.0,23
100214,Maruti Suzuki,Swift,2022,47247,B (Good),Kolkata,347500.0,337400.0,2026-06-19,1,2026-07-20,318600.0,31
100215,Mahindra,XUV700,2023,26694,B (Good),Delhi NCR,1170300.0,1198200.0,2026-06-13,1,2026-07-08,1164400.0,25
100216,Maruti Suzuki,Baleno,2021,69499,B (Good),Bengaluru,336900.0,415400.0,2026-05-08,1,2026-06-09,397500.0,32
100217,Hyundai,Creta,2018,85942,B (Good),Delhi NCR,478000.0,534700.0,2026-07-08,1,2026-08-06,512200.0,29
100218,Tata,Altroz,2024,11008,A (Excellent),Bengaluru,530300.0,538000.0,2026-08-15,0,,,17
100219,Hyundai,Creta,2023,33065,B (Good),Kolkata,810300.0,925700.0,2026-05-28,1,2026-07-16,909200.0,49
100220,Hyundai,i20,2018,86567,B (Good),Hyderabad,257500.0,285100.0,2026-06-15,1,2026-07-14,282100.0,29
100221,Maruti Suzuki,Dzire,2022,52030,B (Good),Chennai,364600.0,345100.0,2026-06-02,1,2026-06-28,331400.0,26
100222,Toyota,Innova,2023,41077,A (Excellent),Delhi NCR,1207500.0,1328100.0,2026-07-17,1,2026-08-13,1263500.0,27
100223,Hyundai,Venue,2021,50890,C (Fair),Mumbai,386600.0,368000.0,2026-06-04,1,2026-06-27,362800.0,23
100224,Hyundai,i20,2020,73567,C (Fair),Hyderabad,283900.0,292000.0,2026-06-26,1,2026-07-25,283600.0,29
100225,Tata,Altroz,2024,25234,A (Excellent),Chennai,522700.0,442700.0,2026-05-25,1,2026-06-17,417800.0,23
100226,Maruti Suzuki,Swift,2016,127602,C (Fair),Ahmedabad,162600.0,187700.0,2026-05-24,1,2026-07-10,179100.0,47
100227,Hyundai,Venue,2024,42023,C (Fair),Ahmedabad,517800.0,460700.0,2026-08-05,0,,,27
100228,Tata,Harrier,2017,110121,C (Fair),Kolkata,480600.0,508300.0,2026-05-15,1,2026-06-20,489600.0,36
100229,Maruti Suzuki,Dzire,2024,25928,B (Good),Kolkata,452400.0,449300.0,2026-05-30,1,2026-07-07,436700.0,38
100230,Honda,WR-V,2017,105947,B (Good),Bengaluru,288600.0,226200.0,2026-05-06,1,2026-05-16,215600.0,10
100231,Hyundai,i20,2016,106000,A (Excellent),Chennai,225400.0,221000.0,2026-08-08,1,2026-08-25,214500.0,17
100232,Hyundai,i20,2021,57526,C (Fair),Delhi NCR,317400.0,295900.0,2026-08-26,0,,,6
100233,Hyundai,Verna,2019,73256,C (Fair),Pune,396000.0,399700.0,2026-05-19,1,2026-06-05,385500.0,17
100234,Honda,Jazz,2021,71844,C (Fair),Pune,312500.0,292600.0,2026-07-26,1,2026-08-24,287100.0,29
100235,Kia,Sonet,2023,48250,C (Fair),Chennai,499400.0,505900.0,2026-06-11,1,2026-07-09,478400.0,28
100236,Hyundai,Grand i10,2020,70310,B (Good),Delhi NCR,245100.0,223300.0,2026-06-03,1,2026-06-12,214500.0,9
100237,Honda,Amaze,2020,64830,B (Good),Bengaluru,308100.0,276500.0,2026-08-18,0,,,14
100238,Maruti Suzuki,Dzire,2023,36466,A (Excellent),Delhi NCR,439800.0,410300.0,2026-07-09,1,2026-07-31,387500.0,22
100239,Hyundai,Verna,2018,111207,B (Good),Ahmedabad,384000.0,430100.0,2026-08-23,0,,,9
100240,Hyundai,Venue,2021,50450,B (Good),Bengaluru,429800.0,465300.0,2026-07-17,1,2026-08-05,447900.0,19
100241,Tata,Nexon,2021,63719,B (Good),Kolkata,480300.0,476900.0,2026-06-30,1,2026-08-01,460500.0,32
100242,Maruti Suzuki,WagonR,2016,121821,B (Good),Mumbai,148800.0,120500.0,2026-07-14,1,2026-07-26,115100.0,12
100243,Honda,City,2021,58326,C (Fair),Kolkata,460300.0,459200.0,2026-06-11,1,2026-07-17,434900.0,36
100244,Tata,Altroz,2021,45861,B (Good),Pune,357000.0,310400.0,2026-05-16,1,2026-05-26,293500.0,10
100245,Kia,Seltos,2021,57160,B (Good),Bengaluru,654300.0,563600.0,2026-07-22,1,2026-07-29,545100.0,7
100246,Maruti Suzuki,Swift,2021,55870,C (Fair),Mumbai,282000.0,264900.0,2026-08-08,1,2026-08-24,249700.0,16
100247,Hyundai,Grand i10,2019,77012,C (Fair),Hyderabad,199300.0,216500.0,2026-08-15,0,,,17
100248,Tata,Punch,2021,62334,B (Good),Bengaluru,339500.0,367000.0,2026-08-14,0,,,18
100249,Mahindra,XUV300,2021,57703,A (Excellent),Kolkata,491300.0,564900.0,2026-07-20,0,,,43
100250,Tata,Harrier,2023,30571,B (Good),Delhi NCR,1024400.0,1031300.0,2026-05-07,1,2026-05-30,994400.0,23
100251,Mahindra,Bolero,2020,62619,B (Good),Mumbai,360300.0,381100.0,2026-07-17,1,2026-08-11,368000.0,25
100252,Tata,Punch,2023,35147,B (Good),Ahmedabad,421900.0,458100.0,2026-05-10,1,2026-06-20,435200.0,41
100253,Maruti Suzuki,WagonR,2016,131935,B (Good),Delhi NCR,147100.0,145300.0,2026-07-02,1,2026-07-31,141100.0,29
100254,Kia,Sonet,2021,68992,B (Good),Bengaluru,449500.0,487800.0,2026-05-26,1,2026-07-01,466700.0,36
100255,Toyota,Fortuner,2024,34465,A (Excellent),Mumbai,2421700.0,2394700.0,2026-06-17,1,2026-07-10,2259300.0,23
100256,Maruti Suzuki,Ertiga,2023,37444,B (Good),Ahmedabad,526100.0,533000.0,2026-08-22,0,,,10
100257,Hyundai,Venue,2020,64945,A (Excellent),Hyderabad,415900.0,480500.0,2026-08-31,0,,,1
100258,Maruti Suzuki,Baleno,2017,119640,B (Good),Hyderabad,218600.0,218600.0,2026-06-13,1,2026-07-13,207800.0,30
100259,Mahindra,Bolero,2023,29955,C (Fair),Chennai,445300.0,491500.0,2026-06-27,1,2026-08-05,467400.0,39
100260,Maruti Suzuki,Dzire,2020,65162,C (Fair),Ahmedabad,268000.0,276100.0,2026-05-26,1,2026-06-29,267100.0,34
100261,Honda,Amaze,2019,92718,B (Good),Hyderabad,272000.0,245500.0,2026-06-25,1,2026-07-10,232200.0,15
100262,Mahindra,XUV700,2019,69333,A (Excellent),Bengaluru,828800.0,826700.0,2026-07-15,1,2026-08-01,781300.0,17
100263,Maruti Suzuki,Ertiga,2016,127487,A (Excellent),Chennai,266100.0,270700.0,2026-07-07,1,2026-08-13,259100.0,37
100264,Kia,Seltos,2024,22644,B (Good),Bengaluru,900100.0,912200.0,2026-05-17,1,2026-06-16,877200.0,30
100265,Mahindra,XUV700,2024,18690,B (Good),Delhi NCR,1296600.0,1289000.0,2026-07-16,1,2026-08-20,1252400.0,35
100266,Honda,Amaze,2018,100400,A (Excellent),Kolkata,265100.0,256500.0,2026-08-19,0,,,13
100267,Toyota,Innova,2016,128467,B (Good),Kolkata,525100.0,571600.0,2026-07-06,1,2026-08-14,540500.0,39
100268,Honda,Jazz,2020,81880,C (Fair),Kolkata,281300.0,273200.0,2026-06-06,1,2026-07-14,265700.0,38
100269,Mahindra,Bolero,2022,45397,A (Excellent),Kolkata,478600.0,484500.0,2026-07-07,1,2026-08-09,469500.0,33
100270,Maruti Suzuki,Dzire,2020,58049,C (Fair),Chennai,270000.0,272900.0,2026-05-24,1,2026-06-26,266200.0,33
100271,Kia,Carens,2021,58534,B (Good),Delhi NCR,596500.0,582900.0,2026-06-06,1,2026-07-01,573500.0,25
100272,Maruti Suzuki,Baleno,2022,56428,B (Good),Kolkata,375400.0,351000.0,2026-07-17,1,2026-08-11,336400.0,25
100273,Maruti Suzuki,Ertiga,2020,73086,B (Good),Ahmedabad,381800.0,339200.0,2026-08-31,0,,,1
100274,Hyundai,Grand i10,2021,62846,B (Good),Kolkata,271500.0,290200.0,2026-07-08,1,2026-08-21,278600.0,44
100275,Hyundai,Venue,2023,41415,C (Fair),Bengaluru,471500.0,542500.0,2026-07-06,1,2026-08-05,511500.0,30
100276,Kia,Seltos,2019,101011,B (Good),Kolkata,516600.0,536800.0,2026-08-05,0,,,27
100277,Maruti Suzuki,Baleno,2024,18799,C (Fair),Mumbai,424300.0,381900.0,2026-05-27,1,2026-06-18,371100.0,22
100278,Hyundai,Grand i10,2022,57945,B (Good),Ahmedabad,299900.0,275600.0,2026-08-14,0,,,18
100279,Maruti Suzuki,WagonR,2019,85214,A (Excellent),Delhi NCR,222200.0,222900.0,2026-08-03,1,2026-08-31,215100.0,28
100280,Honda,City,2022,37539,B (Good),Mumbai,574400.0,584300.0,2026-08-07,0,,,25
100281,Maruti Suzuki,Swift,2018,86142,C (Fair),Bengaluru,205700.0,197800.0,2026-05-09,1,2026-06-02,187800.0,24
100282,Kia,Carens,2024,11215,B (Good),Mumbai,831400.0,866000.0,2026-08-30,0,,,2
100283,Maruti Suzuki,WagonR,2023,31419,C (Fair),Bengaluru,285900.0,264300.0,2026-05-10,1,2026-06-07,261300.0,28
100284,Hyundai,Creta,2021,52308,B (Good),Ahmedabad,657700.0,706900.0,2026-06-21,1,2026-08-01,694000.0,41
100285,Toyota,Fortuner,2023,39338,A (Excellent),Bengaluru,2192600.0,2366700.0,2026-06-06,1,2026-06-30,2236000.0,24
100286,Hyundai,i20,2020,99967,B (Good),Mumbai,306400.0,266100.0,2026-05-14,1,2026-06-10,262800.0,27
100287,Tata,Nexon,2023,31196,A (Excellent),Hyderabad,648100.0,540800.0,2026-05-23,1,2026-06-19,532700.0,27
100288,Mahindra,XUV700,2017,95789,A (Excellent),Bengaluru,666800.0,668700.0,2026-07-11,1,2026-07-27,652700.0,16
100289,Tata,Harrier,2021,65667,B (Good),Mumbai,817600.0,801500.0,2026-05-16,1,2026-06-03,787300.0,18
100290,Hyundai,Grand i10,2023,36900,A (Excellent),Kolkata,363800.0,396000.0,2026-05-22,1,2026-06-29,376400.0,38
100291,Maruti Suzuki,WagonR,2020,63790,C (Fair),Delhi NCR,208200.0,231900.0,2026-05-24,1,2026-06-21,221900.0,28
100292,Honda,WR-V,2020,72505,B (Good),Pune,397300.0,444100.0,2026-08-27,0,,,5
100293,Maruti Suzuki,Swift,2016,106667,B (Good),Chennai,185000.0,207800.0,2026-08-08,0,,,24
100294,Maruti Suzuki,Ertiga,2020,77434,B (Good),Pune,380000.0,340700.0,2026-05-17,1,2026-06-12,334200.0,26
100295,Hyundai,Venue,2018,107174,B (Good),Mumbai,304500.0,323800.0,2026-06-28,1,2026-07-23,306800.0,25
100296,Hyundai,Creta,2023,39842,B (Good),Mumbai,804600.0,763400.0,2026-07-19,1,2026-08-09,753800.0,21
100297,Honda,Jazz,2023,54403,A (Excellent),Delhi NCR,461400.0,426200.0,2026-05-08,1,2026-05-31,410200.0,23
100298,Maruti Suzuki,Dzire,2023,32657,A (Excellent),Delhi NCR,441600.0,479000.0,2026-07-23,1,2026-08-17,473700.0,25
100299,Mahindra,Bolero,2023,27198,B (Good),Pune,496200.0,496000.0,2026-07-17,1,2026-08-19,470300.0,33
100300,Toyota,Fortuner,2016,116806,B (Good),Delhi NCR,964500.0,990500.0,2026-08-04,1,2026-08-29,966000.0,25
100301,Mahindra,XUV300,2021,63638,B (Good),Pune,452000.0,526100.0,2026-05-21,1,2026-06-30,499200.0,40
100302,Mahindra,Bolero,2024,27364,C (Fair),Ahmedabad,490700.0,477300.0,2026-05-20,1,2026-06-13,464700.0,24
100303,Mahindra,Bolero,2020,63903,C (Fair),Bengaluru,323900.0,325900.0,2026-07-28,1,2026-08-16,311300.0,19
100304,Hyundai,i20,2024,32072,B (Good),Kolkata,480600.0,472600.0,2026-07-11,1,2026-08-09,460400.0,29
100305,Hyundai,Creta,2019,91455,B (Good),Delhi NCR,522100.0,587300.0,2026-06-17,1,2026-07-24,557900.0,37
100306,Hyundai,Verna,2017,100289,B (Good),Delhi NCR,353700.0,323200.0,2026-05-07,1,2026-05-26,305500.0,19
100307,Tata,Tiago,2020,69861,B (Good),Bengaluru,245200.0,215500.0,2026-07-01,1,2026-07-20,203300.0,19
100308,Honda,Amaze,2021,52625,B (Good),Chennai,343000.0,312000.0,2026-08-11,0,,,21
100309,Kia,Carens,2021,51466,B (Good),Mumbai,601000.0,682100.0,2026-07-31,0,,,32
100310,Maruti Suzuki,Dzire,2020,58759,B (Good),Chennai,299800.0,357400.0,2026-06-21,1,2026-07-28,351500.0,37
100311,Kia,Sonet,2021,52659,B (Good),Mumbai,457300.0,480000.0,2026-08-07,0,,,25
100312,Tata,Punch,2020,73136,B (Good),Ahmedabad,305400.0,291600.0,2026-05-10,1,2026-06-06,279900.0,27
100313,Mahindra,Scorpio,2023,23011,A (Excellent),Chennai,961100.0,886400.0,2026-06-03,1,2026-06-27,873700.0,24
100314,Hyundai,Grand i10,2021,73996,B (Good),Bengaluru,268200.0,301600.0,2026-06-15,1,2026-07-08,295800.0,23
100315,Maruti Suzuki,WagonR,2016,125199,A (Excellent),Delhi NCR,160100.0,156600.0,2026-07-12,1,2026-08-08,148800.0,27
100316,Tata,Punch,2020,78145,B (Good),Hyderabad,303700.0,294600.0,2026-08-08,0,,,24
100317,Honda,City,2019,89941,C (Fair),Kolkata,368400.0,362200.0,2026-05-14,1,2026-06-13,351100.0,30
100318,Tata,Nexon,2024,31994,B (Good),Chennai,658900.0,644800.0,2026-06-15,1,2026-07-04,636300.0,19
100319,Maruti Suzuki,Baleno,2021,43715,B (Good),Bengaluru,346200.0,324700.0,2026-07-04,1,2026-07-24,320300.0,20
100320,Maruti Suzuki,Dzire,2020,61947,A (Excellent),Kolkata,322700.0,346300.0,2026-05-11,1,2026-06-29,338400.0,49
100321,Toyota,Glanza,2022,48682,A (Excellent),Pune,442900.0,517400.0,2026-08-01,1,2026-08-29,505500.0,28
100322,Maruti Suzuki,Swift,2023,40925,B (Good),Chennai,384400.0,364800.0,2026-05-12,1,2026-06-09,358900.0,28
100323,Maruti Suzuki,Swift,2017,90245,C (Fair),Ahmedabad,186400.0,192500.0,2026-06-12,1,2026-07-15,189000.0,33
100324,Mahindra,Bolero,2021,41426,B (Good),Hyderabad,404900.0,366100.0,2026-08-12,1,2026-08-31,344200.0,19
100325,Toyota,Fortuner,2023,33639,A (Excellent),Chennai,2205600.0,2064700.0,2026-08-19,0,,,13
100326,Maruti Suzuki,Swift,2019,76813,A (Excellent),Ahmedabad,274000.0,261500.0,2026-05-09,1,2026-06-03,253800.0,25
100327,Tata,Nexon,2021,54412,B (Good),Bengaluru,485000.0,550100.0,2026-08-07,0,,,25
100328,Hyundai,Verna,2024,28391,A (Excellent),Delhi NCR,798300.0,957700.0,2026-07-10,1,2026-08-18,947200.0,39
100329,Tata,Harrier,2020,71939,C (Fair),Ahmedabad,665100.0,697200.0,2026-05-21,1,2026-07-04,678900.0,44
100330,Hyundai,Verna,2022,39228,A (Excellent),Hyderabad,653700.0,703000.0,2026-07-07,1,2026-08-14,691600.0,38
100331,Maruti Suzuki,WagonR,2020,78566,B (Good),Chennai,227700.0,255000.0,2026-07-14,1,2026-08-22,245900.0,39
100332,Maruti Suzuki,Swift,2023,35657,A (Excellent),Chennai,417400.0,419600.0,2026-06-04,1,2026-06-27,412200.0,23
100333,Tata,Nexon,2017,107302,B (Good),Pune,314000.0,292800.0,2026-06-06,1,2026-06-30,284100.0,24
100334,Honda,WR-V,2021,67176,B (Good),Mumbai,439100.0,489500.0,2026-05-23,1,2026-07-02,469200.0,40
100335,Honda,Amaze,2023,32763,B (Good),Delhi NCR,422900.0,359700.0,2026-06-27,1,2026-07-24,347500.0,27
100336,Hyundai,Creta,2023,29592,B (Good),Ahmedabad,813200.0,923500.0,2026-05-15,1,2026-06-28,903100.0,44
100337,Tata,Punch,2024,27705,B (Good),Chennai,467200.0,433800.0,2026-07-13,1,2026-08-14,423300.0,32
100338,Hyundai,Venue,2018,104271,C (Fair),Bengaluru,274900.0,282000.0,2026-08-22,0,,,10
100339,Honda,WR-V,2021,60248,B (Good),Chennai,442300.0,416200.0,2026-06-10,1,2026-07-12,396700.0,32
100340,Kia,Sonet,2019,94379,B (Good),Chennai,362000.0,365800.0,2026-07-31,0,,,32
100341,Honda,Jazz,2023,25062,B (Good),Ahmedabad,440500.0,402800.0,2026-07-11,1,2026-08-15,379300.0,35
100342,Hyundai,Verna,2024,26797,A (Excellent),Bengaluru,799600.0,687000.0,2026-08-08,1,2026-08-21,663400.0,13
100343,Toyota,Glanza,2024,35364,C (Fair),Bengaluru,451900.0,482200.0,2026-06-08,1,2026-07-08,476500.0,30
100344,Mahindra,XUV700,2020,78054,C (Fair),Pune,751800.0,793300.0,2026-07-26,0,,,37
100345,Hyundai,Venue,2016,110589,B (Good),Mumbai,251200.0,246900.0,2026-08-22,0,,,10
100346,Hyundai,Creta,2023,29835,B (Good),Bengaluru,813000.0,783700.0,2026-05-21,1,2026-06-23,759700.0,33
100347,Tata,Harrier,2022,56189,B (Good),Bengaluru,907500.0,840700.0,2026-08-04,0,,,28
100348,Tata,Altroz,2024,26941,A (Excellent),Mumbai,521800.0,423200.0,2026-05-21,1,2026-06-03,407500.0,13
100349,Kia,Sonet,2017,84568,B (Good),Bengaluru,303100.0,328700.0,2026-08-18,0,,,14
100350,Kia,Seltos,2017,109422,A (Excellent),Chennai,457700.0,460000.0,2026-06-21,1,2026-07-24,436500.0,33
100351,Honda,Amaze,2022,39824,B (Good),Chennai,382000.0,400000.0,2026-06-09,1,2026-07-21,392800.0,42
100352,Mahindra,Scorpio,2024,27509,C (Fair),Bengaluru,876100.0,886700.0,2026-05-14,1,2026-05-28,859400.0,14
100353,Tata,Altroz,2017,112310,A (Excellent),Kolkata,246000.0,249600.0,2026-06-19,1,2026-07-24,237700.0,35
100354,Honda,Jazz,2019,89036,A (Excellent),Ahmedabad,304800.0,282800.0,2026-08-06,0,,,26
100355,Honda,Jazz,2024,21456,B (Good),Ahmedabad,485800.0,466400.0,2026-07-21,1,2026-08-22,448600.0,32
100356,Hyundai,i20,2023,30669,A (Excellent),Bengaluru,473000.0,465400.0,2026-05-11,1,2026-05-29,439200.0,18
100357,Hyundai,Grand i10,2024,23694,B (Good),Kolkata,375300.0,361400.0,2026-06-17,1,2026-07-16,343700.0,29
100358,Maruti Suzuki,Baleno,2019,94954,A (Excellent),Pune,293100.0,263000.0,2026-08-13,0,,,19
100359,Tata,Punch,2021,72004,A (Excellent),Mumbai,362900.0,357600.0,2026-05-06,1,2026-06-07,343300.0,32
100360,Toyota,Innova,2021,73910,B (Good),Mumbai,894200.0,868300.0,2026-06-01,1,2026-06-27,857100.0,26
100361,Maruti Suzuki,Ertiga,2021,51687,B (Good),Ahmedabad,429200.0,500400.0,2026-06-14,1,2026-08-01,473300.0,48
100362,Mahindra,XUV700,2020,84503,A (Excellent),Pune,895900.0,873800.0,2026-07-01,1,2026-08-08,859400.0,38
100363,Hyundai,Grand i10,2022,48594,B (Good),Kolkata,302800.0,284600.0,2026-05-22,1,2026-06-18,269900.0,27
100364,Mahindra,Bolero,2018,91613,C (Fair),Kolkata,260200.0,279800.0,2026-05-30,1,2026-06-27,266500.0,28
100365,Kia,Carens,2020,79458,B (Good),Pune,530800.0,505400.0,2026-06-12,1,2026-07-11,480700.0,29
100366,Maruti Suzuki,Baleno,2021,71951,B (Good),Bengaluru,336000.0,352000.0,2026-06-03,1,2026-07-01,333500.0,28
100367,Tata,Harrier,2017,117831,B (Good),Bengaluru,529300.0,562700.0,2026-05-30,1,2026-06-26,545600.0,27
100368,Maruti Suzuki,WagonR,2023,35642,B (Good),Delhi NCR,316200.0,281700.0,2026-07-18,1,2026-08-07,274800.0,20
100369,Tata,Altroz,2016,121349,A (Excellent),Ahmedabad,221600.0,197300.0,2026-06-13,1,2026-07-11,190100.0,28
100370,Toyota,Innova,2017,108450,B (Good),Chennai,590300.0,563100.0,2026-07-23,1,2026-08-15,542400.0,23
100371,Toyota,Innova,2022,53546,A (Excellent),Chennai,1084600.0,1170600.0,2026-08-08,0,,,24
100372,Maruti Suzuki,Dzire,2022,50228,C (Fair),Kolkata,328800.0,286500.0,2026-08-24,0,,,8
100373,Maruti Suzuki,Dzire,2021,65349,B (Good),Mumbai,327100.0,277900.0,2026-07-23,1,2026-08-05,265300.0,13
100374,Maruti Suzuki,WagonR,2022,39236,A (Excellent),Chennai,309600.0,324900.0,2026-07-29,1,2026-08-27,321000.0,29
100375,Maruti Suzuki,Swift,2023,43642,B (Good),Chennai,383300.0,360400.0,2026-08-15,0,,,17
100376,Hyundai,Grand i10,2019,91972,C (Fair),Kolkata,196000.0,187800.0,2026-08-08,0,,,24
100377,Maruti Suzuki,WagonR,2019,89610,B (Good),Pune,204700.0,206300.0,2026-08-02,1,2026-08-14,198800.0,12
100378,Honda,Amaze,2022,41631,A (Excellent),Mumbai,411800.0,391100.0,2026-07-15,1,2026-08-02,384900.0,18
100379,Mahindra,Bolero,2020,85978,A (Excellent),Kolkata,379500.0,351300.0,2026-08-10,0,,,22
100380,Hyundai,i20,2024,20670,B (Good),Hyderabad,486200.0,504200.0,2026-07-27,1,2026-08-25,489000.0,29
100381,Hyundai,Verna,2022,33194,B (Good),Chennai,609100.0,593900.0,2026-06-05,1,2026-07-08,577800.0,33
100382,Kia,Carens,2022,53859,B (Good),Delhi NCR,658800.0,675900.0,2026-08-20,0,,,12
100383,Maruti Suzuki,Ertiga,2018,90275,C (Fair),Pune,279200.0,287300.0,2026-05-30,1,2026-06-29,280200.0,30
100384,Honda,Jazz,2021,46045,C (Fair),Chennai,321200.0,338100.0,2026-08-28,0,,,4
100385,Toyota,Glanza,2018,93149,A (Excellent),Delhi NCR,289500.0,278700.0,2026-08-05,0,,,27
100386,Honda,City,2018,101156,B (Good),Chennai,367900.0,378000.0,2026-07-19,1,2026-08-08,370500.0,20
100387,Hyundai,Creta,2018,93371,C (Fair),Kolkata,426700.0,474100.0,2026-08-05,0,,,27
100388,Hyundai,Verna,2022,54004,A (Excellent),Kolkata,643600.0,684100.0,2026-06-29,1,2026-08-08,644200.0,40
100389,Tata,Tiago,2019,87593,B (Good),Bengaluru,218900.0,220000.0,2026-06-07,1,2026-07-03,207600.0,26
100390,Hyundai,Venue,2023,36609,B (Good),Hyderabad,526500.0,518000.0,2026-05-24,1,2026-06-06,508000.0,13
100391,Honda,City,2024,33150,C (Fair),Mumbai,627100.0,566800.0,2026-06-12,1,2026-06-22,551400.0,10
100392,Maruti Suzuki,WagonR,2022,44493,B (Good),Bengaluru,285100.0,271300.0,2026-07-03,1,2026-07-14,265000.0,11
100393,Kia,Seltos,2023,38572,A (Excellent),Hyderabad,870200.0,887800.0,2026-06-18,1,2026-07-21,852400.0,33
100394,Toyota,Fortuner,2016,116090,B (Good),Chennai,965300.0,1082500.0,2026-06-28,1,2026-08-07,1063300.0,40
100395,Hyundai,Grand i10,2023,34011,B (Good),Bengaluru,337900.0,336200.0,2026-07-01,1,2026-07-31,321200.0,30
100396,Tata,Altroz,2022,52305,B (Good),Ahmedabad,389600.0,418800.0,2026-07-21,0,,,42
100397,Honda,Amaze,2021,54462,A (Excellent),Chennai,369700.0,346200.0,2026-05-06,1,2026-06-06,325900.0,31
100398,Honda,Jazz,2021,45844,A (Excellent),Bengaluru,385600.0,363900.0,2026-07-26,1,2026-08-07,352000.0,12
100399,Hyundai,Grand i10,2018,100579,B (Good),Ahmedabad,196300.0,203200.0,2026-08-21,0,,,11
100400,Hyundai,i20,2017,104319,A (Excellent),Mumbai,248200.0,226900.0,2026-05-13,1,2026-06-06,218100.0,24
100401,Maruti Suzuki,Dzire,2021,57135,A (Excellent),Mumbai,356400.0,358700.0,2026-08-30,0,,,2
100402,Toyota,Glanza,2019,76233,B (Good),Chennai,300100.0,338200.0,2026-06-08,1,2026-07-07,322500.0,29
100403,Mahindra,Bolero,2021,62727,A (Excellent),Hyderabad,427600.0,474200.0,2026-05-28,1,2026-06-30,451000.0,33
100404,Maruti Suzuki,Ertiga,2017,109134,A (Excellent),Ahmedabad,298600.0,285100.0,2026-08-25,0,,,7
100405,Tata,Harrier,2023,29799,B (Good),Ahmedabad,1025200.0,911000.0,2026-06-24,1,2026-07-19,893000.0,25
100406,Toyota,Innova,2018,89549,B (Good),Kolkata,662400.0,582200.0,2026-06-23,1,2026-07-20,557100.0,27
100407,Mahindra,Bolero,2022,44896,A (Excellent),Chennai,478800.0,424400.0,2026-08-17,0,,,15
100408,Maruti Suzuki,WagonR,2022,52132,C (Fair),Bengaluru,254600.0,276900.0,2026-06-29,1,2026-07-27,261400.0,28
100409,Maruti Suzuki,WagonR,2017,105009,C (Fair),Bengaluru,150000.0,136000.0,2026-08-11,1,2026-08-29,130300.0,18
100410,Toyota,Innova,2024,21757,B (Good),Hyderabad,1253400.0,1047400.0,2026-06-13,1,2026-07-13,1010800.0,30
100411,Honda,Jazz,2024,16372,B (Good),Delhi NCR,488400.0,512800.0,2026-08-01,0,,,31
100412,Tata,Altroz,2024,16381,B (Good),Bengaluru,488400.0,458600.0,2026-08-24,0,,,8
100413,Hyundai,Creta,2022,67974,C (Fair),Hyderabad,639700.0,581800.0,2026-08-29,0,,,3
100414,Tata,Punch,2019,94964,A (Excellent),Pune,293100.0,311400.0,2026-08-17,0,,,15
100415,Honda,Jazz,2023,40872,B (Good),Bengaluru,433300.0,371200.0,2026-08-16,0,,,16
100416,Maruti Suzuki,Baleno,2017,99433,B (Good),Kolkata,223600.0,262100.0,2026-05-28,1,2026-07-29,251600.0,62
100417,Mahindra,XUV300,2022,46981,B (Good),Kolkata,505600.0,538200.0,2026-05-24,1,2026-06-20,509300.0,27
100418,Mahindra,Scorpio,2020,75530,A (Excellent),Chennai,685400.0,640100.0,2026-05-24,1,2026-06-10,621400.0,17
100419,Tata,Harrier,2019,90993,A (Excellent),Hyderabad,711400.0,660000.0,2026-07-10,1,2026-07-31,621800.0,21
100420,Honda,City,2022,32239,A (Excellent),Hyderabad,623800.0,663600.0,2026-07-03,1,2026-08-03,634300.0,31
100421,Mahindra,Bolero,2023,42372,B (Good),Ahmedabad,488500.0,514200.0,2026-08-14,0,,,18
100422,Maruti Suzuki,Ertiga,2024,28867,A (Excellent),Delhi NCR,629900.0,786700.0,2026-05-06,1,2026-06-22,748400.0,47
100423,Hyundai,i20,2020,63303,A (Excellent),Mumbai,344400.0,319800.0,2026-08-24,0,,,8
100424,Mahindra,Bolero,2023,26343,B (Good),Pune,496700.0,448600.0,2026-06-10,1,2026-07-04,429900.0,24
100425,Toyota,Innova,2022,56457,B (Good),Pune,1001100.0,1071500.0,2026-07-12,1,2026-08-11,1060500.0,30
100426,Maruti Suzuki,Dzire,2018,112688,C (Fair),Mumbai,210600.0,191400.0,2026-06-30,1,2026-07-22,182600.0,22
100427,Hyundai,Verna,2021,47974,A (Excellent),Mumbai,589400.0,549600.0,2026-08-26,0,,,6
100428,Hyundai,Venue,2016,135766,A (Excellent),Chennai,263600.0,263200.0,2026-05-07,1,2026-06-01,254500.0,25
100429,Maruti Suzuki,Dzire,2024,27414,C (Fair),Hyderabad,406600.0,425000.0,2026-07-20,1,2026-08-30,418800.0,41
100430,Maruti Suzuki,Swift,2024,19880,C (Fair),Hyderabad,388500.0,419000.0,2026-07-08,1,2026-08-18,402500.0,41
100431,Kia,Carens,2023,31367,B (Good),Mumbai,741200.0,735300.0,2026-08-24,0,,,8
100432,Hyundai,Grand i10,2018,95990,A (Excellent),Chennai,213100.0,199300.0,2026-08-18,0,,,14
100433,Mahindra,Bolero,2016,106501,B (Good),Pune,235500.0,277800.0,2026-08-24,0,,,8
100434,Mahindra,Scorpio,2023,33625,A (Excellent),Delhi NCR,950700.0,920100.0,2026-07-15,1,2026-08-15,880400.0,31
100435,Maruti Suzuki,Ertiga,2022,62457,A (Excellent),Hyderabad,503600.0,601700.0,2026-05-20,1,2026-07-06,583000.0,47
100436,Hyundai,Venue,2020,87910,B (Good),Delhi NCR,375700.0,387000.0,2026-08-14,1,2026-08-30,366700.0,16
100437,Hyundai,Grand i10,2022,41577,B (Good),Chennai,305100.0,319000.0,2026-05-25,1,2026-07-07,301100.0,43
100438,Tata,Tiago,2024,12864,A (Excellent),Pune,409800.0,372500.0,2026-06-23,1,2026-07-19,367600.0,26
100439,Honda,City,2018,75742,B (Good),Chennai,378300.0,355300.0,2026-07-10,1,2026-08-03,345400.0,24
100440,Hyundai,Creta,2022,46125,A (Excellent),Delhi NCR,785600.0,842700.0,2026-07-10,1,2026-08-04,800600.0,25
100441,Hyundai,Creta,2023,39768,B (Good),Hyderabad,804700.0,800600.0,2026-07-09,1,2026-08-10,753100.0,32
100442,Hyundai,Grand i10,2021,59880,A (Excellent),Chennai,294100.0,285200.0,2026-06-02,1,2026-07-01,275600.0,29
100443,Maruti Suzuki,Baleno,2017,103087,B (Good),Ahmedabad,222700.0,231300.0,2026-08-02,0,,,30
100444,Tata,Tiago,2020,48564,B (Good),Ahmedabad,250800.0,297100.0,2026-08-31,0,,,1
100445,Maruti Suzuki,Ertiga,2024,12860,A (Excellent),Chennai,640300.0,650400.0,2026-06-16,1,2026-07-10,612900.0,24
100446,Kia,Sonet,2021,65705,C (Fair),Hyderabad,405900.0,403100.0,2026-08-02,1,2026-08-29,386100.0,27
100447,Kia,Carens,2023,27515,A (Excellent),Chennai,803600.0,874400.0,2026-08-22,0,,,10
100448,Maruti Suzuki,Swift,2017,117180,B (Good),Kolkata,200900.0,187800.0,2026-06-06,1,2026-07-06,179500.0,30
100449,Hyundai,Verna,2018,100059,A (Excellent),Bengaluru,419900.0,443300.0,2026-06-27,1,2026-07-29,427300.0,32
100450,Kia,Carens,2021,71731,C (Fair),Ahmedabad,529400.0,589900.0,2026-05-25,1,2026-07-08,561100.0,44
100451,Hyundai,Venue,2023,33213,B (Good),Kolkata,528400.0,500000.0,2026-06-06,1,2026-07-13,480500.0,37
100452,Tata,Altroz,2021,55595,B (Good),Chennai,353300.0,419400.0,2026-08-15,0,,,17
100453,Honda,WR-V,2024,24049,A (Excellent),Ahmedabad,658400.0,623900.0,2026-06-13,1,2026-07-05,601600.0,22
100454,Hyundai,Verna,2022,38557,B (Good),Ahmedabad,605700.0,620100.0,2026-08-23,0,,,9
100455,Mahindra,Bolero,2020,66286,B (Good),Hyderabad,358900.0,325200.0,2026-06-04,1,2026-07-03,312400.0,29
100456,Maruti Suzuki,Ertiga,2021,56814,B (Good),Delhi NCR,426900.0,403400.0,2026-07-25,1,2026-08-09,387500.0,15
100457,Mahindra,XUV300,2023,40542,A (Excellent),Chennai,604100.0,567600.0,2026-08-28,0,,,4
100458,Toyota,Innova,2018,102003,A (Excellent),Delhi NCR,705700.0,623000.0,2026-05-18,1,2026-06-06,604200.0,19
100459,Mahindra,Bolero,2022,56594,A (Excellent),Delhi NCR,473000.0,418900.0,2026-07-31,1,2026-08-19,397900.0,19
100460,Hyundai,Creta,2021,72815,A (Excellent),Delhi NCR,694900.0,800000.0,2026-08-06,0,,,26
100461,Hyundai,Grand i10,2020,61651,B (Good),Hyderabad,247300.0,277100.0,2026-05-28,1,2026-07-09,273400.0,42
100462,Maruti Suzuki,Dzire,2022,55915,C (Fair),Ahmedabad,326800.0,363900.0,2026-05-05,1,2026-06-18,355100.0,44
100463,Hyundai,Venue,2016,121591,A (Excellent),Delhi NCR,267900.0,258500.0,2026-07-20,1,2026-08-03,254700.0,14
100464,Maruti Suzuki,Baleno,2022,49421,C (Fair),Pune,340400.0,359900.0,2026-05-30,1,2026-07-01,352100.0,32
100465,Honda,Amaze,2020,75166,A (Excellent),Pune,329100.0,364500.0,2026-06-24,1,2026-08-04,346400.0,41
100466,Tata,Punch,2018,90824,B (Good),Chennai,248100.0,225400.0,2026-08-08,1,2026-08-23,220700.0,15
100467,Mahindra,XUV700,2023,30937,B (Good),Mumbai,1165200.0,1129600.0,2026-05-10,1,2026-06-06,1083100.0,27
100468,Hyundai,i20,2024,30414,A (Excellent),Kolkata,519900.0,492000.0,2026-07-27,1,2026-08-28,483600.0,32
100469,Mahindra,Scorpio,2019,85701,C (Fair),Bengaluru,514000.0,520900.0,2026-07-23,1,2026-08-18,502700.0,26
100470,Honda,Amaze,2019,80861,A (Excellent),Pune,297600.0,293000.0,2026-06-03,1,2026-07-08,287300.0,35
100471,Kia,Sonet,2023,25937,A (Excellent),Delhi NCR,613300.0,571300.0,2026-06-16,1,2026-07-07,554900.0,21
100472,Honda,City,2017,106370,C (Fair),Hyderabad,299500.0,348200.0,2026-06-12,1,2026-07-23,338400.0,41
100473,Hyundai,Verna,2021,56152,B (Good),Mumbai,541100.0,503800.0,2026-06-09,1,2026-06-17,496800.0,8
100474,Maruti Suzuki,WagonR,2023,34232,C (Fair),Ahmedabad,285000.0,261200.0,2026-05-21,1,2026-06-15,248600.0,25
100475,Honda,Amaze,2024,19341,A (Excellent),Kolkata,508900.0,511600.0,2026-05-05,1,2026-06-11,504300.0,37
100476,Maruti Suzuki,Baleno,2020,61053,B (Good),Chennai,309400.0,274500.0,2026-08-17,0,,,15
100477,Hyundai,Venue,2019,83672,A (Excellent),Chennai,370900.0,373900.0,2026-07-07,1,2026-08-14,359100.0,38
100478,Mahindra,XUV300,2023,28036,B (Good),Bengaluru,566600.0,659800.0,2026-07-25,0,,,38
100479,Mahindra,XUV300,2024,30368,B (Good),Delhi NCR,621200.0,576600.0,2026-05-21,1,2026-06-26,545100.0,36
100480,Tata,Punch,2018,98573,B (Good),Kolkata,246000.0,249700.0,2026-08-23,0,,,9
100481,Toyota,Innova,2023,29646,A (Excellent),Hyderabad,1221900.0,1305800.0,2026-07-30,1,2026-08-26,1268200.0,27
100482,Maruti Suzuki,Ertiga,2023,43685,C (Fair),Bengaluru,470400.0,494500.0,2026-05-06,1,2026-05-30,476800.0,24
100483,Kia,Sonet,2019,96033,B (Good),Chennai,361400.0,394700.0,2026-07-31,0,,,32
100484,Tata,Nexon,2016,108630,C (Fair),Kolkata,256800.0,244800.0,2026-08-09,0,,,23
100485,Hyundai,i20,2020,63068,B (Good),Chennai,319000.0,330100.0,2026-05-27,1,2026-06-29,322400.0,33
100486,Tata,Nexon,2024,22797,A (Excellent),Chennai,718400.0,697300.0,2026-05-15,1,2026-06-18,680400.0,34
100487,Hyundai,i20,2017,111675,C (Fair),Pune,205100.0,236700.0,2026-08-15,0,,,17
100488,Tata,Punch,2021,58685,A (Excellent),Ahmedabad,368100.0,375100.0,2026-06-22,1,2026-07-24,365800.0,32
100489,Maruti Suzuki,Swift,2021,72639,B (Good),Kolkata,307800.0,356200.0,2026-08-17,0,,,15
100490,Hyundai,Venue,2020,67971,A (Excellent),Ahmedabad,414600.0,411000.0,2026-05-22,1,2026-06-28,388800.0,37
100491,Honda,Amaze,2023,44481,A (Excellent),Ahmedabad,451200.0,433700.0,2026-07-06,1,2026-08-19,424300.0,44
100492,Honda,City,2018,98231,C (Fair),Ahmedabad,332200.0,357900.0,2026-06-13,1,2026-07-23,353000.0,40
100493,Honda,Amaze,2022,58265,C (Fair),Chennai,337200.0,324000.0,2026-05-08,1,2026-05-27,315300.0,19
100494,Tata,Tiago,2022,40118,C (Fair),Delhi NCR,275000.0,309800.0,2026-07-06,1,2026-08-05,297000.0,30
100495,Tata,Harrier,2020,60917,B (Good),Chennai,747800.0,756600.0,2026-05-22,1,2026-06-18,738600.0,27
100496,Hyundai,Verna,2020,67710,C (Fair),Bengaluru,437700.0,427300.0,2026-05-27,1,2026-06-09,409000.0,13
100497,Maruti Suzuki,Baleno,2024,19360,A (Excellent),Mumbai,508900.0,493500.0,2026-07-29,1,2026-08-13,465900.0,15
100498,Mahindra,Scorpio,2018,94030,B (Good),Delhi NCR,515000.0,542600.0,2026-06-24,1,2026-08-06,511500.0,43
100499,Hyundai,Venue,2021,60517,A (Excellent),Mumbai,459200.0,458100.0,2026-06-10,1,2026-07-01,436600.0,21
100500,Honda,WR-V,2021,65586,B (Good),Delhi NCR,439800.0,429800.0,2026-06-06,1,2026-06-18,421100.0,12
100501,Mahindra,XUV700,2023,30710,C (Fair),Ahmedabad,1048900.0,1101800.0,2026-08-27,0,,,5
100502,Toyota,Innova,2017,121352,B (Good),Pune,581800.0,532400.0,2026-07-05,1,2026-08-11,518100.0,37
100503,Maruti Suzuki,Baleno,2019,78573,A (Excellent),Bengaluru,298400.0,296300.0,2026-08-19,0,,,13
100504,Tata,Punch,2024,16926,C (Fair),Hyderabad,425100.0,326100.0,2026-06-11,1,2026-07-08,317400.0,27
100505,Tata,Tiago,2017,113456,A (Excellent),Ahmedabad,190200.0,203100.0,2026-05-24,1,2026-06-23,196500.0,30
100506,Maruti Suzuki,Dzire,2024,39262,C (Fair),Chennai,401600.0,399000.0,2026-06-15,1,2026-07-04,376400.0,19
100507,Mahindra,Scorpio,2017,114913,C (Fair),Chennai,412100.0,351000.0,2026-07-06,1,2026-08-05,345000.0,30
100508,Hyundai,Venue,2023,34127,B (Good),Ahmedabad,527900.0,495800.0,2026-06-08,1,2026-06-29,479300.0,21
100509,Honda,City,2019,81987,B (Good),Kolkata,412900.0,436300.0,2026-05-21,1,2026-06-18,424700.0,28
100510,Hyundai,Creta,2024,10484,A (Excellent),Bengaluru,984200.0,1001300.0,2026-05-27,1,2026-06-21,965400.0,25
100511,Maruti Suzuki,Baleno,2018,94589,B (Good),Chennai,247000.0,251100.0,2026-08-17,0,,,15
100512,Maruti Suzuki,Baleno,2022,52544,B (Good),Ahmedabad,377000.0,341400.0,2026-07-29,1,2026-08-20,323200.0,22
100513,Toyota,Innova,2023,24120,A (Excellent),Pune,1228900.0,1244500.0,2026-05-22,1,2026-06-06,1216500.0,15
100514,Mahindra,XUV700,2020,55479,B (Good),Chennai,855800.0,858000.0,2026-05-22,1,2026-06-19,808300.0,28
100515,Maruti Suzuki,Dzire,2023,42490,B (Good),Bengaluru,404700.0,361600.0,2026-08-10,0,,,22
100516,Hyundai,i20,2021,56093,A (Excellent),Chennai,381400.0,403200.0,2026-05-07,1,2026-06-08,388400.0,32
100517,Mahindra,XUV300,2017,116958,C (Fair),Pune,263100.0,272100.0,2026-05-11,1,2026-06-22,259200.0,42
100518,Maruti Suzuki,Ertiga,2016,137359,B (Good),Chennai,243600.0,212400.0,2026-05-18,1,2026-06-16,202100.0,29
100519,Hyundai,i20,2024,11612,C (Fair),Hyderabad,441700.0,369000.0,2026-07-01,1,2026-07-19,362600.0,18
100520,Honda,Amaze,2021,53524,B (Good),Kolkata,342700.0,372200.0,2026-08-11,0,,,21
100521,Tata,Punch,2021,58410,A (Excellent),Pune,368200.0,371000.0,2026-08-19,0,,,13
100522,Toyota,Fortuner,2016,119165,B (Good),Bengaluru,961900.0,996000.0,2026-08-27,0,,,5
100523,Toyota,Innova,2020,79552,C (Fair),Pune,727900.0,768000.0,2026-07-30,1,2026-08-26,734100.0,27
100524,Mahindra,XUV700,2024,30109,B (Good),Kolkata,1281500.0,1411600.0,2026-08-07,0,,,25
100525,Honda,City,2016,111677,B (Good),Kolkata,301100.0,291000.0,2026-05-23,1,2026-06-14,276600.0,22
100526,Kia,Sonet,2023,49429,A (Excellent),Delhi NCR,598500.0,495500.0,2026-06-17,1,2026-06-20,481200.0,3
100527,Maruti Suzuki,Baleno,2024,25131,B (Good),Bengaluru,468400.0,526000.0,2026-08-20,0,,,12
100528,Hyundai,Verna,2020,80141,C (Fair),Bengaluru,431900.0,461800.0,2026-08-03,1,2026-08-24,438800.0,21
100529,Kia,Carens,2022,35016,B (Good),Delhi NCR,671900.0,584700.0,2026-06-18,1,2026-07-02,568400.0,14
100530,Mahindra,Bolero,2024,18590,B (Good),Hyderabad,550100.0,496000.0,2026-08-03,1,2026-08-18,473400.0,15
100531,Kia,Seltos,2019,83738,B (Good),Kolkata,526600.0,471700.0,2026-08-25,0,,,7
100532,Tata,Punch,2022,53089,A (Excellent),Delhi NCR,406900.0,347400.0,2026-08-27,0,,,5
100533,Hyundai,Venue,2021,70175,C (Fair),Delhi NCR,378800.0,399800.0,2026-05-29,1,2026-07-05,393100.0,37
100534,Tata,Tiago,2021,66357,C (Fair),Bengaluru,243400.0,267000.0,2026-06-27,1,2026-07-20,256600.0,23
100535,Mahindra,Bolero,2019,83723,A (Excellent),Hyderabad,346200.0,288200.0,2026-07-07,1,2026-07-25,283200.0,18
100536,Hyundai,Creta,2018,110639,C (Fair),Hyderabad,418600.0,422800.0,2026-07-23,1,2026-08-17,417300.0,25
100537,Hyundai,Creta,2021,56098,B (Good),Ahmedabad,655000.0,649200.0,2026-06-08,1,2026-07-16,642200.0,38
100538,Maruti Suzuki,Swift,2023,29229,A (Excellent),Delhi NCR,420200.0,398100.0,2026-05-12,1,2026-05-31,383300.0,19
100539,Hyundai,Creta,2016,109793,B (Good),Delhi NCR,385500.0,433800.0,2026-05-06,1,2026-06-08,413200.0,33
100540,Tata,Nexon,2024,32778,C (Fair),Kolkata,592500.0,509000.0,2026-07-31,1,2026-08-29,490500.0,29
100541,Hyundai,i20,2019,84942,B (Good),Delhi NCR,283500.0,315000.0,2026-07-16,1,2026-08-17,303100.0,32
100542,Toyota,Innova,2021,53145,A (Excellent),Pune,987400.0,887300.0,2026-07-16,1,2026-08-18,845500.0,33
100543,Hyundai,i20,2016,118096,C (Fair),Mumbai,185300.0,197200.0,2026-06-20,1,2026-07-31,194600.0,41
100544,Toyota,Glanza,2019,98853,B (Good),Ahmedabad,292700.0,280000.0,2026-08-20,0,,,12
100545,Maruti Suzuki,Swift,2023,33536,B (Good),Kolkata,387400.0,384700.0,2026-08-19,0,,,13
100546,Hyundai,Creta,2024,11432,B (Good),Mumbai,910400.0,1021500.0,2026-07-01,1,2026-08-03,1000900.0,33
100547,Hyundai,Grand i10,2019,82578,A (Excellent),Delhi NCR,237700.0,225800.0,2026-08-09,1,2026-08-28,214300.0,19
100548,Tata,Altroz,2023,42855,A (Excellent),Kolkata,467000.0,482000.0,2026-07-18,0,,,45
100549,Maruti Suzuki,Dzire,2020,76975,C (Fair),Chennai,264600.0,270700.0,2026-06-27,1,2026-07-23,261400.0,26
100550,Honda,Jazz,2024,8899,B (Good),Chennai,492100.0,465700.0,2026-08-04,1,2026-08-27,440200.0,23
100551,Mahindra,XUV300,2020,69180,B (Good),Hyderabad,408900.0,411800.0,2026-08-31,0,,,1
100552,Toyota,Glanza,2021,76745,C (Fair),Hyderabad,325900.0,281600.0,2026-07-03,1,2026-07-20,264800.0,17
100553,Tata,Harrier,2023,44324,A (Excellent),Hyderabad,1090600.0,1184700.0,2026-07-13,1,2026-08-18,1132000.0,36
100554,Kia,Sonet,2024,33652,B (Good),Hyderabad,619100.0,534000.0,2026-07-30,1,2026-08-20,522300.0,21
100555,Toyota,Innova,2019,80099,B (Good),Kolkata,735500.0,640600.0,2026-07-26,1,2026-08-07,625100.0,12
100556,Hyundai,Grand i10,2021,61787,A (Excellent),Chennai,293500.0,283700.0,2026-08-24,0,,,8
100557,Honda,City,2023,45023,A (Excellent),Hyderabad,676400.0,740200.0,2026-07-26,0,,,37
100558,Mahindra,Bolero,2023,37287,B (Good),Bengaluru,491100.0,450300.0,2026-06-25,1,2026-07-16,429500.0,21
100559,Tata,Harrier,2021,54835,B (Good),Pune,827000.0,972100.0,2026-07-01,1,2026-08-16,916200.0,46
100560,Maruti Suzuki,Ertiga,2020,72139,B (Good),Bengaluru,382100.0,335900.0,2026-07-27,1,2026-08-24,323400.0,28
100561,Maruti Suzuki,Dzire,2022,32505,B (Good),Kolkata,372100.0,358400.0,2026-06-16,1,2026-07-19,351800.0,33
100562,Tata,Tiago,2019,79103,C (Fair),Chennai,198800.0,212300.0,2026-07-28,0,,,35
100563,Tata,Punch,2021,53560,C (Fair),Ahmedabad,308400.0,242600.0,2026-08-19,0,,,13
100564,Honda,City,2018,102168,B (Good),Pune,367500.0,410600.0,2026-07-17,1,2026-08-20,405400.0,34
100565,Honda,Jazz,2021,55065,B (Good),Mumbai,353500.0,324800.0,2026-06-16,1,2026-07-13,310900.0,27
100566,Kia,Carens,2023,49257,C (Fair),Mumbai,654700.0,719900.0,2026-05-08,1,2026-06-14,711800.0,37
100567,Maruti Suzuki,Dzire,2022,52090,C (Fair),Ahmedabad,328100.0,338500.0,2026-05-07,1,2026-06-06,333700.0,30
100568,Hyundai,Venue,2019,93628,C (Fair),Bengaluru,305700.0,315200.0,2026-06-16,1,2026-07-15,301200.0,29
100569,Tata,Nexon,2020,71550,C (Fair),Mumbai,390000.0,313100.0,2026-06-11,1,2026-06-24,304700.0,13
100570,Toyota,Fortuner,2020,74802,A (Excellent),Pune,1591300.0,1470400.0,2026-05-08,1,2026-06-04,1454400.0,27
100571,Tata,Punch,2022,42266,C (Fair),Bengaluru,343000.0,309700.0,2026-05-12,1,2026-05-31,296600.0,19
100572,Tata,Harrier,2019,82137,B (Good),Kolkata,665100.0,668900.0,2026-07-22,1,2026-08-25,647100.0,34
100573,Maruti Suzuki,Baleno,2023,45431,B (Good),Hyderabad,417400.0,398900.0,2026-08-25,0,,,7
100574,Tata,Harrier,2016,120765,C (Fair),Delhi NCR,432100.0,409000.0,2026-05-05,1,2026-05-15,404200.0,10
100575,Tata,Nexon,2022,50728,B (Good),Ahmedabad,535100.0,567500.0,2026-06-10,1,2026-07-19,541500.0,39
100576,Honda,Amaze,2022,38828,A (Excellent),Mumbai,413000.0,430300.0,2026-05-31,1,2026-06-19,406000.0,19
100577,Honda,Amaze,2017,115536,B (Good),Ahmedabad,219600.0,217700.0,2026-08-29,0,,,3
100578,Hyundai,Verna,2016,110443,B (Good),Mumbai,318200.0,326400.0,2026-08-26,0,,,6
100579,Tata,Punch,2023,25739,B (Good),Kolkata,426000.0,451500.0,2026-08-01,0,,,31
100580,Mahindra,Bolero,2022,59734,B (Good),Mumbai,436500.0,457700.0,2026-08-01,1,2026-08-29,450300.0,28
100581,Maruti Suzuki,Baleno,2024,34018,A (Excellent),Hyderabad,501300.0,587500.0,2026-08-09,0,,,23
100582,Tata,Tiago,2018,91413,A (Excellent),Delhi NCR,214200.0,208900.0,2026-08-19,0,,,13
100583,Hyundai,Venue,2023,57392,C (Fair),Hyderabad,463700.0,443300.0,2026-06-14,1,2026-07-15,428600.0,31
100584,Honda,WR-V,2017,105913,B (Good),Mumbai,288600.0,256400.0,2026-06-12,1,2026-07-05,253600.0,23
100585,Kia,Carens,2018,88972,C (Fair),Bengaluru,391500.0,399100.0,2026-05-15,1,2026-06-06,382800.0,22
100586,Honda,Jazz,2019,85081,A (Excellent),Kolkata,306100.0,284700.0,2026-08-01,0,,,31
100587,Maruti Suzuki,Swift,2019,88674,A (Excellent),Bengaluru,270500.0,247200.0,2026-06-07,1,2026-07-01,232700.0,24
100588,Hyundai,Creta,2021,58659,A (Excellent),Bengaluru,705500.0,717600.0,2026-05-26,1,2026-06-17,710400.0,22
100589,Maruti Suzuki,WagonR,2021,63474,B (Good),Hyderabad,254300.0,254500.0,2026-05-29,1,2026-07-01,240900.0,33
100590,Kia,Seltos,2017,109282,A (Excellent),Pune,457800.0,529000.0,2026-08-21,0,,,11
100591,Hyundai,Venue,2022,57322,B (Good),Pune,468800.0,485900.0,2026-06-06,1,2026-07-02,475900.0,26
100592,Hyundai,Verna,2023,50208,B (Good),Mumbai,657500.0,630300.0,2026-07-03,1,2026-08-04,596500.0,32
100593,Tata,Altroz,2024,18280,B (Good),Chennai,487400.0,470200.0,2026-07-16,1,2026-08-19,462900.0,34
100594,Mahindra,XUV700,2022,38689,A (Excellent),Kolkata,1136000.0,1323300.0,2026-07-30,0,,,33
100595,Tata,Altroz,2023,34134,B (Good),Kolkata,436400.0,460500.0,2026-06-13,1,2026-07-17,440800.0,34
100596,Maruti Suzuki,Dzire,2016,120446,B (Good),Kolkata,192100.0,186800.0,2026-06-04,1,2026-07-10,176900.0,36
100597,Mahindra,XUV300,2019,77911,C (Fair),Bengaluru,331800.0,317100.0,2026-07-10,1,2026-07-24,299200.0,14
100598,Tata,Harrier,2019,87091,B (Good),Mumbai,661500.0,711400.0,2026-05-15,1,2026-06-13,693700.0,29
100599,Tata,Nexon,2018,97042,A (Excellent),Chennai,376900.0,369300.0,2026-06-07,1,2026-07-15,358000.0,38
100600,Tata,Punch,2017,102363,C (Fair),Chennai,200600.0,186200.0,2026-06-17,1,2026-07-13,180100.0,26
100601,Maruti Suzuki,Baleno,2024,28987,B (Good),Bengaluru,466600.0,437500.0,2026-08-12,0,,,20
100602,Hyundai,Verna,2024,21411,C (Fair),Ahmedabad,670000.0,665100.0,2026-08-18,0,,,14
100603,Kia,Seltos,2024,10949,A (Excellent),Hyderabad,983700.0,1045000.0,2026-06-19,1,2026-07-27,1029000.0,38
100604,Maruti Suzuki,Baleno,2016,108953,B (Good),Mumbai,201300.0,193000.0,2026-08-03,1,2026-08-21,184100.0,18
100605,Hyundai,Creta,2024,29322,B (Good),Delhi NCR,893900.0,887300.0,2026-07-22,1,2026-08-16,834300.0,25
100606,Honda,Jazz,2020,74491,C (Fair),Chennai,283600.0,261000.0,2026-07-15,1,2026-08-13,257700.0,29
100607,Hyundai,Grand i10,2021,64623,C (Fair),Ahmedabad,243800.0,220200.0,2026-08-06,0,,,26
100608,Mahindra,Scorpio,2019,87277,A (Excellent),Mumbai,615700.0,635500.0,2026-07-18,1,2026-08-17,628100.0,30
100609,Hyundai,Verna,2024,13698,B (Good),Mumbai,750300.0,799200.0,2026-06-13,1,2026-07-14,784100.0,31
100610,Maruti Suzuki,Ertiga,2024,30848,B (Good),Delhi NCR,582100.0,612200.0,2026-07-05,1,2026-08-10,580000.0,36
100611,Honda,Jazz,2023,36154,A (Excellent),Kolkata,470300.0,436800.0,2026-06-18,1,2026-07-17,416200.0,29
100612,Mahindra,Bolero,2022,53011,B (Good),Hyderabad,439600.0,455500.0,2026-07-13,1,2026-08-07,447600.0,25
100613,Mahindra,Scorpio,2024,24782,B (Good),Kolkata,976200.0,929200.0,2026-06-18,1,2026-07-21,890000.0,33
100614,Toyota,Innova,2022,54249,C (Fair),Delhi NCR,903100.0,824600.0,2026-08-26,0,,,6
100615,Hyundai,Venue,2018,81363,B (Good),Ahmedabad,313300.0,320500.0,2026-08-22,0,,,10
100616,Maruti Suzuki,Swift,2020,75618,B (Good),Pune,279200.0,224300.0,2026-07-04,1,2026-07-07,220400.0,3
100617,Mahindra,Scorpio,2022,41456,C (Fair),Chennai,715100.0,618200.0,2026-05-29,1,2026-06-22,596200.0,24
100618,Hyundai,Grand i10,2024,21291,B (Good),Pune,376200.0,384200.0,2026-08-27,0,,,5
100619,Hyundai,Creta,2020,68914,A (Excellent),Mumbai,635000.0,664000.0,2026-07-18,1,2026-08-15,632800.0,28
100620,Hyundai,Venue,2023,41298,A (Excellent),Mumbai,565900.0,518500.0,2026-06-06,1,2026-06-16,511900.0,10
100621,Mahindra,Bolero,2017,107262,C (Fair),Chennai,232700.0,212500.0,2026-05-26,1,2026-06-23,204300.0,28
100622,Maruti Suzuki,Ertiga,2018,95769,A (Excellent),Kolkata,333100.0,293200.0,2026-06-05,1,2026-07-02,280400.0,27
100623,Maruti Suzuki,Baleno,2024,16029,B (Good),Mumbai,472800.0,456700.0,2026-08-18,0,,,14
100624,Maruti Suzuki,Dzire,2023,36404,B (Good),Hyderabad,407300.0,461900.0,2026-08-08,0,,,24
100625,Mahindra,Bolero,2017,115370,A (Excellent),Ahmedabad,276800.0,311600.0,2026-08-18,0,,,14
100626,Mahindra,Bolero,2021,53501,C (Fair),Pune,359800.0,350500.0,2026-08-28,0,,,4
100627,Hyundai,i20,2024,25765,B (Good),Hyderabad,483700.0,507500.0,2026-07-02,1,2026-07-28,494300.0,26
100628,Maruti Suzuki,Baleno,2023,37045,A (Excellent),Hyderabad,454700.0,448900.0,2026-06-25,1,2026-07-13,436600.0,18
100629,Hyundai,Venue,2019,82089,B (Good),Ahmedabad,344000.0,439300.0,2026-06-26,1,2026-08-26,416700.0,61
100630,Maruti Suzuki,Baleno,2023,32272,A (Excellent),Chennai,457000.0,623600.0,2026-08-15,0,,,17
100631,Maruti Suzuki,Ertiga,2017,115742,A (Excellent),Kolkata,296400.0,301000.0,2026-08-13,0,,,19
100632,Hyundai,Grand i10,2017,108968,A (Excellent),Pune,191100.0,199700.0,2026-08-21,0,,,11
100633,Kia,Carens,2020,77087,B (Good),Kolkata,532200.0,566100.0,2026-06-10,1,2026-07-21,539000.0,41
100634,Kia,Seltos,2023,32864,B (Good),Delhi NCR,810500.0,736300.0,2026-07-14,1,2026-07-29,721900.0,15
100635,Hyundai,Verna,2018,105825,C (Fair),Bengaluru,347700.0,349200.0,2026-07-04,1,2026-07-14,328300.0,10
100636,Tata,Punch,2024,20557,B (Good),Ahmedabad,470600.0,428000.0,2026-06-04,1,2026-06-30,418500.0,26
100637,Honda,WR-V,2018,88807,A (Excellent),Chennai,349100.0,346700.0,2026-08-11,0,,,21
100638,Hyundai,Creta,2020,89160,B (Good),Ahmedabad,575200.0,621500.0,2026-08-09,0,,,23
100639,Tata,Punch,2017,86732,C (Fair),Mumbai,204100.0,222100.0,2026-07-21,1,2026-08-13,219100.0,23
100640,Maruti Suzuki,Swift,2023,47188,C (Fair),Ahmedabad,343700.0,393100.0,2026-06-02,1,2026-07-16,383500.0,44
100641,Maruti Suzuki,Ertiga,2017,118025,B (Good),Bengaluru,273700.0,245800.0,2026-07-16,1,2026-08-02,242700.0,17
100642,Hyundai,Grand i10,2022,56081,B (Good),Bengaluru,300500.0,267700.0,2026-07-10,1,2026-08-02,258200.0,23
100643,Toyota,Fortuner,2022,42490,B (Good),Hyderabad,1841400.0,1914200.0,2026-05-27,1,2026-06-12,1833900.0,16
100644,Tata,Tiago,2023,27115,A (Excellent),Pune,367500.0,324800.0,2026-08-28,0,,,4
100645,Honda,City,2020,79766,A (Excellent),Ahmedabad,491200.0,486100.0,2026-07-07,1,2026-08-11,458200.0,35
100646,Maruti Suzuki,Dzire,2020,67689,A (Excellent),Kolkata,320700.0,274600.0,2026-07-08,1,2026-07-29,262000.0,21
100647,Hyundai,Verna,2022,44372,B (Good),Ahmedabad,602000.0,562200.0,2026-07-30,1,2026-08-26,556100.0,27
100648,Tata,Harrier,2024,27322,B (Good),Bengaluru,1129400.0,1075700.0,2026-05-11,1,2026-05-19,1047400.0,8
100649,Maruti Suzuki,WagonR,2019,100337,B (Good),Pune,202300.0,216700.0,2026-06-17,1,2026-07-17,209100.0,30
100650,Maruti Suzuki,Baleno,2022,52067,C (Fair),Mumbai,339500.0,333700.0,2026-06-23,1,2026-07-29,329500.0,36
100651,Maruti Suzuki,Ertiga,2018,97702,B (Good),Mumbai,307700.0,300600.0,2026-06-18,1,2026-07-03,291000.0,15
100652,Toyota,Innova,2023,51083,B (Good),Delhi NCR,1106400.0,1014000.0,2026-07-23,1,2026-08-11,975500.0,19
100653,Mahindra,XUV300,2021,45587,B (Good),Bengaluru,460800.0,447300.0,2026-07-25,1,2026-08-20,431900.0,26
100654,Kia,Sonet,2019,79429,A (Excellent),Ahmedabad,397500.0,378100.0,2026-05-15,1,2026-06-01,369800.0,17
100655,Tata,Punch,2024,14000,A (Excellent),Bengaluru,511700.0,491500.0,2026-08-13,1,2026-08-24,485300.0,11
100656,Toyota,Fortuner,2022,49606,C (Fair),Hyderabad,1644900.0,1659900.0,2026-06-13,1,2026-07-12,1591700.0,29
100657,Kia,Seltos,2021,54513,A (Excellent),Kolkata,708600.0,758500.0,2026-08-08,0,,,24
100658,Maruti Suzuki,Baleno,2024,18116,B (Good),Bengaluru,471800.0,470600.0,2026-06-21,1,2026-07-14,443900.0,23
100659,Toyota,Glanza,2016,115828,B (Good),Hyderabad,216400.0,230100.0,2026-05-11,1,2026-06-14,221900.0,34
100660,Honda,City,2021,65649,C (Fair),Chennai,456700.0,505700.0,2026-06-15,1,2026-07-24,494400.0,39
100661,Honda,WR-V,2021,71288,A (Excellent),Mumbai,472100.0,411000.0,2026-07-14,1,2026-08-10,406300.0,27
100662,Maruti Suzuki,Baleno,2021,57488,A (Excellent),Pune,368600.0,379000.0,2026-08-06,0,,,26
100663,Kia,Seltos,2024,10746,B (Good),Ahmedabad,911000.0,967500.0,2026-08-08,0,,,24
100664,Maruti Suzuki,Baleno,2023,36722,A (Excellent),Hyderabad,454900.0,444000.0,2026-05-30,1,2026-06-23,436200.0,24
100665,Mahindra,Bolero,2023,37103,B (Good),Ahmedabad,491200.0,471500.0,2026-08-06,0,,,26
100666,Mahindra,XUV700,2022,50018,B (Good),Ahmedabad,1039500.0,1081400.0,2026-06-27,1,2026-08-08,1065200.0,42
100667,Kia,Seltos,2019,80740,C (Fair),Mumbai,475500.0,507400.0,2026-07-08,1,2026-08-09,492400.0,32
100668,Maruti Suzuki,Swift,2022,49947,C (Fair),Delhi NCR,311900.0,253100.0,2026-08-14,1,2026-08-29,243500.0,15
100669,Hyundai,Verna,2021,83345,A (Excellent),Mumbai,567500.0,608100.0,2026-07-19,1,2026-08-24,573300.0,36
100670,Toyota,Innova,2024,37523,B (Good),Chennai,1233200.0,1396100.0,2026-06-10,1,2026-07-17,1351400.0,37
100671,Hyundai,i20,2023,28038,B (Good),Delhi NCR,439100.0,447800.0,2026-05-14,1,2026-06-05,427000.0,22
100672,Hyundai,Venue,2024,26035,B (Good),Mumbai,585000.0,552200.0,2026-08-02,1,2026-08-19,528900.0,17
100673,Maruti Suzuki,Dzire,2020,80050,C (Fair),Chennai,263700.0,282400.0,2026-08-28,0,,,4
100674,Toyota,Glanza,2022,67053,B (Good),Mumbai,402100.0,432100.0,2026-08-01,1,2026-08-16,423800.0,15
100675,Mahindra,XUV700,2020,88497,C (Fair),Bengaluru,743300.0,703500.0,2026-06-12,1,2026-07-03,679900.0,21
100676,Honda,City,2020,86278,A (Excellent),Pune,487700.0,488300.0,2026-06-01,1,2026-07-07,482800.0,36
100677,Hyundai,Venue,2020,77137,B (Good),Ahmedabad,380100.0,344000.0,2026-06-13,1,2026-07-07,332400.0,24
100678,Honda,WR-V,2021,48462,B (Good),Bengaluru,447900.0,474000.0,2026-07-04,1,2026-08-03,466800.0,30
100679,Hyundai,Verna,2024,29235,C (Fair),Ahmedabad,664700.0,654800.0,2026-08-08,0,,,24
100680,Hyundai,i20,2018,92265,A (Excellent),Chennai,276400.0,239500.0,2026-06-26,1,2026-07-18,229400.0,22
100681,Mahindra,XUV300,2023,34123,C (Fair),Kolkata,506800.0,565900.0,2026-07-29,0,,,34
100682,Honda,WR-V,2019,86888,A (Excellent),Bengaluru,384400.0,417900.0,2026-08-29,0,,,3
100683,Tata,Nexon,2016,124190,B (Good),Hyderabad,280300.0,254100.0,2026-05-28,1,2026-06-23,249100.0,26
100684,Hyundai,Creta,2023,48950,B (Good),Kolkata,797000.0,826800.0,2026-07-26,1,2026-08-23,778300.0,28
100685,Maruti Suzuki,Dzire,2020,83642,B (Good),Delhi NCR,291900.0,274800.0,2026-08-02,1,2026-08-28,261500.0,26
100686,Hyundai,i20,2019,90863,C (Fair),Delhi NCR,253500.0,266100.0,2026-08-03,0,,,29
100687,Tata,Nexon,2024,17587,C (Fair),Chennai,601800.0,705100.0,2026-08-21,0,,,11
100688,Hyundai,Verna,2021,59334,A (Excellent),Mumbai,582400.0,642700.0,2026-08-12,0,,,20
100689,Tata,Nexon,2018,100322,C (Fair),Kolkata,313000.0,317900.0,2026-05-21,1,2026-06-20,306400.0,30
100690,Kia,Seltos,2021,55354,B (Good),Ahmedabad,655600.0,675500.0,2026-06-24,1,2026-08-05,668800.0,42
100691,Hyundai,i20,2022,46532,B (Good),Pune,392000.0,424200.0,2026-05-16,1,2026-06-15,419400.0,30
100692,Maruti Suzuki,Baleno,2019,95170,A (Excellent),Hyderabad,293000.0,294400.0,2026-06-05,1,2026-06-23,283400.0,18
100693,Kia,Sonet,2018,91509,B (Good),Pune,330500.0,271100.0,2026-06-06,1,2026-06-24,266600.0,18
100694,Kia,Sonet,2023,46199,B (Good),Delhi NCR,556000.0,565900.0,2026-08-01,1,2026-08-28,539200.0,27
100695,Kia,Seltos,2017,102668,B (Good),Pune,427000.0,498400.0,2026-07-19,0,,,44
100696,Tata,Nexon,2023,21289,B (Good),Pune,606200.0,561800.0,2026-07-02,1,2026-08-02,529600.0,31
100697,Tata,Punch,2023,40554,B (Good),Ahmedabad,419500.0,447900.0,2026-08-04,0,,,28
100698,Maruti Suzuki,Baleno,2018,93341,B (Good),Bengaluru,247400.0,270600.0,2026-08-13,0,,,19
100699,Kia,Seltos,2022,35899,B (Good),Bengaluru,735200.0,711700.0,2026-07-09,1,2026-07-22,690400.0,13
100700,Maruti Suzuki,Baleno,2021,72383,B (Good),Chennai,335900.0,307800.0,2026-07-30,1,2026-08-30,303300.0,31
100701,Honda,Amaze,2019,72188,C (Fair),Ahmedabad,250400.0,251800.0,2026-07-26,1,2026-08-23,241600.0,28
100702,Maruti Suzuki,Swift,2024,17187,B (Good),Chennai,432900.0,433100.0,2026-07-06,1,2026-07-29,411000.0,23
100703,Tata,Punch,2019,76290,B (Good),Delhi NCR,277000.0,278600.0,2026-05-22,1,2026-06-10,262000.0,19
100704,Kia,Seltos,2023,52968,B (Good),Pune,793600.0,777300.0,2026-07-04,1,2026-07-31,765500.0,27
100705,Mahindra,Scorpio,2023,41247,B (Good),Delhi NCR,873300.0,819400.0,2026-08-27,0,,,5
100706,Honda,Jazz,2023,25332,C (Fair),Delhi NCR,396300.0,366100.0,2026-05-07,1,2026-05-11,347800.0,4
100707,Maruti Suzuki,Dzire,2023,31796,B (Good),Hyderabad,409200.0,359500.0,2026-05-12,1,2026-06-12,338800.0,31
100708,Maruti Suzuki,WagonR,2024,40113,B (Good),Delhi NCR,345900.0,365800.0,2026-07-24,1,2026-08-26,345500.0,33
100709,Hyundai,Venue,2017,119195,B (Good),Pune,273400.0,300200.0,2026-07-03,1,2026-08-03,286800.0,31
100710,Mahindra,XUV300,2021,65194,A (Excellent),Chennai,487400.0,471800.0,2026-07-09,1,2026-08-05,443600.0,27
100711,Mahindra,XUV700,2022,61093,B (Good),Delhi NCR,1027300.0,1035000.0,2026-06-29,1,2026-07-23,993600.0,24
100712,Kia,Carens,2024,37922,C (Fair),Pune,728100.0,681500.0,2026-08-08,1,2026-08-31,661100.0,23
100713,Maruti Suzuki,Swift,2021,76661,B (Good),Ahmedabad,306500.0,264600.0,2026-08-16,1,2026-08-31,257600.0,15
100714,Tata,Nexon,2024,26364,B (Good),Ahmedabad,662700.0,680000.0,2026-05-28,1,2026-07-07,651000.0,40
100715,Honda,Amaze,2024,21068,B (Good),Delhi NCR,470400.0,547300.0,2026-05-26,1,2026-06-25,521000.0,30
100716,Honda,Jazz,2023,30517,B (Good),Mumbai,438000.0,486300.0,2026-08-30,0,,,2
100717,Maruti Suzuki,Baleno,2019,90414,B (Good),Pune,272700.0,291100.0,2026-07-26,1,2026-08-23,286200.0,28
100718,Honda,Jazz,2021,51554,B (Good),Bengaluru,354900.0,343600.0,2026-07-08,1,2026-08-03,337800.0,26
100719,Mahindra,Scorpio,2021,49280,B (Good),Hyderabad,717200.0,755900.0,2026-07-02,1,2026-07-24,711300.0,22
100720,Kia,Carens,2020,71491,C (Fair),Pune,481800.0,418900.0,2026-07-30,1,2026-08-18,403500.0,19
100721,Mahindra,Scorpio,2019,68882,C (Fair),Bengaluru,523500.0,507900.0,2026-07-29,1,2026-08-19,488500.0,21
100722,Honda,Jazz,2022,47977,A (Excellent),Mumbai,422700.0,402500.0,2026-08-29,0,,,3
100723,Kia,Seltos,2021,60115,A (Excellent),Kolkata,704400.0,693400.0,2026-08-01,0,,,31
100724,Hyundai,Verna,2021,69489,B (Good),Delhi NCR,533400.0,607400.0,2026-06-03,1,2026-07-04,584700.0,31
100725,Maruti Suzuki,Baleno,2022,49615,C (Fair),Bengaluru,340300.0,301000.0,2026-05-08,1,2026-05-30,287800.0,22
100726,Kia,Carens,2022,46494,A (Excellent),Bengaluru,717000.0,710400.0,2026-06-06,1,2026-07-01,675300.0,25
100727,Maruti Suzuki,Dzire,2019,84236,B (Good),Kolkata,265400.0,239000.0,2026-08-30,0,,,2
100728,Honda,Jazz,2024,24756,C (Fair),Bengaluru,435800.0,394700.0,2026-08-23,0,,,9
100729,Tata,Punch,2024,22634,A (Excellent),Bengaluru,507200.0,566600.0,2026-06-02,1,2026-07-16,532800.0,44
100730,Mahindra,XUV300,2022,41512,C (Fair),Delhi NCR,457600.0,472800.0,2026-08-26,0,,,6
100731,Honda,Jazz,2023,27950,A (Excellent),Pune,474300.0,464800.0,2026-06-14,1,2026-07-09,442400.0,25
100732,Hyundai,Creta,2019,84598,B (Good),Hyderabad,526100.0,588500.0,2026-08-23,0,,,9
100733,Mahindra,XUV300,2022,40825,B (Good),Mumbai,508900.0,465200.0,2026-06-03,1,2026-06-26,443700.0,23
100734,Mahindra,Bolero,2024,35027,A (Excellent),Bengaluru,584200.0,548900.0,2026-07-08,1,2026-07-28,526900.0,20
100735,Hyundai,Grand i10,2020,74518,B (Good),Pune,243900.0,181100.0,2026-07-06,1,2026-07-09,171800.0,3
100736,Maruti Suzuki,Baleno,2024,26396,B (Good),Kolkata,467800.0,448800.0,2026-08-16,0,,,16
100737,Toyota,Fortuner,2024,34761,B (Good),Bengaluru,2241600.0,2192200.0,2026-07-04,1,2026-07-29,2108800.0,25
100738,Toyota,Fortuner,2024,21828,A (Excellent),Delhi NCR,2453400.0,2495900.0,2026-05-17,1,2026-06-08,2467500.0,22
100739,Mahindra,XUV700,2022,42038,B (Good),Mumbai,1048200.0,1045800.0,2026-08-26,0,,,6
100740,Tata,Tiago,2021,67789,B (Good),Ahmedabad,270000.0,277300.0,2026-06-10,1,2026-07-15,272100.0,35
100741,Maruti Suzuki,Baleno,2018,93547,B (Good),Delhi NCR,247300.0,242500.0,2026-05-16,1,2026-06-10,231800.0,25
100742,Tata,Tiago,2024,18720,C (Fair),Chennai,339500.0,372500.0,2026-07-20,1,2026-08-24,356200.0,35
100743,Kia,Sonet,2018,76759,A (Excellent),Bengaluru,362700.0,350400.0,2026-08-20,0,,,12
100744,Toyota,Glanza,2022,48597,C (Fair),Delhi NCR,369100.0,403500.0,2026-05-11,1,2026-05-29,396300.0,18
100745,Toyota,Fortuner,2017,110933,B (Good),Kolkata,1067000.0,1152800.0,2026-06-15,1,2026-07-27,1103800.0,42
100746,Kia,Seltos,2018,82748,C (Fair),Hyderabad,431700.0,411800.0,2026-06-08,1,2026-07-02,397000.0,24
100747,Hyundai,Verna,2024,22272,B (Good),Kolkata,743800.0,681200.0,2026-07-24,1,2026-08-23,669900.0,30
100748,Maruti Suzuki,Swift,2020,76598,B (Good),Pune,278900.0,265400.0,2026-06-24,1,2026-07-15,252400.0,21
100749,Mahindra,XUV300,2017,112810,A (Excellent),Pune,317200.0,341400.0,2026-06-29,1,2026-07-25,337100.0,26
100750,Hyundai,i20,2021,57363,B (Good),Mumbai,352700.0,298800.0,2026-06-16,1,2026-07-05,281000.0,19
100751,Maruti Suzuki,Ertiga,2018,107823,B (Good),Bengaluru,304300.0,319500.0,2026-06-08,1,2026-06-28,304100.0,20
100752,Hyundai,Grand i10,2021,59458,B (Good),Pune,272400.0,301700.0,2026-08-19,0,,,13
100753,Honda,Amaze,2022,57319,A (Excellent),Bengaluru,405100.0,366800.0,2026-08-12,1,2026-08-25,351500.0,13
100754,Hyundai,i20,2022,60259,C (Fair),Bengaluru,347700.0,348100.0,2026-08-20,0,,,12
100755,Kia,Seltos,2020,81575,B (Good),Ahmedabad,580000.0,487900.0,2026-08-24,0,,,8
100756,Maruti Suzuki,Dzire,2016,111041,B (Good),Hyderabad,194200.0,212800.0,2026-07-19,1,2026-08-10,202400.0,22
100757,Honda,Amaze,2020,83555,A (Excellent),Ahmedabad,326100.0,282300.0,2026-08-01,1,2026-08-11,277000.0,10
100758,Tata,Punch,2024,16558,A (Excellent),Kolkata,510300.0,482300.0,2026-07-16,1,2026-08-19,463400.0,34
100759,Tata,Tiago,2021,52171,B (Good),Bengaluru,274500.0,305300.0,2026-07-28,0,,,35
100760,Tata,Harrier,2021,63048,B (Good),Mumbai,819800.0,845900.0,2026-08-16,0,,,16
100761,Honda,WR-V,2021,52584,B (Good),Delhi NCR,445900.0,497000.0,2026-06-26,1,2026-07-20,473500.0,24
100762,Honda,Jazz,2019,83185,B (Good),Mumbai,284100.0,308800.0,2026-08-05,1,2026-08-27,294200.0,22
100763,Tata,Nexon,2024,37378,B (Good),Kolkata,655200.0,718300.0,2026-05-24,1,2026-07-06,705200.0,43
100764,Honda,City,2023,16017,B (Good),Bengaluru,645400.0,663500.0,2026-08-31,0,,,1
100765,Maruti Suzuki,WagonR,2018,86995,B (Good),Ahmedabad,186800.0,170500.0,2026-05-19,1,2026-06-19,167200.0,31
100766,Kia,Seltos,2023,34120,B (Good),Chennai,809400.0,744400.0,2026-06-21,1,2026-07-11,718400.0,20
100767,Mahindra,XUV300,2022,42462,B (Good),Bengaluru,508000.0,478600.0,2026-06-11,1,2026-07-05,456000.0,24
100768,Mahindra,XUV300,2024,33447,A (Excellent),Hyderabad,668700.0,693000.0,2026-07-24,1,2026-08-28,676400.0,35
100769,Honda,WR-V,2023,41591,B (Good),Mumbai,544800.0,497800.0,2026-05-23,1,2026-06-19,478600.0,27
100770,Hyundai,Verna,2018,96008,C (Fair),Kolkata,351500.0,302600.0,2026-07-28,1,2026-08-23,297700.0,26
100771,Toyota,Fortuner,2023,39031,C (Fair),Delhi NCR,1827700.0,1709900.0,2026-05-25,1,2026-06-19,1667500.0,25
100772,Kia,Sonet,2021,60798,A (Excellent),Delhi NCR,489700.0,540700.0,2026-06-30,1,2026-07-30,530200.0,30
100773,Toyota,Glanza,2022,36995,B (Good),Ahmedabad,415100.0,451500.0,2026-05-14,1,2026-06-22,425700.0,39
100774,Mahindra,Scorpio,2017,109081,B (Good),Kolkata,460900.0,481600.0,2026-05-14,1,2026-07-01,469600.0,48
100775,Honda,City,2023,40984,B (Good),Mumbai,629000.0,741700.0,2026-07-13,1,2026-08-21,724300.0,39
100776,Tata,Nexon,2021,60888,B (Good),Bengaluru,481700.0,487700.0,2026-06-23,1,2026-07-10,480500.0,17
100777,Hyundai,i20,2023,40150,B (Good),Ahmedabad,433700.0,390200.0,2026-07-25,1,2026-08-15,370300.0,21
100778,Mahindra,Scorpio,2021,60899,A (Excellent),Pune,765100.0,739300.0,2026-05-21,1,2026-06-16,715900.0,26
100779,Maruti Suzuki,Dzire,2020,75572,B (Good),Kolkata,294400.0,290500.0,2026-05-16,1,2026-06-24,284000.0,39
100780,Tata,Nexon,2021,67560,C (Fair),Delhi NCR,430500.0,435800.0,2026-08-12,1,2026-08-27,424600.0,15
100781,Tata,Tiago,2021,56601,B (Good),Kolkata,273300.0,293400.0,2026-06-07,1,2026-07-22,285700.0,45
100782,Tata,Altroz,2023,41948,A (Excellent),Chennai,467500.0,488200.0,2026-06-16,1,2026-07-12,475800.0,26
100783,Mahindra,Bolero,2023,29111,A (Excellent),Ahmedabad,534900.0,538500.0,2026-07-01,1,2026-08-09,521700.0,39
100784,Toyota,Innova,2020,74127,A (Excellent),Hyderabad,878600.0,867200.0,2026-08-20,0,,,12
100785,Toyota,Glanza,2018,115103,B (Good),Kolkata,261600.0,253500.0,2026-06-22,1,2026-07-27,250200.0,35
100786,Honda,Jazz,2023,33708,B (Good),Pune,436600.0,455600.0,2026-07-20,1,2026-08-25,429400.0,36
100787,Maruti Suzuki,WagonR,2021,70242,A (Excellent),Delhi NCR,272700.0,270300.0,2026-08-03,1,2026-08-24,260200.0,21
100788,Maruti Suzuki,Ertiga,2018,89653,B (Good),Mumbai,310500.0,322600.0,2026-08-31,0,,,1
100789,Toyota,Innova,2024,24748,A (Excellent),Ahmedabad,1349500.0,1435000.0,2026-06-28,1,2026-08-03,1386700.0,36
100790,Maruti Suzuki,Swift,2023,37864,C (Fair),Mumbai,347100.0,324600.0,2026-08-12,0,,,20
100791,Honda,WR-V,2023,48908,B (Good),Kolkata,540600.0,494800.0,2026-08-26,0,,,6
100792,Maruti Suzuki,Baleno,2022,51844,A (Excellent),Hyderabad,407400.0,375400.0,2026-06-13,1,2026-07-22,370900.0,39
100793,Honda,Amaze,2019,90462,B (Good),Kolkata,272700.0,289500.0,2026-05-20,1,2026-06-29,286400.0,40
100794,Tata,Altroz,2017,108258,B (Good),Delhi NCR,228800.0,266200.0,2026-08-04,0,,,28
100795,Toyota,Innova,2023,34267,C (Fair),Pune,1013400.0,1030300.0,2026-07-28,1,2026-08-31,1001400.0,34
100796,Hyundai,Venue,2023,52220,B (Good),Pune,518000.0,518200.0,2026-06-15,1,2026-07-12,505900.0,27
100797,Maruti Suzuki,Swift,2019,72536,A (Excellent),Kolkata,275300.0,270000.0,2026-06-13,1,2026-07-24,258100.0,41
100798,Hyundai,Grand i10,2019,93765,A (Excellent),Ahmedabad,234800.0,235300.0,2026-07-01,1,2026-07-25,224100.0,24
100799,Kia,Seltos,2017,104992,B (Good),Bengaluru,425900.0,375500.0,2026-06-06,1,2026-06-12,361500.0,6
100800,Mahindra,Bolero,2018,79740,B (Good),Hyderabad,292900.0,261500.0,2026-05-19,1,2026-06-01,247900.0,13
100801,Tata,Harrier,2024,20835,C (Fair),Chennai,1023300.0,1041200.0,2026-07-10,1,2026-08-17,982200.0,38
100802,Tata,Harrier,2022,47815,A (Excellent),Hyderabad,988800.0,1102600.0,2026-08-02,0,,,30
100803,Mahindra,Bolero,2021,53281,B (Good),Kolkata,399900.0,462100.0,2026-05-19,1,2026-06-29,443800.0,41
100804,Hyundai,Creta,2016,108196,C (Fair),Bengaluru,347600.0,379600.0,2026-07-27,1,2026-08-25,368200.0,29
100805,Toyota,Glanza,2024,23666,C (Fair),Bengaluru,457400.0,396900.0,2026-07-16,1,2026-07-30,381400.0,14
100806,Toyota,Fortuner,2021,55969,B (Good),Ahmedabad,1652100.0,1735400.0,2026-05-25,1,2026-07-16,1655200.0,52
100807,Maruti Suzuki,Ertiga,2021,54515,C (Fair),Pune,385100.0,383500.0,2026-07-13,1,2026-08-12,368300.0,30
100808,Hyundai,Venue,2019,80348,B (Good),Mumbai,344700.0,384500.0,2026-07-11,1,2026-08-20,374500.0,40
100809,Honda,City,2022,55004,A (Excellent),Mumbai,609100.0,565400.0,2026-07-11,1,2026-08-04,558900.0,24
100810,Maruti Suzuki,Dzire,2020,65508,B (Good),Kolkata,297600.0,305000.0,2026-06-01,1,2026-07-10,295800.0,39
100811,Hyundai,i20,2018,92763,B (Good),Pune,255800.0,257700.0,2026-06-15,1,2026-07-11,245000.0,26
100812,Maruti Suzuki,WagonR,2024,14182,A (Excellent),Bengaluru,383700.0,428600.0,2026-05-17,1,2026-06-11,414200.0,25
100813,Honda,WR-V,2024,25117,A (Excellent),Chennai,657700.0,636200.0,2026-08-16,0,,,16
100814,Tata,Harrier,2018,101152,A (Excellent),Chennai,640100.0,649000.0,2026-05-16,1,2026-06-10,626800.0,25
100815,Maruti Suzuki,Swift,2021,63368,A (Excellent),Pune,335700.0,308000.0,2026-08-06,0,,,26
100816,Honda,WR-V,2020,55805,C (Fair),Pune,364000.0,357500.0,2026-06-15,1,2026-07-16,340200.0,31
100817,Hyundai,Creta,2022,51489,C (Fair),Mumbai,651000.0,638000.0,2026-05-15,1,2026-05-31,603100.0,16
100818,Toyota,Fortuner,2020,66810,C (Fair),Bengaluru,1337500.0,1320500.0,2026-05-24,1,2026-06-15,1270900.0,22
100819,Honda,Jazz,2021,60230,B (Good),Kolkata,351600.0,425200.0,2026-07-08,1,2026-08-24,418700.0,47
100820,Tata,Altroz,2020,62764,B (Good),Bengaluru,319100.0,384000.0,2026-06-30,1,2026-07-30,376400.0,30
100821,Hyundai,Creta,2020,76952,B (Good),Delhi NCR,582900.0,576900.0,2026-07-30,1,2026-08-23,567000.0,24
100822,Hyundai,Grand i10,2017,113475,C (Fair),Mumbai,158500.0,157500.0,2026-06-08,1,2026-06-28,148300.0,20
100823,Mahindra,Bolero,2021,59090,A (Excellent),Delhi NCR,429300.0,430500.0,2026-05-28,1,2026-06-21,413200.0,24
100824,Hyundai,Grand i10,2022,54850,A (Excellent),Hyderabad,324900.0,312900.0,2026-07-09,1,2026-07-22,303100.0,13
100825,Hyundai,Creta,2023,34117,A (Excellent),Ahmedabad,874200.0,833900.0,2026-06-20,1,2026-07-23,808200.0,33
100826,Hyundai,Verna,2024,33888,B (Good),Delhi NCR,735000.0,694200.0,2026-05-10,1,2026-06-07,677900.0,28
100827,Maruti Suzuki,WagonR,2019,94195,B (Good),Hyderabad,203700.0,210300.0,2026-06-29,1,2026-07-29,207200.0,30
100828,Maruti Suzuki,Ertiga,2023,33529,C (Fair),Hyderabad,475400.0,455200.0,2026-05-28,1,2026-06-19,441600.0,22
100829,Maruti Suzuki,Baleno,2019,82987,B (Good),Bengaluru,275000.0,226900.0,2026-05-08,1,2026-05-22,220800.0,14
100830,Hyundai,Venue,2023,43389,B (Good),Kolkata,522800.0,497900.0,2026-08-17,0,,,15
100831,Honda,City,2020,60529,A (Excellent),Mumbai,501500.0,534800.0,2026-06-20,1,2026-07-16,528600.0,26
100832,Hyundai,Verna,2020,84285,B (Good),Kolkata,477700.0,517700.0,2026-06-16,1,2026-07-29,496400.0,43
100833,Kia,Sonet,2018,90558,B (Good),Mumbai,330900.0,297000.0,2026-06-29,1,2026-07-14,291400.0,15
100834,Maruti Suzuki,Dzire,2018,89484,B (Good),Kolkata,240200.0,272600.0,2026-07-04,1,2026-08-13,266100.0,40
100835,Kia,Sonet,2020,93260,A (Excellent),Mumbai,430200.0,489600.0,2026-08-08,0,,,24
100836,Hyundai,Grand i10,2024,20783,A (Excellent),Pune,406500.0,432900.0,2026-05-12,1,2026-06-12,418200.0,31
100837,Hyundai,Grand i10,2018,91236,B (Good),Bengaluru,198400.0,189100.0,2026-07-25,1,2026-08-07,184100.0,13
100838,Hyundai,Venue,2022,46231,B (Good),Delhi NCR,474400.0,435200.0,2026-08-11,1,2026-08-25,425600.0,14
100839,Maruti Suzuki,WagonR,2023,32136,B (Good),Bengaluru,317400.0,265100.0,2026-07-27,1,2026-08-14,258900.0,18
100840,Mahindra,Scorpio,2018,89830,A (Excellent),Delhi NCR,558800.0,497300.0,2026-06-22,1,2026-07-05,480500.0,13
100841,Maruti Suzuki,Ertiga,2021,57339,B (Good),Kolkata,426600.0,430800.0,2026-06-09,1,2026-07-09,422000.0,30
100842,Honda,Amaze,2016,129480,B (Good),Chennai,196700.0,174200.0,2026-08-06,0,,,26
100843,Tata,Altroz,2023,26318,C (Fair),Hyderabad,395900.0,363800.0,2026-08-02,1,2026-08-28,360100.0,26
100844,Maruti Suzuki,Swift,2024,34148,A (Excellent),Ahmedabad,459400.0,479800.0,2026-08-27,0,,,5
100845,Hyundai,Creta,2022,47555,B (Good),Kolkata,726300.0,724900.0,2026-08-16,0,,,16
100846,Mahindra,XUV700,2023,14373,B (Good),Delhi NCR,1185100.0,1221300.0,2026-08-29,0,,,3
100847,Toyota,Fortuner,2022,42990,C (Fair),Hyderabad,1656400.0,1698800.0,2026-05-17,1,2026-06-19,1634900.0,33
100848,Hyundai,Grand i10,2017,112617,C (Fair),Mumbai,158600.0,149200.0,2026-08-07,1,2026-08-30,140400.0,23
100849,Tata,Harrier,2016,121067,A (Excellent),Chennai,518300.0,541600.0,2026-05-06,1,2026-06-16,526500.0,41
100850,Mahindra,Bolero,2020,77915,B (Good),Hyderabad,354500.0,341500.0,2026-06-28,1,2026-07-20,333200.0,22
100851,Maruti Suzuki,Ertiga,2018,87573,C (Fair),Hyderabad,280100.0,273100.0,2026-08-16,0,,,16
100852,Tata,Harrier,2021,59825,B (Good),Delhi NCR,822700.0,875000.0,2026-08-17,0,,,15
100853,Maruti Suzuki,Baleno,2024,26143,B (Good),Ahmedabad,467900.0,493900.0,2026-08-20,0,,,12
100854,Hyundai,Venue,2023,48823,C (Fair),Mumbai,467900.0,465200.0,2026-08-25,0,,,7
100855,Maruti Suzuki,Swift,2020,57655,A (Excellent),Pune,307400.0,351500.0,2026-07-09,1,2026-08-17,344300.0,39
100856,Honda,Amaze,2017,123582,B (Good),Bengaluru,217600.0,212800.0,2026-08-11,1,2026-08-22,202400.0,11
100857,Tata,Altroz,2021,70625,A (Excellent),Mumbai,375500.0,439400.0,2026-06-09,1,2026-07-19,419400.0,40
100858,Tata,Harrier,2017,113453,B (Good),Mumbai,532000.0,578000.0,2026-07-19,1,2026-08-24,552500.0,36
100859,Mahindra,XUV300,2021,55066,B (Good),Hyderabad,456200.0,446200.0,2026-08-24,0,,,8
100860,Maruti Suzuki,Dzire,2021,51278,A (Excellent),Hyderabad,358600.0,354000.0,2026-06-04,1,2026-06-25,339500.0,21
100861,Tata,Tiago,2019,79998,A (Excellent),Mumbai,238300.0,223200.0,2026-06-09,1,2026-07-07,209800.0,28
100862,Mahindra,XUV300,2019,78629,C (Fair),Kolkata,331500.0,335500.0,2026-07-23,1,2026-08-20,327600.0,28
100863,Honda,Jazz,2019,81297,A (Excellent),Delhi NCR,307400.0,261200.0,2026-06-23,1,2026-07-11,249000.0,18
100864,Kia,Sonet,2019,88330,B (Good),Mumbai,364500.0,354500.0,2026-08-15,0,,,17
100865,Honda,Jazz,2023,35315,A (Excellent),Pune,470700.0,506000.0,2026-05-05,1,2026-06-04,482100.0,30
100866,Hyundai,Venue,2022,55533,B (Good),Bengaluru,469700.0,519500.0,2026-08-31,0,,,1
100867,Hyundai,i20,2021,60994,B (Good),Mumbai,351300.0,342800.0,2026-07-01,1,2026-07-27,326200.0,26
100868,Maruti Suzuki,WagonR,2023,32759,B (Good),Kolkata,317200.0,337200.0,2026-07-25,1,2026-08-26,324100.0,32
100869,Hyundai,Creta,2022,49686,B (Good),Chennai,724700.0,709200.0,2026-08-09,0,,,23
100870,Honda,WR-V,2023,31997,A (Excellent),Ahmedabad,594200.0,455600.0,2026-07-12,1,2026-07-27,431900.0,15
100871,Hyundai,Creta,2021,69486,B (Good),Mumbai,645800.0,685500.0,2026-06-17,1,2026-07-23,675600.0,36
100872,Maruti Suzuki,Swift,2020,62904,A (Excellent),Chennai,305700.0,312600.0,2026-05-19,1,2026-06-20,303000.0,32
100873,Honda,Amaze,2023,44007,B (Good),Hyderabad,418000.0,471100.0,2026-07-18,1,2026-08-23,452000.0,36
100874,Maruti Suzuki,Ertiga,2017,99641,B (Good),Hyderabad,279400.0,324300.0,2026-07-28,1,2026-08-23,309000.0,26
100875,Honda,WR-V,2024,30935,B (Good),Kolkata,605300.0,568900.0,2026-08-22,0,,,10
100876,Tata,Harrier,2021,54292,B (Good),Hyderabad,827500.0,715300.0,2026-05-05,1,2026-05-20,682000.0,15
100877,Hyundai,Grand i10,2020,64986,A (Excellent),Bengaluru,266200.0,254700.0,2026-08-19,0,,,13
100878,Maruti Suzuki,Swift,2021,62768,B (Good),Ahmedabad,311100.0,324800.0,2026-06-05,1,2026-07-06,315100.0,31
100879,Honda,City,2021,56484,B (Good),Delhi NCR,512400.0,455100.0,2026-08-31,0,,,1
100880,Tata,Punch,2024,22665,B (Good),Ahmedabad,469600.0,419300.0,2026-08-13,0,,,19
100881,Hyundai,Verna,2021,53351,B (Good),Mumbai,542700.0,601400.0,2026-08-29,0,,,3
100882,Honda,City,2020,68302,B (Good),Bengaluru,460500.0,394200.0,2026-05-27,1,2026-06-02,386400.0,6
100883,Tata,Altroz,2022,42417,C (Fair),Pune,354300.0,395100.0,2026-06-27,1,2026-07-20,381200.0,23
100884,Hyundai,i20,2023,31040,B (Good),Hyderabad,437800.0,414700.0,2026-07-10,1,2026-07-28,399800.0,18
100885,Mahindra,Scorpio,2018,95990,C (Fair),Mumbai,462500.0,482500.0,2026-08-28,0,,,4
100886,Maruti Suzuki,Baleno,2018,84035,A (Excellent),Kolkata,269900.0,269600.0,2026-08-14,0,,,18
100887,Hyundai,Grand i10,2024,23935,C (Fair),Kolkata,337700.0,288200.0,2026-06-23,1,2026-07-23,275500.0,30
100888,Maruti Suzuki,Ertiga,2022,44464,B (Good),Bengaluru,475200.0,476200.0,2026-06-20,1,2026-07-13,470500.0,23
100889,Tata,Tiago,2021,57539,B (Good),Delhi NCR,273000.0,260400.0,2026-08-03,1,2026-08-30,248200.0,27
100890,Tata,Altroz,2024,15331,B (Good),Hyderabad,488900.0,518000.0,2026-07-12,1,2026-08-18,509900.0,37
100891,Mahindra,XUV300,2016,110003,A (Excellent),Kolkata,289600.0,237900.0,2026-06-03,1,2026-06-23,226200.0,20
100892,Hyundai,Grand i10,2023,48064,A (Excellent),Bengaluru,359600.0,396000.0,2026-06-04,1,2026-06-27,377200.0,23
100893,Tata,Nexon,2024,19560,B (Good),Delhi NCR,667400.0,655700.0,2026-07-28,1,2026-08-14,621600.0,17
100894,Hyundai,Creta,2023,36707,B (Good),Pune,807300.0,781600.0,2026-08-02,1,2026-08-21,741500.0,19
100895,Kia,Sonet,2019,87598,B (Good),Ahmedabad,364800.0,363400.0,2026-08-29,0,,,3
100896,Honda,WR-V,2019,88294,A (Excellent),Pune,383800.0,332300.0,2026-08-11,1,2026-08-30,316600.0,19
100897,Hyundai,Grand i10,2021,52161,B (Good),Kolkata,274600.0,257600.0,2026-08-14,0,,,18
100898,Mahindra,Scorpio,2018,83069,A (Excellent),Bengaluru,562900.0,452800.0,2026-06-13,1,2026-06-23,446000.0,10
100899,Maruti Suzuki,Baleno,2023,37845,B (Good),Kolkata,420700.0,420700.0,2026-07-05,1,2026-08-06,398800.0,32
100900,Toyota,Fortuner,2021,57704,B (Good),Kolkata,1649000.0,1819800.0,2026-06-20,1,2026-08-04,1718500.0,45
100901,Maruti Suzuki,WagonR,2022,40555,B (Good),Pune,286300.0,266200.0,2026-07-08,1,2026-08-08,253400.0,31
100902,Honda,Amaze,2018,104079,B (Good),Chennai,244500.0,215200.0,2026-08-24,0,,,8
100903,Honda,Amaze,2021,69210,C (Fair),Ahmedabad,303300.0,272900.0,2026-05-29,1,2026-06-17,267300.0,19
100904,Hyundai,Verna,2023,39991,A (Excellent),Bengaluru,717800.0,695700.0,2026-05-05,1,2026-05-27,676600.0,22
100905,Maruti Suzuki,Swift,2021,49125,A (Excellent),Delhi NCR,340800.0,337400.0,2026-05-05,1,2026-06-02,324200.0,28
100906,Honda,Amaze,2022,58793,C (Fair),Chennai,337000.0,337800.0,2026-05-24,1,2026-06-27,320900.0,34
100907,Tata,Harrier,2020,78435,C (Fair),Pune,660400.0,644600.0,2026-05-14,1,2026-06-09,624000.0,26
100908,Maruti Suzuki,Baleno,2024,27275,C (Fair),Delhi NCR,420600.0,404500.0,2026-05-27,1,2026-06-18,394200.0,22
100909,Toyota,Innova,2020,71536,A (Excellent),Hyderabad,881000.0,787900.0,2026-05-22,1,2026-06-10,752400.0,19
100910,Tata,Nexon,2017,108341,B (Good),Bengaluru,313600.0,333200.0,2026-06-03,1,2026-06-29,323300.0,26
100911,Honda,Amaze,2022,48616,A (Excellent),Chennai,408800.0,424900.0,2026-08-06,0,,,26
100912,Maruti Suzuki,Swift,2021,58288,B (Good),Kolkata,312600.0,347800.0,2026-06-15,1,2026-07-29,335700.0,44
100913,Toyota,Fortuner,2022,49025,A (Excellent),Ahmedabad,1975100.0,1832900.0,2026-07-12,1,2026-08-06,1789600.0,25
100914,Maruti Suzuki,Baleno,2022,35428,B (Good),Hyderabad,383800.0,351600.0,2026-05-27,1,2026-06-16,335200.0,20
100915,Maruti Suzuki,Ertiga,2024,18307,A (Excellent),Hyderabad,636800.0,596400.0,2026-08-11,1,2026-08-25,583400.0,14
100916,Toyota,Innova,2020,79742,B (Good),Ahmedabad,808600.0,837600.0,2026-06-17,1,2026-07-18,814800.0,31
100917,Kia,Seltos,2022,52550,B (Good),Ahmedabad,722500.0,702600.0,2026-06-27,1,2026-07-20,684300.0,23
100918,Honda,Amaze,2017,120844,B (Good),Chennai,218300.0,177400.0,2026-07-31,1,2026-08-12,173500.0,12
100919,Toyota,Fortuner,2022,59767,A (Excellent),Hyderabad,1952800.0,2101600.0,2026-06-11,1,2026-07-16,2029400.0,35
100920,Tata,Harrier,2019,81528,A (Excellent),Hyderabad,718800.0,582600.0,2026-08-26,0,,,6
100921,Maruti Suzuki,WagonR,2023,19880,B (Good),Bengaluru,321400.0,360500.0,2026-07-15,1,2026-08-28,341800.0,44
100922,Maruti Suzuki,Swift,2019,78400,A (Excellent),Pune,273600.0,268100.0,2026-06-19,1,2026-07-18,260000.0,29
100923,Hyundai,Creta,2019,82209,C (Fair),Ahmedabad,474700.0,434500.0,2026-05-20,1,2026-06-16,419500.0,27
100924,Mahindra,Scorpio,2024,9040,B (Good),Chennai,992000.0,910100.0,2026-07-01,1,2026-07-24,873300.0,23
100925,Tata,Harrier,2022,48382,C (Fair),Chennai,823500.0,801400.0,2026-08-28,0,,,4
100926,Hyundai,Grand i10,2024,34691,B (Good),Bengaluru,371000.0,373400.0,2026-05-11,1,2026-05-29,364300.0,18
100927,Hyundai,Venue,2024,13060,C (Fair),Kolkata,533500.0,575400.0,2026-08-10,0,,,22
100928,Mahindra,Scorpio,2021,62477,B (Good),Chennai,707200.0,737500.0,2026-06-07,1,2026-07-16,712500.0,39
100929,Maruti Suzuki,Swift,2019,87737,B (Good),Kolkata,250700.0,265600.0,2026-07-10,1,2026-08-23,259400.0,44
100930,Honda,Amaze,2024,28384,B (Good),Bengaluru,466800.0,410600.0,2026-05-20,1,2026-06-07,388400.0,18
100931,Tata,Nexon,2017,101120,C (Fair),Hyderabad,284600.0,287900.0,2026-08-13,0,,,19
100932,Maruti Suzuki,Baleno,2024,21556,B (Good),Hyderabad,470100.0,527800.0,2026-06-28,1,2026-08-02,508300.0,35
100933,Hyundai,Grand i10,2024,29494,C (Fair),Hyderabad,335700.0,317700.0,2026-07-12,1,2026-07-27,312600.0,15
100934,Kia,Sonet,2024,38203,B (Good),Hyderabad,616200.0,534100.0,2026-06-10,1,2026-07-01,520200.0,21
100935,Hyundai,Grand i10,2022,34902,B (Good),Bengaluru,307200.0,291600.0,2026-05-12,1,2026-06-08,281800.0,27
100936,Tata,Punch,2021,55268,B (Good),Delhi NCR,342100.0,389900.0,2026-06-17,1,2026-07-15,382500.0,28
100937,Honda,WR-V,2018,100351,C (Fair),Pune,287200.0,258600.0,2026-06-26,1,2026-07-14,244500.0,18
100938,Kia,Sonet,2020,69943,A (Excellent),Pune,441300.0,452300.0,2026-08-28,0,,,4
100939,Toyota,Innova,2019,70820,A (Excellent),Bengaluru,802400.0,851100.0,2026-08-30,0,,,2
100940,Maruti Suzuki,Swift,2020,74690,B (Good),Chennai,279500.0,260900.0,2026-06-27,1,2026-07-22,256300.0,25
100941,Tata,Altroz,2023,46153,B (Good),Kolkata,431000.0,458900.0,2026-05-11,1,2026-06-30,441500.0,50
100942,Tata,Altroz,2020,76006,C (Fair),Mumbai,283100.0,261700.0,2026-05-11,1,2026-06-07,246800.0,27
100943,Hyundai,Venue,2020,73353,B (Good),Mumbai,381600.0,408100.0,2026-06-17,1,2026-07-13,394500.0,26
100944,Hyundai,Verna,2019,91239,B (Good),Delhi NCR,431400.0,422700.0,2026-08-25,0,,,7
100945,Mahindra,XUV700,2016,125772,A (Excellent),Hyderabad,586700.0,574500.0,2026-08-30,0,,,2
100946,Mahindra,Bolero,2023,42907,B (Good),Chennai,488200.0,487500.0,2026-05-24,1,2026-06-25,468100.0,32
100947,Toyota,Glanza,2020,58207,B (Good),Mumbai,336200.0,314800.0,2026-05-06,1,2026-06-05,300000.0,30
100948,Hyundai,Verna,2021,68173,C (Fair),Kolkata,480800.0,542900.0,2026-05-10,1,2026-06-25,519000.0,46
100949,Maruti Suzuki,Ertiga,2023,47358,A (Excellent),Chennai,562300.0,515300.0,2026-07-28,1,2026-08-29,498400.0,32
100950,Maruti Suzuki,Ertiga,2021,63485,C (Fair),Delhi NCR,381500.0,396900.0,2026-05-26,1,2026-06-25,381100.0,30
100951,Maruti Suzuki,Ertiga,2024,35763,B (Good),Delhi NCR,579100.0,611400.0,2026-05-16,1,2026-06-12,601500.0,27
100952,Mahindra,XUV700,2017,101477,A (Excellent),Chennai,662600.0,589000.0,2026-06-05,1,2026-06-26,558500.0,21
100953,Hyundai,Verna,2020,67189,B (Good),Delhi NCR,486600.0,495800.0,2026-07-04,1,2026-08-03,485500.0,30
100954,Kia,Seltos,2023,38449,B (Good),Bengaluru,805800.0,789100.0,2026-05-07,1,2026-05-24,775000.0,17
100955,Maruti Suzuki,Swift,2021,59441,B (Good),Delhi NCR,312200.0,351600.0,2026-08-11,0,,,21
100956,Tata,Altroz,2022,57640,B (Good),Bengaluru,387400.0,392500.0,2026-05-19,1,2026-06-15,375300.0,27
100957,Hyundai,Venue,2018,84407,B (Good),Ahmedabad,312300.0,296600.0,2026-06-09,1,2026-07-13,286400.0,34
100958,Tata,Punch,2022,58262,B (Good),Kolkata,374700.0,377300.0,2026-08-02,0,,,30
100959,Honda,WR-V,2023,40261,A (Excellent),Ahmedabad,589200.0,740000.0,2026-06-15,1,2026-08-03,729800.0,49
100960,Maruti Suzuki,Swift,2018,91962,C (Fair),Kolkata,204400.0,206800.0,2026-06-27,1,2026-07-31,204200.0,34
100961,Kia,Carens,2017,94355,B (Good),Ahmedabad,393500.0,361800.0,2026-08-29,0,,,3
100962,Honda,Jazz,2023,33903,B (Good),Hyderabad,436500.0,431800.0,2026-06-03,1,2026-07-03,408300.0,30
100963,Tata,Harrier,2022,40605,B (Good),Chennai,922500.0,1069000.0,2026-05-14,1,2026-07-11,1034300.0,58
100964,Tata,Nexon,2024,31812,A (Excellent),Pune,711700.0,843500.0,2026-06-09,1,2026-07-17,805100.0,38
100965,Hyundai,Verna,2022,51802,B (Good),Hyderabad,597400.0,564200.0,2026-07-06,1,2026-07-22,531600.0,16
100966,Kia,Sonet,2018,99136,C (Fair),Chennai,295000.0,282500.0,2026-05-21,1,2026-06-16,269200.0,26
100967,Hyundai,Verna,2020,69062,C (Fair),Bengaluru,437100.0,433300.0,2026-05-27,1,2026-06-29,428000.0,33
100968,Kia,Seltos,2021,55672,B (Good),Chennai,655300.0,527700.0,2026-06-22,1,2026-07-06,513100.0,14
100969,Hyundai,i20,2019,76641,A (Excellent),Ahmedabad,309000.0,283000.0,2026-08-31,0,,,1
100970,Toyota,Fortuner,2022,45885,B (Good),Kolkata,1834900.0,1707000.0,2026-05-24,1,2026-06-17,1653400.0,24
100971,Tata,Punch,2017,112238,B (Good),Kolkata,220400.0,254700.0,2026-06-26,1,2026-08-12,251200.0,47
100972,Hyundai,Creta,2016,114748,C (Fair),Kolkata,345000.0,349100.0,2026-06-18,1,2026-07-25,331500.0,37
100973,Tata,Punch,2021,56281,B (Good),Bengaluru,341700.0,358000.0,2026-05-24,1,2026-06-18,341600.0,25
100974,Hyundai,Verna,2024,22511,C (Fair),Kolkata,669300.0,704800.0,2026-06-13,1,2026-07-22,683700.0,39
100975,Maruti Suzuki,Ertiga,2018,93806,B (Good),Ahmedabad,309100.0,294600.0,2026-08-26,0,,,6
100976,Hyundai,Creta,2021,71122,C (Fair),Bengaluru,580200.0,648900.0,2026-05-30,1,2026-06-28,638500.0,29
100977,Mahindra,XUV300,2022,33709,B (Good),Chennai,512600.0,567200.0,2026-07-04,1,2026-08-10,542000.0,37
100978,Mahindra,Bolero,2017,106877,B (Good),Bengaluru,258700.0,246500.0,2026-08-13,1,2026-08-31,243400.0,18
100979,Hyundai,Venue,2018,90682,A (Excellent),Bengaluru,334900.0,313500.0,2026-07-02,1,2026-07-21,301800.0,19
100980,Toyota,Innova,2021,63028,B (Good),Pune,904700.0,856700.0,2026-08-04,0,,,28
100981,Tata,Nexon,2023,36821,C (Fair),Mumbai,537000.0,507100.0,2026-05-21,1,2026-06-10,488600.0,20
100982,Hyundai,Venue,2024,27694,A (Excellent),Bengaluru,630700.0,675200.0,2026-07-10,1,2026-07-31,637100.0,21
100983,Hyundai,Verna,2020,76863,B (Good),Mumbai,481600.0,524700.0,2026-08-26,0,,,6
100984,Hyundai,Venue,2023,26984,C (Fair),Bengaluru,478600.0,523200.0,2026-08-29,0,,,3
100985,Tata,Nexon,2022,45275,A (Excellent),Ahmedabad,581200.0,659900.0,2026-05-30,1,2026-07-05,637800.0,36
100986,Tata,Harrier,2021,64938,B (Good),Ahmedabad,818200.0,819300.0,2026-05-11,1,2026-06-29,778200.0,49
100987,Honda,Amaze,2019,90755,B (Good),Hyderabad,272600.0,298900.0,2026-08-26,0,,,6
100988,Maruti Suzuki,WagonR,2020,76137,B (Good),Mumbai,228300.0,283100.0,2026-06-23,1,2026-07-31,279500.0,38
100989,Maruti Suzuki,WagonR,2020,63030,B (Good),Delhi NCR,231500.0,182200.0,2026-08-01,1,2026-08-07,171400.0,6
100990,Hyundai,Venue,2021,68668,B (Good),Mumbai,421500.0,408900.0,2026-08-18,0,,,14
100991,Hyundai,i20,2019,91507,B (Good),Kolkata,281500.0,267000.0,2026-08-11,0,,,21
100992,Maruti Suzuki,Swift,2024,14794,A (Excellent),Delhi NCR,468600.0,468600.0,2026-07-05,1,2026-07-24,452200.0,19
100993,Maruti Suzuki,WagonR,2017,102060,B (Good),Hyderabad,167200.0,164000.0,2026-06-08,1,2026-07-14,160200.0,36
100994,Maruti Suzuki,Baleno,2020,88784,A (Excellent),Hyderabad,324300.0,368700.0,2026-07-07,1,2026-08-14,361100.0,38
100995,Toyota,Fortuner,2023,31224,B (Good),Delhi NCR,2047300.0,2237400.0,2026-08-30,0,,,2
100996,Maruti Suzuki,WagonR,2021,63833,B (Good),Chennai,254200.0,277000.0,2026-08-19,0,,,13
100997,Tata,Tiago,2022,52370,C (Fair),Mumbai,271500.0,279600.0,2026-05-13,1,2026-06-02,264900.0,20
100998,Kia,Seltos,2023,44654,A (Excellent),Pune,864700.0,826700.0,2026-08-11,0,,,21
100999,Hyundai,Venue,2021,69427,B (Good),Chennai,421200.0,362600.0,2026-07-16,1,2026-08-14,353400.0,29
101000,Kia,Sonet,2023,32766,A (Excellent),Pune,609000.0,609100.0,2026-07-04,1,2026-07-30,594200.0,26
101001,Mahindra,XUV700,2022,48722,B (Good),Hyderabad,1040900.0,1111500.0,2026-05-08,1,2026-06-04,1070700.0,27
101002,Hyundai,i20,2023,41838,C (Fair),Mumbai,389600.0,438400.0,2026-08-28,0,,,4
101003,Maruti Suzuki,Baleno,2024,14181,B (Good),Delhi NCR,473700.0,381700.0,2026-07-20,1,2026-07-30,370900.0,10
101004,Toyota,Fortuner,2021,61537,B (Good),Delhi NCR,1642300.0,1787400.0,2026-05-17,1,2026-06-09,1694700.0,23
101005,Kia,Seltos,2017,121907,A (Excellent),Kolkata,451300.0,484700.0,2026-05-27,1,2026-07-01,476400.0,35
101006,Kia,Sonet,2023,34177,C (Fair),Kolkata,506800.0,463900.0,2026-05-24,1,2026-07-01,458100.0,38
101007,Mahindra,Scorpio,2022,49602,B (Good),Chennai,787800.0,668700.0,2026-06-26,1,2026-07-09,650800.0,13
101008,Kia,Carens,2016,109276,C (Fair),Kolkata,317000.0,307900.0,2026-06-08,1,2026-07-06,298300.0,28
101009,Maruti Suzuki,WagonR,2017,113127,A (Excellent),Bengaluru,178400.0,190000.0,2026-06-24,1,2026-07-25,186400.0,31
101010,Tata,Harrier,2019,77095,A (Excellent),Ahmedabad,722200.0,814600.0,2026-06-07,1,2026-07-15,769200.0,38
101011,Mahindra,XUV700,2023,28829,B (Good),Pune,1167700.0,1268900.0,2026-05-25,1,2026-07-06,1195400.0,42
101012,Maruti Suzuki,Dzire,2021,58369,C (Fair),Delhi NCR,296600.0,311600.0,2026-05-12,1,2026-06-02,294800.0,21
101013,Maruti Suzuki,Dzire,2024,41548,B (Good),Pune,445200.0,456400.0,2026-06-19,1,2026-07-26,441100.0,37
101014,Maruti Suzuki,WagonR,2022,56429,B (Good),Delhi NCR,281600.0,299600.0,2026-08-31,0,,,1
101015,Hyundai,Creta,2021,57440,B (Good),Ahmedabad,654100.0,685200.0,2026-08-08,0,,,24
101016,Maruti Suzuki,WagonR,2017,106792,A (Excellent),Bengaluru,179600.0,165900.0,2026-07-02,1,2026-07-05,161500.0,3
101017,Hyundai,Grand i10,2023,40356,B (Good),Mumbai,335700.0,361700.0,2026-06-13,1,2026-07-19,344200.0,36
101018,Tata,Nexon,2023,46720,B (Good),Bengaluru,590500.0,549200.0,2026-08-24,0,,,8
101019,Kia,Sonet,2024,27192,B (Good),Ahmedabad,623200.0,619700.0,2026-05-25,1,2026-06-18,611900.0,24
101020,Honda,WR-V,2022,42328,C (Fair),Chennai,445800.0,522700.0,2026-07-28,1,2026-08-28,492200.0,31
101021,Mahindra,XUV300,2022,53037,C (Fair),Ahmedabad,452100.0,444500.0,2026-05-21,1,2026-06-22,437800.0,32
101022,Kia,Seltos,2019,92872,A (Excellent),Kolkata,563000.0,606300.0,2026-05-20,1,2026-06-26,570900.0,37
101023,Honda,WR-V,2017,127248,B (Good),Chennai,281700.0,289400.0,2026-07-23,1,2026-08-25,279400.0,33
101024,Maruti Suzuki,Ertiga,2017,102008,A (Excellent),Kolkata,301000.0,285900.0,2026-08-27,0,,,5
101025,Honda,City,2024,24248,B (Good),Chennai,703200.0,705500.0,2026-05-07,1,2026-05-27,684900.0,20
101026,Kia,Sonet,2020,69454,B (Good),Kolkata,408800.0,430900.0,2026-08-30,0,,,2
101027,Hyundai,Venue,2022,48070,A (Excellent),Mumbai,511300.0,513800.0,2026-05-17,1,2026-06-11,505700.0,25
101028,Honda,Jazz,2020,54251,B (Good),Kolkata,322000.0,392100.0,2026-08-17,0,,,15
101029,Honda,Jazz,2018,98251,B (Good),Chennai,254200.0,262400.0,2026-05-16,1,2026-06-21,257400.0,36
101030,Kia,Sonet,2022,41115,B (Good),Mumbai,508700.0,478800.0,2026-08-29,0,,,3
101031,Hyundai,i20,2021,58140,B (Good),Delhi NCR,352400.0,310000.0,2026-07-21,1,2026-08-14,299000.0,24
101032,Kia,Seltos,2021,52792,A (Excellent),Bengaluru,709900.0,641500.0,2026-05-07,1,2026-05-25,613900.0,18
101033,Honda,Amaze,2020,74567,B (Good),Mumbai,304900.0,279400.0,2026-07-31,1,2026-08-18,263200.0,18
101034,Honda,Jazz,2022,54456,B (Good),Mumbai,388800.0,347400.0,2026-08-29,0,,,3
101035,Hyundai,Venue,2017,105183,C (Fair),Kolkata,249900.0,230400.0,2026-08-08,0,,,24
101036,Maruti Suzuki,WagonR,2018,114678,C (Fair),Chennai,163100.0,159300.0,2026-08-28,0,,,4
101037,Tata,Harrier,2020,88622,B (Good),Chennai,725700.0,734900.0,2026-07-05,1,2026-08-06,697300.0,32
101038,Tata,Tiago,2021,46672,B (Good),Mumbai,276100.0,282800.0,2026-07-06,1,2026-08-15,271300.0,40
101039,Mahindra,Bolero,2022,55822,B (Good),Bengaluru,438300.0,314500.0,2026-07-01,1,2026-07-09,297800.0,8
101040,Tata,Altroz,2017,104680,B (Good),Kolkata,229700.0,260800.0,2026-06-28,1,2026-07-30,248400.0,32
101041,Mahindra,Bolero,2021,49647,C (Fair),Hyderabad,361300.0,360100.0,2026-08-09,0,,,23
101042,Maruti Suzuki,Swift,2016,117916,C (Fair),Pune,164400.0,169900.0,2026-06-21,1,2026-07-27,161500.0,36
101043,Mahindra,XUV700,2018,88270,A (Excellent),Mumbai,738800.0,827000.0,2026-07-06,1,2026-08-13,798200.0,38
101044,Mahindra,Bolero,2018,102918,B (Good),Chennai,285600.0,289400.0,2026-06-09,1,2026-07-03,276300.0,24
101045,Hyundai,Verna,2024,24070,A (Excellent),Chennai,801800.0,768400.0,2026-06-13,1,2026-07-24,745600.0,41
101046,Hyundai,Grand i10,2021,66904,B (Good),Chennai,270300.0,260400.0,2026-08-29,0,,,3
101047,Hyundai,Creta,2019,69432,B (Good),Hyderabad,534800.0,538500.0,2026-08-16,0,,,16
101048,Toyota,Glanza,2024,29283,A (Excellent),Kolkata,545700.0,538500.0,2026-07-26,1,2026-08-24,520000.0,29
101049,Toyota,Glanza,2023,29047,A (Excellent),Ahmedabad,496700.0,546900.0,2026-06-20,1,2026-07-27,535300.0,37
101050,Toyota,Innova,2024,42586,C (Fair),Delhi NCR,1104000.0,1067200.0,2026-05-05,1,2026-05-29,1027500.0,24
101051,Toyota,Innova,2017,118565,A (Excellent),Pune,630300.0,604600.0,2026-06-14,1,2026-07-11,595000.0,27
101052,Tata,Punch,2023,37848,A (Excellent),Chennai,454300.0,514700.0,2026-05-05,1,2026-06-12,490500.0,38
101053,Toyota,Fortuner,2016,121396,A (Excellent),Pune,1036300.0,1045600.0,2026-06-29,1,2026-07-27,1007900.0,28
101054,Maruti Suzuki,Swift,2019,71062,C (Fair),Delhi NCR,229800.0,236900.0,2026-07-28,1,2026-08-25,230000.0,28
101055,Hyundai,Creta,2016,105385,A (Excellent),Delhi NCR,418400.0,399400.0,2026-07-21,1,2026-08-02,392600.0,12
101056,Maruti Suzuki,Swift,2018,100440,B (Good),Kolkata,225000.0,230700.0,2026-08-08,0,,,24
101057,Hyundai,i20,2021,53518,A (Excellent),Chennai,382500.0,423900.0,2026-08-13,0,,,19
101058,Toyota,Fortuner,2024,20233,B (Good),Hyderabad,2275300.0,2504900.0,2026-08-16,0,,,16
101059,Tata,Altroz,2018,97813,B (Good),Bengaluru,254400.0,263700.0,2026-07-11,1,2026-08-10,252500.0,30
101060,Maruti Suzuki,Ertiga,2024,24861,B (Good),Kolkata,585700.0,638300.0,2026-07-12,1,2026-08-16,620000.0,35
101061,Hyundai,Grand i10,2022,34668,B (Good),Delhi NCR,307300.0,324200.0,2026-06-20,1,2026-07-07,307200.0,17
101062,Mahindra,XUV700,2024,22405,A (Excellent),Pune,1395100.0,1342800.0,2026-07-13,1,2026-08-06,1299800.0,24
101063,Maruti Suzuki,Dzire,2022,49918,B (Good),Delhi NCR,365400.0,333500.0,2026-06-04,1,2026-06-15,327600.0,11
101064,Hyundai,Grand i10,2018,97832,B (Good),Bengaluru,196900.0,185000.0,2026-07-16,1,2026-08-12,177900.0,27
101065,Maruti Suzuki,Ertiga,2022,54822,B (Good),Kolkata,470100.0,429600.0,2026-07-31,1,2026-08-25,409300.0,25
101066,Honda,Amaze,2021,46914,B (Good),Delhi NCR,345100.0,336700.0,2026-07-08,1,2026-07-29,316900.0,21
101067,Maruti Suzuki,Dzire,2020,62319,B (Good),Delhi NCR,298700.0,352700.0,2026-05-23,1,2026-06-19,343500.0,27
101068,Maruti Suzuki,Dzire,2024,23879,C (Fair),Delhi NCR,408000.0,332400.0,2026-06-01,1,2026-06-20,316600.0,19
101069,Maruti Suzuki,Dzire,2017,99458,C (Fair),Hyderabad,194500.0,168700.0,2026-08-02,1,2026-08-28,158600.0,26
101070,Maruti Suzuki,Ertiga,2023,36746,B (Good),Chennai,526500.0,435000.0,2026-05-29,1,2026-06-12,418300.0,14
101071,Tata,Harrier,2023,45084,A (Excellent),Ahmedabad,1089700.0,1044700.0,2026-06-09,1,2026-07-11,1022800.0,32
101072,Hyundai,Verna,2022,61334,B (Good),Kolkata,591300.0,607700.0,2026-07-09,1,2026-08-16,592900.0,38
101073,Mahindra,Scorpio,2023,37544,B (Good),Ahmedabad,876700.0,750400.0,2026-05-29,1,2026-06-15,718000.0,17
101074,Maruti Suzuki,Baleno,2022,40284,B (Good),Hyderabad,381900.0,380100.0,2026-07-24,1,2026-08-17,369800.0,24
101075,Honda,City,2020,64712,A (Excellent),Ahmedabad,499200.0,419900.0,2026-08-16,0,,,16
101076,Honda,WR-V,2021,58719,A (Excellent),Delhi NCR,478500.0,468000.0,2026-07-16,1,2026-08-23,447200.0,38
101077,Hyundai,Creta,2023,47916,A (Excellent),Kolkata,861700.0,804300.0,2026-07-09,1,2026-08-02,782300.0,24
101078,Mahindra,Scorpio,2023,36699,B (Good),Delhi NCR,877500.0,876200.0,2026-08-12,0,,,20
101079,Hyundai,Venue,2023,52069,A (Excellent),Chennai,559500.0,661400.0,2026-06-16,1,2026-08-06,638100.0,51
101080,Maruti Suzuki,WagonR,2018,92892,B (Good),Bengaluru,185600.0,188300.0,2026-05-15,1,2026-06-11,180800.0,27
101081,Maruti Suzuki,Ertiga,2024,15082,A (Excellent),Chennai,638900.0,645100.0,2026-06-03,1,2026-07-11,610900.0,38
101082,Hyundai,Venue,2023,25428,C (Fair),Bengaluru,479400.0,459000.0,2026-07-28,1,2026-08-15,445600.0,18
101083,Mahindra,Bolero,2020,63478,B (Good),Chennai,360000.0,312800.0,2026-06-30,1,2026-07-22,302700.0,22
101084,Toyota,Innova,2020,78967,B (Good),Chennai,809300.0,842600.0,2026-07-31,0,,,32
101085,Tata,Harrier,2021,66601,A (Excellent),Bengaluru,882100.0,900600.0,2026-07-17,1,2026-08-17,888700.0,31
101086,Hyundai,Creta,2019,90046,B (Good),Delhi NCR,522900.0,547600.0,2026-06-22,1,2026-07-17,518600.0,25
101087,Maruti Suzuki,Swift,2021,68051,B (Good),Delhi NCR,309300.0,291500.0,2026-08-10,1,2026-08-27,274200.0,17
101088,Toyota,Glanza,2023,40817,B (Good),Delhi NCR,454300.0,458000.0,2026-07-27,1,2026-08-18,441000.0,22
101089,Maruti Suzuki,Baleno,2020,85283,C (Fair),Hyderabad,271300.0,276500.0,2026-05-27,1,2026-06-24,273300.0,28
101090,Tata,Tiago,2018,94570,C (Fair),Chennai,177900.0,168400.0,2026-08-18,0,,,14
101091,Tata,Altroz,2023,39834,A (Excellent),Delhi NCR,468500.0,431200.0,2026-08-30,0,,,2
101092,Hyundai,Creta,2019,92058,B (Good),Bengaluru,521800.0,522900.0,2026-06-30,1,2026-07-26,517100.0,26
101093,Tata,Harrier,2022,42019,A (Excellent),Bengaluru,994800.0,886600.0,2026-05-31,1,2026-06-14,855000.0,14
101094,Maruti Suzuki,Ertiga,2020,68063,B (Good),Kolkata,383800.0,388000.0,2026-05-19,1,2026-07-07,381500.0,49
101095,Tata,Nexon,2019,73218,B (Good),Bengaluru,393700.0,463900.0,2026-08-13,0,,,19
101096,Honda,City,2019,79083,A (Excellent),Pune,447300.0,447200.0,2026-08-05,0,,,27
101097,Mahindra,Bolero,2022,42135,A (Excellent),Chennai,480200.0,588500.0,2026-07-06,1,2026-08-18,573700.0,43
101098,Hyundai,Grand i10,2024,31078,C (Fair),Hyderabad,335200.0,298600.0,2026-05-09,1,2026-05-26,288200.0,17
101099,Mahindra,Bolero,2020,76748,B (Good),Bengaluru,354900.0,325300.0,2026-05-30,1,2026-06-25,311300.0,26
101100,Mahindra,Bolero,2022,52717,A (Excellent),Hyderabad,474900.0,430200.0,2026-07-21,1,2026-08-10,422400.0,20
101101,Maruti Suzuki,Baleno,2022,49695,B (Good),Ahmedabad,378100.0,348100.0,2026-05-31,1,2026-06-18,337600.0,18
101102,Honda,Amaze,2020,65112,C (Fair),Kolkata,277200.0,255900.0,2026-08-07,0,,,25
101103,Hyundai,Creta,2018,101169,B (Good),Hyderabad,470100.0,486600.0,2026-07-02,1,2026-07-27,458000.0,25
101104,Kia,Seltos,2017,119258,A (Excellent),Ahmedabad,452700.0,462100.0,2026-07-06,1,2026-08-11,454200.0,36
101105,Tata,Punch,2021,66311,B (Good),Chennai,338100.0,346200.0,2026-05-18,1,2026-06-26,341700.0,39
101106,Maruti Suzuki,Baleno,2021,45852,A (Excellent),Chennai,373100.0,359000.0,2026-06-20,1,2026-07-20,354500.0,30
101107,Hyundai,i20,2022,45673,B (Good),Ahmedabad,392400.0,398100.0,2026-07-19,1,2026-08-31,375500.0,43
101108,Honda,City,2024,30898,A (Excellent),Pune,754300.0,814000.0,2026-05-13,1,2026-06-11,780400.0,29
101109,Maruti Suzuki,WagonR,2020,72812,A (Excellent),Mumbai,247500.0,240400.0,2026-07-29,1,2026-08-23,235800.0,25
101110,Maruti Suzuki,Ertiga,2018,102888,B (Good),Hyderabad,306000.0,319200.0,2026-07-25,1,2026-08-22,308200.0,28
101111,Tata,Tiago,2022,45510,B (Good),Pune,303800.0,315800.0,2026-05-13,1,2026-06-07,299200.0,25
101112,Maruti Suzuki,Ertiga,2022,49749,C (Fair),Hyderabad,425400.0,419000.0,2026-08-22,0,,,10
101113,Honda,Jazz,2023,36456,B (Good),Bengaluru,435300.0,434900.0,2026-07-13,1,2026-08-03,411100.0,21
101114,Kia,Seltos,2022,38159,B (Good),Kolkata,733500.0,697700.0,2026-07-05,1,2026-08-11,655900.0,37
101115,Hyundai,i20,2020,74172,B (Good),Delhi NCR,315200.0,335600.0,2026-05-07,1,2026-06-02,321300.0,26
101116,Hyundai,i20,2018,105437,B (Good),Pune,252200.0,244800.0,2026-07-20,1,2026-08-05,241000.0,16
101117,Maruti Suzuki,Baleno,2024,47133,A (Excellent),Hyderabad,494500.0,474700.0,2026-05-11,1,2026-05-29,452100.0,18
101118,Honda,WR-V,2016,129233,A (Excellent),Chennai,276200.0,250500.0,2026-07-20,1,2026-08-19,239200.0,30
101119,Maruti Suzuki,WagonR,2018,97888,B (Good),Delhi NCR,184600.0,203600.0,2026-06-19,1,2026-07-26,200100.0,37
101120,Tata,Nexon,2023,42478,B (Good),Ahmedabad,593100.0,636700.0,2026-08-15,0,,,17
101121,Tata,Altroz,2024,43791,B (Good),Mumbai,474800.0,466300.0,2026-05-19,1,2026-06-11,447600.0,23
101122,Tata,Harrier,2024,28084,B (Good),Ahmedabad,1128500.0,1149000.0,2026-06-08,1,2026-07-08,1082000.0,30
101123,Mahindra,Bolero,2021,61683,C (Fair),Mumbai,356700.0,312200.0,2026-08-30,0,,,2
101124,Hyundai,Grand i10,2023,37119,A (Excellent),Hyderabad,363800.0,382500.0,2026-08-17,0,,,15
101125,Kia,Carens,2023,40127,A (Excellent),Delhi NCR,793200.0,750200.0,2026-06-01,1,2026-06-25,733300.0,24
101126,Tata,Harrier,2023,41154,A (Excellent),Kolkata,1094200.0,1108600.0,2026-07-30,0,,,33
101127,Toyota,Glanza,2016,116303,A (Excellent),Delhi NCR,233600.0,228600.0,2026-08-05,1,2026-08-25,221200.0,20
101128,Hyundai,Grand i10,2020,71454,B (Good),Hyderabad,244800.0,241300.0,2026-08-06,0,,,26
101129,Maruti Suzuki,Dzire,2020,74583,B (Good),Delhi NCR,294800.0,267300.0,2026-07-07,1,2026-07-14,261600.0,7
101130,Maruti Suzuki,Swift,2024,21126,B (Good),Hyderabad,431100.0,351800.0,2026-08-24,0,,,8
101131,Kia,Sonet,2020,72224,C (Fair),Mumbai,366800.0,372300.0,2026-06-29,1,2026-07-25,355400.0,26
101132,Honda,WR-V,2021,50191,C (Fair),Delhi NCR,402400.0,392000.0,2026-07-10,1,2026-08-11,383100.0,32
101133,Maruti Suzuki,Dzire,2022,49478,A (Excellent),Mumbai,394800.0,422400.0,2026-07-15,1,2026-08-17,406500.0,33
101134,Mahindra,Scorpio,2024,22739,B (Good),Bengaluru,978200.0,1030100.0,2026-05-06,1,2026-06-02,1007800.0,27
101135,Kia,Seltos,2019,89082,A (Excellent),Ahmedabad,565400.0,546800.0,2026-07-21,0,,,42
101136,Mahindra,Bolero,2023,40012,B (Good),Mumbai,489700.0,458500.0,2026-05-11,1,2026-05-30,435100.0,19
101137,Honda,City,2017,115181,B (Good),Chennai,329500.0,344300.0,2026-07-23,1,2026-08-29,332800.0,37
101138,Maruti Suzuki,Ertiga,2017,98350,B (Good),Ahmedabad,279800.0,325800.0,2026-05-12,1,2026-06-26,315300.0,45
101139,Honda,Amaze,2019,86646,A (Excellent),Chennai,295800.0,308700.0,2026-05-29,1,2026-07-03,299200.0,35
101140,Honda,WR-V,2019,90638,B (Good),Bengaluru,354500.0,356700.0,2026-08-07,1,2026-08-24,346400.0,17
101141,Maruti Suzuki,WagonR,2023,38686,B (Good),Kolkata,315200.0,358100.0,2026-06-03,1,2026-07-09,352700.0,36
101142,Mahindra,Bolero,2019,79889,A (Excellent),Kolkata,347600.0,373700.0,2026-07-10,1,2026-08-15,352500.0,36
101143,Hyundai,Creta,2021,74821,B (Good),Ahmedabad,642100.0,741000.0,2026-05-11,1,2026-06-20,706400.0,40
101144,Tata,Punch,2020,79946,B (Good),Mumbai,303100.0,315900.0,2026-05-19,1,2026-07-06,304300.0,48
101145,Hyundai,Venue,2021,68844,B (Good),Kolkata,421400.0,372400.0,2026-05-31,1,2026-06-24,358900.0,24
101146,Hyundai,i20,2024,24377,A (Excellent),Ahmedabad,523100.0,536600.0,2026-07-30,0,,,33
101147,Hyundai,i20,2021,57941,B (Good),Chennai,352500.0,369300.0,2026-06-12,1,2026-07-18,350900.0,36
101148,Kia,Sonet,2021,66276,B (Good),Ahmedabad,450800.0,482100.0,2026-07-29,0,,,34
101149,Honda,Jazz,2023,29875,A (Excellent),Bengaluru,473400.0,441900.0,2026-06-08,1,2026-06-16,428400.0,8
101150,Hyundai,Verna,2023,27298,B (Good),Delhi NCR,673400.0,665900.0,2026-08-27,0,,,5
101151,Toyota,Glanza,2016,117413,A (Excellent),Bengaluru,233300.0,262900.0,2026-06-05,1,2026-07-04,251000.0,29
101152,Maruti Suzuki,Dzire,2024,27952,B (Good),Pune,451500.0,506500.0,2026-05-21,1,2026-07-04,476400.0,44
101153,Honda,City,2024,29126,B (Good),Ahmedabad,699700.0,726700.0,2026-08-23,0,,,9
101154,Mahindra,XUV300,2018,98662,A (Excellent),Bengaluru,354100.0,372000.0,2026-06-22,1,2026-07-10,363500.0,18
101155,Mahindra,Scorpio,2018,94953,B (Good),Hyderabad,514500.0,513000.0,2026-08-18,0,,,14
101156,Hyundai,i20,2018,93602,A (Excellent),Kolkata,276000.0,301200.0,2026-08-29,0,,,3
101157,Maruti Suzuki,Dzire,2024,15461,B (Good),Chennai,457300.0,452900.0,2026-08-29,0,,,3
101158,Maruti Suzuki,Dzire,2019,79497,C (Fair),Pune,240100.0,274800.0,2026-06-24,1,2026-07-30,259200.0,36
101159,Hyundai,Grand i10,2024,20234,B (Good),Chennai,376600.0,388600.0,2026-05-20,1,2026-06-26,372700.0,37
101160,Hyundai,Creta,2022,39020,B (Good),Hyderabad,732900.0,797000.0,2026-05-07,1,2026-06-01,763400.0,25
101161,Honda,Amaze,2022,64169,B (Good),Chennai,372400.0,342000.0,2026-06-05,1,2026-07-02,326100.0,27
101162,Tata,Nexon,2024,33575,A (Excellent),Ahmedabad,710500.0,693200.0,2026-06-23,1,2026-07-16,669200.0,23
101163,Hyundai,Creta,2021,62993,A (Excellent),Delhi NCR,702300.0,663700.0,2026-06-11,1,2026-07-03,643200.0,22
101164,Tata,Tiago,2021,51715,C (Fair),Hyderabad,247200.0,266800.0,2026-06-22,1,2026-07-21,258700.0,29
101165,Honda,City,2021,61856,A (Excellent),Hyderabad,550300.0,535300.0,2026-05-09,1,2026-06-05,520200.0,27
101166,Mahindra,Bolero,2024,25733,A (Excellent),Mumbai,589800.0,605500.0,2026-06-09,1,2026-07-12,581800.0,33
101167,Toyota,Glanza,2024,40547,A (Excellent),Kolkata,539400.0,548100.0,2026-07-11,1,2026-08-05,533000.0,25
101168,Hyundai,Grand i10,2020,70531,B (Good),Delhi NCR,245000.0,242500.0,2026-06-11,1,2026-07-06,231100.0,25
101169,Honda,Amaze,2023,34710,A (Excellent),Mumbai,455800.0,469100.0,2026-06-28,1,2026-07-24,446100.0,26
101170,Hyundai,i20,2023,43383,B (Good),Hyderabad,432200.0,412000.0,2026-06-28,1,2026-07-21,405600.0,23
101171,Honda,Jazz,2020,70905,B (Good),Pune,316300.0,343300.0,2026-05-08,1,2026-06-18,336400.0,41
101172,Maruti Suzuki,Swift,2021,58951,A (Excellent),Kolkata,337300.0,319800.0,2026-05-19,1,2026-06-19,306300.0,31
101173,Maruti Suzuki,Swift,2021,43731,B (Good),Ahmedabad,317400.0,320500.0,2026-05-22,1,2026-06-21,307300.0,30
101174,Toyota,Glanza,2020,75467,C (Fair),Hyderabad,297000.0,277100.0,2026-05-28,1,2026-06-21,270400.0,24
101175,Hyundai,Venue,2023,50940,B (Good),Delhi NCR,518700.0,531500.0,2026-07-21,1,2026-08-13,505600.0,23
101176,Hyundai,Grand i10,2021,72903,C (Fair),Hyderabad,241700.0,257600.0,2026-06-20,1,2026-07-10,242700.0,20
101177,Maruti Suzuki,Baleno,2024,21152,A (Excellent),Ahmedabad,507900.0,502100.0,2026-06-02,1,2026-07-11,485100.0,39
101178,Maruti Suzuki,Ertiga,2021,50999,B (Good),Pune,429500.0,381100.0,2026-05-27,1,2026-06-17,363200.0,21
101179,Maruti Suzuki,WagonR,2018,104402,C (Fair),Chennai,164900.0,158600.0,2026-08-21,0,,,11
101180,Hyundai,Venue,2024,9918,B (Good),Bengaluru,594600.0,629500.0,2026-06-07,1,2026-07-06,611800.0,29
101181,Honda,WR-V,2020,69755,C (Fair),Mumbai,358600.0,348800.0,2026-05-16,1,2026-06-22,333800.0,37
101182,Hyundai,Grand i10,2023,30461,B (Good),Chennai,339100.0,325000.0,2026-05-24,1,2026-06-14,320900.0,21
101183,Mahindra,XUV300,2024,36540,B (Good),Mumbai,617200.0,662000.0,2026-08-03,0,,,29
101184,Maruti Suzuki,Swift,2020,65211,B (Good),Ahmedabad,282300.0,241400.0,2026-08-24,0,,,8
101185,Maruti Suzuki,Ertiga,2021,63133,A (Excellent),Delhi NCR,457900.0,419200.0,2026-05-13,1,2026-05-21,413200.0,8
101186,Toyota,Glanza,2022,56314,C (Fair),Delhi NCR,366100.0,390900.0,2026-07-30,0,,,33
101187,Maruti Suzuki,Baleno,2020,68191,A (Excellent),Mumbai,331600.0,311600.0,2026-07-03,1,2026-07-17,307800.0,14
101188,Toyota,Innova,2022,36390,C (Fair),Pune,920200.0,843600.0,2026-05-10,1,2026-06-09,796300.0,30
101189,Maruti Suzuki,Ertiga,2018,87307,A (Excellent),Delhi NCR,336200.0,292300.0,2026-08-11,1,2026-08-17,276400.0,6
101190,Tata,Nexon,2017,106649,B (Good),Pune,314200.0,320400.0,2026-08-25,0,,,7
101191,Toyota,Glanza,2021,65227,B (Good),Pune,366700.0,415100.0,2026-05-13,1,2026-06-22,395600.0,40
101192,Hyundai,Venue,2024,23891,A (Excellent),Ahmedabad,633200.0,570100.0,2026-07-17,1,2026-08-04,552800.0,18
101193,Maruti Suzuki,Swift,2022,57721,C (Fair),Delhi NCR,309300.0,375800.0,2026-07-17,1,2026-08-30,358300.0,44
101194,Honda,Amaze,2022,41313,A (Excellent),Pune,412000.0,371300.0,2026-06-26,1,2026-07-22,354000.0,26
101195,Maruti Suzuki,WagonR,2020,68224,B (Good),Bengaluru,230300.0,267300.0,2026-06-18,1,2026-07-16,259900.0,28
101196,Toyota,Fortuner,2021,63889,B (Good),Hyderabad,1638200.0,1848300.0,2026-08-31,0,,,1
101197,Maruti Suzuki,Swift,2021,63181,C (Fair),Hyderabad,279800.0,292200.0,2026-05-12,1,2026-06-20,287300.0,39
101198,Hyundai,Creta,2021,54620,B (Good),Mumbai,656100.0,675900.0,2026-06-14,1,2026-07-07,659300.0,23
101199,Mahindra,XUV700,2016,136476,A (Excellent),Ahmedabad,579500.0,560100.0,2026-08-05,1,2026-08-28,535100.0,23
101200,Kia,Seltos,2017,115312,B (Good),Chennai,421000.0,454600.0,2026-08-31,0,,,1
101201,Kia,Carens,2022,51910,B (Good),Kolkata,660200.0,652500.0,2026-08-16,0,,,16
101202,Hyundai,i20,2020,79369,C (Fair),Chennai,282100.0,251000.0,2026-08-25,0,,,7
101203,Maruti Suzuki,WagonR,2024,19361,B (Good),Chennai,353400.0,339100.0,2026-08-03,1,2026-08-28,327500.0,25
101204,Tata,Harrier,2023,29133,B (Good),Mumbai,1025900.0,1039600.0,2026-05-26,1,2026-06-30,992300.0,35
101205,Hyundai,Creta,2023,33522,B (Good),Bengaluru,809900.0,814700.0,2026-08-20,0,,,12
101206,Tata,Nexon,2023,32454,B (Good),Delhi NCR,599300.0,585100.0,2026-05-07,1,2026-06-01,551900.0,25
101207,Mahindra,Bolero,2024,29998,C (Fair),Kolkata,489400.0,516200.0,2026-05-19,1,2026-06-25,504800.0,37
101208,Tata,Harrier,2020,83173,A (Excellent),Delhi NCR,788400.0,810200.0,2026-08-22,0,,,10
101209,Maruti Suzuki,Baleno,2023,38472,B (Good),Kolkata,420400.0,357900.0,2026-06-18,1,2026-07-05,351200.0,17
101210,Kia,Seltos,2024,18558,A (Excellent),Delhi NCR,976100.0,938900.0,2026-08-31,0,,,1
101211,Toyota,Glanza,2024,20117,C (Fair),Delhi NCR,459000.0,373700.0,2026-06-12,1,2026-07-03,352400.0,21
101212,Maruti Suzuki,Swift,2020,68980,C (Fair),Hyderabad,253100.0,249000.0,2026-06-14,1,2026-07-14,240600.0,30
101213,Maruti Suzuki,Baleno,2023,43472,B (Good),Hyderabad,418200.0,384900.0,2026-08-19,0,,,13
101214,Hyundai,Verna,2022,53095,C (Fair),Ahmedabad,536900.0,513900.0,2026-08-19,0,,,13
101215,Toyota,Glanza,2016,115710,A (Excellent),Kolkata,233800.0,244000.0,2026-06-04,1,2026-07-27,239300.0,53
101216,Honda,City,2020,76255,B (Good),Ahmedabad,456500.0,433000.0,2026-07-31,1,2026-08-24,423300.0,24
101217,Hyundai,i20,2020,67211,A (Excellent),Hyderabad,343000.0,329000.0,2026-08-21,0,,,11
101218,Honda,Jazz,2024,16176,B (Good),Kolkata,488500.0,461500.0,2026-06-19,1,2026-07-06,444100.0,17
101219,Hyundai,Creta,2020,82723,B (Good),Hyderabad,579300.0,566900.0,2026-07-15,1,2026-08-17,533700.0,33
101220,Honda,City,2019,76222,B (Good),Hyderabad,415500.0,418400.0,2026-08-27,0,,,5
101221,Honda,Jazz,2024,23567,A (Excellent),Kolkata,523600.0,525000.0,2026-08-23,0,,,9
101222,Tata,Tiago,2017,114222,B (Good),Delhi NCR,175900.0,164400.0,2026-08-18,0,,,14
101223,Kia,Sonet,2024,25033,C (Fair),Delhi NCR,562100.0,520400.0,2026-07-31,1,2026-08-16,512800.0,16
101224,Mahindra,Scorpio,2020,80842,C (Fair),Mumbai,567800.0,580100.0,2026-08-28,0,,,4
101225,Hyundai,Venue,2019,85008,C (Fair),Kolkata,308600.0,316200.0,2026-05-19,1,2026-07-04,305800.0,46
101226,Maruti Suzuki,Dzire,2023,31193,B (Good),Ahmedabad,409500.0,388200.0,2026-06-06,1,2026-07-04,366800.0,28
101227,Hyundai,Venue,2023,45561,A (Excellent),Ahmedabad,563400.0,581800.0,2026-05-17,1,2026-07-04,568000.0,48
101228,Tata,Altroz,2020,60831,A (Excellent),Mumbai,345300.0,356600.0,2026-07-12,1,2026-08-13,341200.0,32
101229,Kia,Sonet,2022,49587,C (Fair),Pune,453800.0,408500.0,2026-05-10,1,2026-05-31,392200.0,21
101230,Mahindra,XUV700,2022,63257,A (Excellent),Delhi NCR,1107000.0,1041700.0,2026-08-06,1,2026-08-24,983100.0,18
101231,Hyundai,Venue,2017,109153,B (Good),Pune,276500.0,233900.0,2026-08-02,1,2026-08-23,221500.0,21
101232,Mahindra,Scorpio,2024,13651,C (Fair),Bengaluru,888600.0,788600.0,2026-07-31,1,2026-08-11,779900.0,11
101233,Mahindra,Bolero,2022,61789,A (Excellent),Chennai,470400.0,443900.0,2026-08-09,1,2026-08-25,419800.0,16
101234,Toyota,Glanza,2023,34004,B (Good),Kolkata,457600.0,473000.0,2026-06-02,1,2026-07-13,452900.0,41
101235,Tata,Nexon,2024,28892,B (Good),Mumbai,661000.0,685900.0,2026-06-24,1,2026-07-14,651800.0,20
101236,Mahindra,Scorpio,2019,79403,A (Excellent),Mumbai,621100.0,602300.0,2026-08-19,0,,,13
101237,Tata,Tiago,2022,57794,A (Excellent),Delhi NCR,323900.0,289000.0,2026-05-10,1,2026-05-27,282900.0,17
101238,Toyota,Fortuner,2021,50920,B (Good),Mumbai,1660900.0,1655000.0,2026-07-01,1,2026-07-23,1620500.0,22
101239,Mahindra,Scorpio,2020,63378,B (Good),Mumbai,642900.0,686000.0,2026-06-20,1,2026-07-16,657800.0,26
101240,Maruti Suzuki,WagonR,2022,37068,C (Fair),Chennai,258600.0,226200.0,2026-08-10,0,,,22
101241,Hyundai,Creta,2022,50995,B (Good),Kolkata,723700.0,800400.0,2026-07-01,1,2026-08-14,776500.0,44
101242,Hyundai,Venue,2023,42857,B (Good),Ahmedabad,523100.0,594900.0,2026-05-08,1,2026-06-24,574200.0,47
101243,Maruti Suzuki,Ertiga,2023,35688,A (Excellent),Ahmedabad,569200.0,580700.0,2026-06-07,1,2026-07-13,553600.0,36
101244,Honda,Jazz,2024,17094,B (Good),Ahmedabad,488000.0,577600.0,2026-07-23,0,,,40
101245,Maruti Suzuki,Baleno,2017,123371,B (Good),Delhi NCR,217700.0,176600.0,2026-08-22,0,,,10
101246,Tata,Nexon,2022,46898,C (Fair),Chennai,483500.0,419400.0,2026-06-02,1,2026-06-27,395000.0,25
101247,Kia,Sonet,2022,66401,A (Excellent),Pune,534900.0,527100.0,2026-05-08,1,2026-06-04,513100.0,27
101248,Toyota,Glanza,2020,77871,C (Fair),Ahmedabad,296200.0,247800.0,2026-08-20,0,,,12
101249,Toyota,Innova,2016,116077,B (Good),Bengaluru,532600.0,575700.0,2026-08-12,0,,,20
101250,Mahindra,Bolero,2023,27781,B (Good),Kolkata,495900.0,424500.0,2026-06-16,1,2026-07-13,403600.0,27
101251,Toyota,Fortuner,2024,25178,A (Excellent),Kolkata,2445000.0,2273400.0,2026-08-22,0,,,10
101252,Maruti Suzuki,Dzire,2020,78840,A (Excellent),Kolkata,316900.0,324700.0,2026-06-21,1,2026-07-27,306800.0,36
101253,Hyundai,Venue,2022,55918,B (Good),Mumbai,469500.0,481400.0,2026-05-18,1,2026-06-15,460400.0,28
101254,Hyundai,Verna,2023,48463,B (Good),Chennai,658700.0,717600.0,2026-08-30,0,,,2
101255,Hyundai,Creta,2016,102263,C (Fair),Delhi NCR,349900.0,345300.0,2026-06-24,1,2026-07-15,336700.0,21
101256,Honda,City,2022,47028,A (Excellent),Ahmedabad,614300.0,633700.0,2026-08-08,0,,,24
101257,Kia,Seltos,2023,29684,C (Fair),Ahmedabad,731800.0,821300.0,2026-08-13,0,,,19
101258,Toyota,Innova,2017,110072,C (Fair),Ahmedabad,530300.0,458300.0,2026-05-31,1,2026-06-26,434100.0,26
101259,Tata,Altroz,2020,67592,B (Good),Ahmedabad,317500.0,317300.0,2026-08-14,0,,,18
101260,Mahindra,XUV300,2019,70854,A (Excellent),Kolkata,401200.0,354000.0,2026-06-18,1,2026-07-16,333000.0,28
101261,Toyota,Innova,2021,66199,B (Good),Kolkata,901600.0,875000.0,2026-05-25,1,2026-06-26,861000.0,32
101262,Honda,City,2022,49382,C (Fair),Ahmedabad,510600.0,532000.0,2026-06-05,1,2026-07-18,500200.0,43
101263,Hyundai,Verna,2021,45610,B (Good),Mumbai,547100.0,533900.0,2026-05-08,1,2026-06-04,505700.0,27
101264,Maruti Suzuki,Dzire,2023,43899,B (Good),Pune,404100.0,444600.0,2026-07-07,1,2026-08-05,433100.0,29
101265,Mahindra,XUV300,2022,46278,B (Good),Chennai,506000.0,433600.0,2026-05-10,1,2026-06-02,418100.0,23
101266,Hyundai,Creta,2020,67112,B (Good),Pune,589100.0,568600.0,2026-08-31,0,,,1
101267,Tata,Tiago,2016,117477,B (Good),Hyderabad,159500.0,163800.0,2026-08-30,0,,,2
101268,Mahindra,XUV700,2022,42478,B (Good),Chennai,1047700.0,1025400.0,2026-06-02,1,2026-06-26,1014700.0,24
101269,Toyota,Fortuner,2021,55678,B (Good),Delhi NCR,1652600.0,1675700.0,2026-06-20,1,2026-07-08,1634300.0,18
101270,Honda,City,2023,40015,B (Good),Mumbai,629600.0,739400.0,2026-08-21,0,,,11
101271,Mahindra,Scorpio,2020,65757,A (Excellent),Hyderabad,692600.0,641000.0,2026-07-16,1,2026-08-12,604600.0,27
101272,Maruti Suzuki,Ertiga,2020,87250,A (Excellent),Kolkata,406000.0,411700.0,2026-06-01,1,2026-07-10,404300.0,39
101273,Mahindra,Bolero,2020,88432,B (Good),Bengaluru,350400.0,354100.0,2026-06-13,1,2026-07-06,349700.0,23
101274,Maruti Suzuki,Dzire,2020,60717,A (Excellent),Ahmedabad,323100.0,300600.0,2026-07-07,1,2026-08-01,297400.0,25
101275,Hyundai,Grand i10,2024,35126,B (Good),Chennai,370900.0,333800.0,2026-08-30,0,,,2
101276,Tata,Harrier,2022,43894,B (Good),Bengaluru,919400.0,876500.0,2026-07-15,1,2026-07-23,832400.0,8
101277,Tata,Harrier,2019,94832,A (Excellent),Ahmedabad,708400.0,778200.0,2026-06-18,1,2026-08-06,743100.0,49
101278,Hyundai,Verna,2022,56777,C (Fair),Kolkata,534800.0,601300.0,2026-08-18,0,,,14
101279,Kia,Sonet,2021,39721,B (Good),Delhi NCR,463600.0,434600.0,2026-06-03,1,2026-06-29,416800.0,26
101280,Hyundai,i20,2024,34528,B (Good),Pune,479400.0,456100.0,2026-07-04,1,2026-08-02,435800.0,29
101281,Tata,Harrier,2020,88077,A (Excellent),Mumbai,784200.0,722500.0,2026-08-12,0,,,20
101282,Maruti Suzuki,WagonR,2023,47444,B (Good),Pune,312400.0,341700.0,2026-06-16,1,2026-07-25,327800.0,39
101283,Hyundai,Creta,2021,62857,A (Excellent),Chennai,702400.0,812800.0,2026-06-26,1,2026-07-25,775300.0,29
101284,Tata,Tiago,2020,70415,B (Good),Delhi NCR,245000.0,273700.0,2026-08-20,0,,,12
101285,Toyota,Fortuner,2024,21449,B (Good),Delhi NCR,2272500.0,2554100.0,2026-05-21,1,2026-06-25,2521000.0,35
101286,Maruti Suzuki,Baleno,2017,107790,B (Good),Pune,221500.0,210100.0,2026-08-28,0,,,4
101287,Maruti Suzuki,WagonR,2017,121758,A (Excellent),Bengaluru,176600.0,190100.0,2026-07-13,1,2026-08-12,185800.0,30
101288,Hyundai,Creta,2019,90239,A (Excellent),Pune,564700.0,508900.0,2026-07-16,1,2026-08-11,482900.0,26
101289,Hyundai,i20,2024,25951,C (Fair),Hyderabad,435300.0,491400.0,2026-07-31,0,,,32
101290,Honda,WR-V,2021,66037,A (Excellent),Mumbai,474800.0,477400.0,2026-08-19,0,,,13
101291,Maruti Suzuki,Swift,2017,116968,B (Good),Hyderabad,201000.0,187700.0,2026-05-18,1,2026-06-13,178000.0,26
101292,Maruti Suzuki,Dzire,2023,25473,B (Good),Hyderabad,411900.0,394600.0,2026-06-03,1,2026-06-30,375200.0,27
101293,Toyota,Fortuner,2023,44475,B (Good),Delhi NCR,2019300.0,1892600.0,2026-08-02,1,2026-08-25,1792200.0,23
101294,Hyundai,Grand i10,2018,82363,B (Good),Bengaluru,200300.0,198800.0,2026-06-04,1,2026-06-30,191600.0,26
101295,Maruti Suzuki,WagonR,2020,67136,A (Excellent),Chennai,249000.0,229000.0,2026-08-21,0,,,11
101296,Mahindra,Bolero,2017,114938,A (Excellent),Delhi NCR,276900.0,301800.0,2026-08-29,0,,,3
101297,Maruti Suzuki,Dzire,2023,39160,A (Excellent),Delhi NCR,438600.0,368700.0,2026-08-06,1,2026-08-25,352600.0,19
101298,Honda,Amaze,2024,24947,B (Good),Pune,468500.0,499200.0,2026-06-13,1,2026-07-17,483800.0,34
101299,Tata,Punch,2020,73907,B (Good),Chennai,305100.0,311100.0,2026-08-11,0,,,21
101300,Hyundai,i20,2018,103902,B (Good),Bengaluru,252700.0,263100.0,2026-07-19,1,2026-08-14,256900.0,26
101301,Hyundai,Verna,2022,64653,B (Good),Kolkata,589300.0,542800.0,2026-05-26,1,2026-06-20,526200.0,25
101302,Honda,Amaze,2020,52334,A (Excellent),Pune,337200.0,307500.0,2026-08-14,1,2026-08-30,290900.0,16
101303,Honda,Jazz,2019,87938,B (Good),Ahmedabad,282600.0,310800.0,2026-07-11,1,2026-08-26,302900.0,46
101304,Tata,Harrier,2018,100503,C (Fair),Mumbai,533800.0,528600.0,2026-08-02,1,2026-08-19,508300.0,17
101305,Tata,Harrier,2023,24654,A (Excellent),Mumbai,1113100.0,1037600.0,2026-07-05,1,2026-07-20,1006300.0,15
101306,Hyundai,Creta,2017,109401,C (Fair),Ahmedabad,381400.0,295500.0,2026-08-14,0,,,18
101307,Tata,Nexon,2020,50220,C (Fair),Ahmedabad,399000.0,420900.0,2026-08-29,0,,,3
101308,Hyundai,Creta,2020,68545,B (Good),Hyderabad,588200.0,529300.0,2026-06-11,1,2026-06-24,523000.0,13
101309,Tata,Punch,2019,86270,C (Fair),Hyderabad,246600.0,242900.0,2026-07-29,1,2026-08-18,239700.0,20
101310,Mahindra,Scorpio,2021,71337,B (Good),Delhi NCR,700500.0,698100.0,2026-08-07,1,2026-08-18,684200.0,11
101311,Honda,Jazz,2022,50735,C (Fair),Pune,351300.0,352100.0,2026-07-15,1,2026-08-17,340100.0,33
101312,Toyota,Innova,2023,46263,B (Good),Mumbai,1112000.0,1124200.0,2026-08-23,0,,,9
101313,Kia,Carens,2022,55035,C (Fair),Delhi NCR,592200.0,516500.0,2026-06-03,1,2026-06-21,506300.0,18
101314,Tata,Tiago,2024,22753,A (Excellent),Bengaluru,405700.0,395200.0,2026-08-12,0,,,20
101315,Kia,Carens,2017,124934,B (Good),Hyderabad,380200.0,324300.0,2026-07-22,1,2026-08-03,308000.0,12
101316,Mahindra,Scorpio,2023,38180,B (Good),Delhi NCR,876100.0,957400.0,2026-07-24,0,,,39
101317,Tata,Nexon,2024,30886,A (Excellent),Chennai,712400.0,753800.0,2026-07-18,1,2026-08-19,728600.0,32
101318,Kia,Seltos,2024,21116,C (Fair),Ahmedabad,811300.0,708900.0,2026-08-30,0,,,2
101319,Maruti Suzuki,WagonR,2023,49152,B (Good),Kolkata,311800.0,319100.0,2026-08-23,0,,,9
101320,Hyundai,Venue,2022,48409,C (Fair),Delhi NCR,426000.0,397700.0,2026-07-26,1,2026-08-10,384300.0,15
101321,Maruti Suzuki,Ertiga,2018,103123,B (Good),Chennai,305900.0,315500.0,2026-07-28,0,,,35
101322,Hyundai,Creta,2018,100083,B (Good),Ahmedabad,470600.0,540700.0,2026-08-24,0,,,8
101323,Maruti Suzuki,Dzire,2024,28125,C (Fair),Delhi NCR,406300.0,435500.0,2026-05-27,1,2026-06-24,416400.0,28
101324,Kia,Sonet,2018,91978,A (Excellent),Ahmedabad,356800.0,361600.0,2026-08-20,0,,,12
101325,Kia,Seltos,2017,97186,B (Good),Bengaluru,429600.0,429100.0,2026-08-29,0,,,3
101326,Mahindra,Bolero,2023,57456,B (Good),Mumbai,480800.0,452200.0,2026-08-30,0,,,2
101327,Honda,WR-V,2023,40042,B (Good),Kolkata,545600.0,558600.0,2026-06-17,1,2026-07-16,545700.0,29
101328,Maruti Suzuki,Ertiga,2020,64500,B (Good),Ahmedabad,385300.0,356600.0,2026-08-31,0,,,1
101329,Maruti Suzuki,Baleno,2018,111490,A (Excellent),Bengaluru,261800.0,257700.0,2026-07-27,1,2026-08-08,246400.0,12
101330,Hyundai,Venue,2021,76412,C (Fair),Ahmedabad,376200.0,347300.0,2026-07-19,1,2026-08-17,330100.0,29
101331,Mahindra,XUV300,2018,96308,B (Good),Bengaluru,328800.0,301100.0,2026-05-14,1,2026-06-04,291500.0,21
101332,Hyundai,Creta,2020,65198,A (Excellent),Pune,637600.0,724500.0,2026-07-28,0,,,35
101333,Maruti Suzuki,Swift,2020,66747,B (Good),Ahmedabad,281900.0,276400.0,2026-07-02,1,2026-07-29,263500.0,27
101334,Tata,Nexon,2018,101018,B (Good),Bengaluru,347500.0,349400.0,2026-08-01,1,2026-08-30,334700.0,29
101335,Maruti Suzuki,Baleno,2021,51233,B (Good),Kolkata,343500.0,328900.0,2026-08-20,0,,,12
101336,Toyota,Fortuner,2020,67778,A (Excellent),Hyderabad,1603400.0,1440700.0,2026-06-03,1,2026-06-23,1369700.0,20
101337,Kia,Seltos,2021,61841,A (Excellent),Bengaluru,703100.0,736800.0,2026-07-18,1,2026-08-16,713400.0,29
101338,Mahindra,Scorpio,2024,25128,A (Excellent),Kolkata,1053900.0,909300.0,2026-06-25,1,2026-07-29,863600.0,34
101339,Honda,Jazz,2019,82726,B (Good),Bengaluru,284200.0,298600.0,2026-07-03,1,2026-07-30,286100.0,27
101340,Maruti Suzuki,Baleno,2020,81179,A (Excellent),Pune,327000.0,270600.0,2026-08-18,1,2026-08-31,264200.0,13
101341,Kia,Seltos,2020,70210,B (Good),Kolkata,587200.0,578100.0,2026-05-15,1,2026-06-16,547500.0,32
101342,Tata,Altroz,2017,105318,B (Good),Ahmedabad,229500.0,226800.0,2026-06-26,1,2026-07-28,220600.0,32
101343,Mahindra,XUV300,2023,30920,A (Excellent),Kolkata,610200.0,695600.0,2026-06-27,1,2026-08-03,687300.0,37
101344,Maruti Suzuki,Swift,2018,96146,C (Fair),Chennai,203500.0,178400.0,2026-05-06,1,2026-05-17,171500.0,11
101345,Hyundai,Grand i10,2023,24984,A (Excellent),Kolkata,368300.0,368400.0,2026-07-21,1,2026-08-26,349800.0,36
101346,Maruti Suzuki,Swift,2017,108069,A (Excellent),Mumbai,219200.0,180800.0,2026-08-14,0,,,18
101347,Mahindra,Scorpio,2019,87180,C (Fair),Kolkata,513200.0,424200.0,2026-06-13,1,2026-07-02,416500.0,19
101348,Hyundai,Grand i10,2019,88215,A (Excellent),Bengaluru,236200.0,200800.0,2026-08-29,0,,,3
101349,Honda,WR-V,2022,45946,A (Excellent),Hyderabad,533000.0,516600.0,2026-08-14,0,,,18
101350,Honda,WR-V,2020,87949,A (Excellent),Chennai,421900.0,385600.0,2026-07-10,1,2026-08-14,368900.0,35
101351,Hyundai,Grand i10,2023,34995,A (Excellent),Bengaluru,364600.0,337700.0,2026-06-13,1,2026-07-09,329500.0,26
101352,Tata,Altroz,2022,49477,C (Fair),Chennai,351700.0,309300.0,2026-08-11,1,2026-08-30,300000.0,19
101353,Toyota,Glanza,2024,16374,B (Good),Hyderabad,512000.0,563000.0,2026-06-01,1,2026-07-03,531000.0,32
101354,Honda,City,2023,41080,A (Excellent),Ahmedabad,679200.0,732600.0,2026-06-29,1,2026-07-31,692800.0,32
101355,Tata,Punch,2017,101809,B (Good),Kolkata,223000.0,208800.0,2026-07-01,1,2026-07-29,198500.0,28
101356,Tata,Harrier,2019,91128,A (Excellent),Pune,711300.0,644800.0,2026-07-26,1,2026-08-18,621000.0,23
101357,Maruti Suzuki,WagonR,2019,90110,A (Excellent),Mumbai,221000.0,219100.0,2026-05-18,1,2026-06-04,212100.0,17
101358,Honda,City,2022,46332,B (Good),Chennai,569200.0,599100.0,2026-07-24,1,2026-08-16,592000.0,23
101359,Maruti Suzuki,Dzire,2021,59502,C (Fair),Pune,296300.0,267800.0,2026-07-17,1,2026-08-04,252500.0,18
101360,Mahindra,XUV700,2022,59698,A (Excellent),Kolkata,1111200.0,877900.0,2026-07-09,1,2026-08-05,866300.0,27
101361,Mahindra,XUV300,2016,110727,B (Good),Hyderabad,267900.0,285000.0,2026-06-22,1,2026-07-19,271100.0,27
101362,Tata,Harrier,2020,60205,B (Good),Pune,748300.0,678600.0,2026-06-29,1,2026-07-29,664500.0,30
101363,Tata,Nexon,2021,74220,B (Good),Delhi NCR,474900.0,494600.0,2026-05-12,1,2026-06-04,473200.0,23
101364,Tata,Punch,2017,89940,C (Fair),Hyderabad,203400.0,201600.0,2026-08-11,0,,,21
101365,Maruti Suzuki,Swift,2024,14765,B (Good),Delhi NCR,433900.0,391400.0,2026-08-26,0,,,6
101366,Maruti Suzuki,WagonR,2020,58219,B (Good),Ahmedabad,232700.0,228200.0,2026-07-20,1,2026-08-22,225300.0,33
101367,Honda,WR-V,2016,121917,A (Excellent),Chennai,278600.0,282700.0,2026-07-02,1,2026-08-01,275700.0,30
101368,Tata,Harrier,2024,28491,B (Good),Mumbai,1128100.0,1080700.0,2026-08-15,0,,,17
101369,Maruti Suzuki,Swift,2022,43419,A (Excellent),Ahmedabad,376800.0,383000.0,2026-07-16,1,2026-08-08,378400.0,23
101370,Hyundai,Creta,2020,67659,B (Good),Pune,588800.0,661700.0,2026-08-04,0,,,28
101371,Mahindra,XUV300,2023,38355,B (Good),Bengaluru,560600.0,588700.0,2026-06-22,1,2026-07-14,579600.0,22
101372,Maruti Suzuki,Baleno,2023,46398,B (Good),Delhi NCR,416900.0,390200.0,2026-08-25,0,,,7
101373,Hyundai,Venue,2022,36635,A (Excellent),Ahmedabad,517500.0,521100.0,2026-08-09,1,2026-08-27,512600.0,18
101374,Tata,Punch,2024,17698,B (Good),Hyderabad,472000.0,481600.0,2026-08-03,1,2026-08-28,464700.0,25
101375,Kia,Sonet,2018,88755,A (Excellent),Pune,358000.0,401600.0,2026-05-27,1,2026-06-30,396200.0,34
101376,Honda,WR-V,2022,59234,B (Good),Hyderabad,486600.0,497400.0,2026-08-08,0,,,24
101377,Maruti Suzuki,Swift,2021,57222,B (Good),Mumbai,312900.0,347200.0,2026-08-17,0,,,15
101378,Mahindra,XUV700,2021,46699,B (Good),Ahmedabad,949200.0,821300.0,2026-07-16,1,2026-08-09,787700.0,24
101379,Hyundai,Creta,2021,57930,C (Fair),Bengaluru,588400.0,600100.0,2026-05-18,1,2026-06-14,585600.0,27
101380,Maruti Suzuki,Swift,2023,33718,B (Good),Bengaluru,387300.0,361400.0,2026-08-25,0,,,7
101381,Maruti Suzuki,WagonR,2023,38368,A (Excellent),Kolkata,340600.0,385200.0,2026-06-05,1,2026-07-09,368200.0,34
101382,Tata,Nexon,2019,88867,C (Fair),Bengaluru,348300.0,346500.0,2026-07-29,1,2026-08-25,337000.0,27
101383,Honda,WR-V,2020,84000,B (Good),Hyderabad,392400.0,451800.0,2026-05-18,1,2026-06-17,434300.0,30
101384,Toyota,Fortuner,2020,65858,B (Good),Chennai,1487600.0,1385700.0,2026-06-20,1,2026-07-18,1327400.0,28
101385,Maruti Suzuki,Ertiga,2018,90595,A (Excellent),Delhi NCR,335000.0,350500.0,2026-06-24,1,2026-07-22,333800.0,28
101386,Hyundai,Venue,2022,45379,A (Excellent),Hyderabad,512800.0,546500.0,2026-05-06,1,2026-06-14,524000.0,39
101387,Hyundai,i20,2018,97058,C (Fair),Hyderabad,229100.0,208400.0,2026-07-14,1,2026-08-18,201100.0,35
101388,Maruti Suzuki,WagonR,2024,22839,A (Excellent),Kolkata,380300.0,376100.0,2026-06-24,1,2026-07-28,366800.0,34
101389,Hyundai,Verna,2022,55300,B (Good),Ahmedabad,595100.0,569400.0,2026-07-17,1,2026-07-28,540600.0,11
101390,Hyundai,Grand i10,2022,63952,B (Good),Kolkata,298000.0,303800.0,2026-06-22,1,2026-07-26,293800.0,34
101391,Tata,Tiago,2020,77338,A (Excellent),Mumbai,262700.0,253200.0,2026-08-10,0,,,22
101392,Maruti Suzuki,Baleno,2021,58765,A (Excellent),Pune,368100.0,402300.0,2026-05-05,1,2026-06-14,396300.0,40
101393,Kia,Sonet,2024,30429,B (Good),Bengaluru,621100.0,590300.0,2026-05-18,1,2026-06-08,569100.0,21
101394,Honda,Amaze,2023,47809,A (Excellent),Kolkata,449600.0,452200.0,2026-07-09,1,2026-08-20,433300.0,42
101395,Kia,Sonet,2022,47665,A (Excellent),Chennai,545600.0,518500.0,2026-07-16,1,2026-08-19,507000.0,34
101396,Maruti Suzuki,WagonR,2023,8365,A (Excellent),Ahmedabad,351200.0,348600.0,2026-08-31,0,,,1
101397,Mahindra,Scorpio,2018,95923,A (Excellent),Chennai,555000.0,502700.0,2026-05-16,1,2026-06-05,495200.0,20
101398,Maruti Suzuki,Swift,2023,30485,C (Fair),Chennai,349700.0,328200.0,2026-06-07,1,2026-06-25,318800.0,18
101399,Maruti Suzuki,Swift,2020,68672,C (Fair),Mumbai,253200.0,244000.0,2026-07-12,1,2026-08-03,231000.0,22
101400,Hyundai,Creta,2022,50023,B (Good),Ahmedabad,724500.0,819400.0,2026-05-05,1,2026-06-14,798100.0,40
101401,Toyota,Glanza,2017,102953,A (Excellent),Mumbai,260600.0,242800.0,2026-08-14,0,,,18
101402,Kia,Seltos,2017,118713,B (Good),Pune,419400.0,418600.0,2026-08-21,0,,,11
101403,Tata,Harrier,2023,47773,B (Good),Delhi NCR,1006200.0,1057500.0,2026-05-28,1,2026-06-28,1040600.0,31
101404,Kia,Seltos,2017,100167,C (Fair),Chennai,385400.0,408300.0,2026-08-05,0,,,27
101405,Honda,City,2024,16838,B (Good),Delhi NCR,708600.0,655200.0,2026-06-18,1,2026-07-03,640800.0,15
101406,Mahindra,XUV700,2019,91098,C (Fair),Bengaluru,674500.0,622400.0,2026-05-29,1,2026-06-17,589000.0,19
101407,Hyundai,Verna,2021,64196,B (Good),Hyderabad,536500.0,491700.0,2026-06-22,1,2026-07-11,468500.0,19
101408,Hyundai,Creta,2018,108632,C (Fair),Pune,419500.0,371300.0,2026-07-04,1,2026-07-17,350400.0,13
101409,Maruti Suzuki,WagonR,2020,76401,A (Excellent),Hyderabad,246500.0,288700.0,2026-07-11,1,2026-08-22,273000.0,42
101410,Maruti Suzuki,Dzire,2019,83630,A (Excellent),Ahmedabad,286800.0,291600.0,2026-07-08,1,2026-08-13,281800.0,36
101411,Maruti Suzuki,Ertiga,2022,42088,C (Fair),Pune,428800.0,385400.0,2026-08-06,1,2026-08-30,367700.0,24
101412,Tata,Tiago,2020,63064,B (Good),Kolkata,247000.0,223700.0,2026-07-03,1,2026-07-25,210400.0,22
101413,Mahindra,XUV700,2021,50518,B (Good),Ahmedabad,945400.0,1128100.0,2026-06-30,1,2026-08-17,1073300.0,48
101414,Maruti Suzuki,Dzire,2020,74796,B (Good),Hyderabad,294700.0,298200.0,2026-05-30,1,2026-07-10,290900.0,41
101415,Maruti Suzuki,Swift,2016,120741,A (Excellent),Chennai,196700.0,168400.0,2026-06-11,1,2026-06-29,164400.0,18
101416,Mahindra,XUV700,2022,40253,C (Fair),Ahmedabad,945100.0,966200.0,2026-06-09,1,2026-07-24,930100.0,45
101417,Tata,Nexon,2016,121368,C (Fair),Mumbai,253100.0,267900.0,2026-08-08,0,,,24
101418,Maruti Suzuki,Swift,2021,66137,B (Good),Pune,310000.0,327300.0,2026-06-04,1,2026-07-05,317900.0,31
101419,Hyundai,Verna,2016,114047,A (Excellent),Hyderabad,342300.0,306600.0,2026-06-10,1,2026-07-05,292900.0,25
101420,Mahindra,XUV700,2022,44772,C (Fair),Mumbai,940700.0,1068000.0,2026-06-04,1,2026-07-16,1005200.0,42
101421,Kia,Sonet,2021,49747,C (Fair),Mumbai,412900.0,393700.0,2026-08-18,0,,,14
101422,Toyota,Innova,2024,17399,B (Good),Kolkata,1259000.0,1396200.0,2026-05-12,1,2026-06-27,1314900.0,46
101423,Toyota,Innova,2019,71008,B (Good),Chennai,742800.0,751100.0,2026-08-07,0,,,25
101424,Tata,Punch,2023,41728,B (Good),Ahmedabad,419000.0,465600.0,2026-05-23,1,2026-07-01,443700.0,39
101425,Hyundai,Creta,2022,46561,B (Good),Ahmedabad,727100.0,685600.0,2026-08-19,0,,,13
101426,Maruti Suzuki,WagonR,2019,81678,B (Good),Hyderabad,206500.0,203600.0,2026-07-15,1,2026-08-11,199000.0,27
101427,Maruti Suzuki,Dzire,2019,90875,B (Good),Kolkata,263500.0,297800.0,2026-07-03,1,2026-08-06,294500.0,34
101428,Mahindra,Bolero,2023,27511,A (Excellent),Ahmedabad,535800.0,596600.0,2026-07-21,1,2026-08-27,567300.0,37
101429,Tata,Harrier,2021,66522,A (Excellent),Chennai,882200.0,983100.0,2026-05-18,1,2026-06-23,936100.0,36
101430,Tata,Nexon,2019,89268,A (Excellent),Delhi NCR,417800.0,323800.0,2026-05-24,1,2026-06-14,317400.0,21
101431,Maruti Suzuki,WagonR,2017,91104,A (Excellent),Ahmedabad,182800.0,202600.0,2026-07-31,0,,,32
101432,Hyundai,i20,2022,52319,B (Good),Chennai,389600.0,374600.0,2026-05-23,1,2026-06-14,354800.0,22
101433,Mahindra,Bolero,2021,63292,B (Good),Mumbai,395700.0,363500.0,2026-07-09,1,2026-07-27,346100.0,18
101434,Tata,Harrier,2018,100492,A (Excellent),Ahmedabad,640600.0,629100.0,2026-07-17,1,2026-08-10,611200.0,24
101435,Tata,Nexon,2023,26782,C (Fair),Chennai,542500.0,497800.0,2026-06-06,1,2026-07-06,482200.0,30
101436,Maruti Suzuki,Swift,2016,121802,B (Good),Kolkata,181900.0,204000.0,2026-06-26,1,2026-08-15,201700.0,50
101437,Honda,WR-V,2020,79763,B (Good),Bengaluru,394200.0,358000.0,2026-05-30,1,2026-06-11,341900.0,12
101438,Tata,Altroz,2022,43347,B (Good),Pune,393300.0,360600.0,2026-07-29,1,2026-08-23,344800.0,25
101439,Hyundai,Verna,2021,49254,A (Excellent),Delhi NCR,588700.0,526900.0,2026-06-16,1,2026-07-13,504700.0,27
101440,Honda,WR-V,2019,72191,B (Good),Chennai,361600.0,354700.0,2026-07-11,1,2026-08-09,341700.0,29
101441,Honda,Amaze,2020,68725,A (Excellent),Chennai,331400.0,350900.0,2026-07-21,0,,,42
101442,Honda,Amaze,2019,109166,B (Good),Mumbai,267100.0,304200.0,2026-08-13,0,,,19
101443,Honda,City,2019,80539,A (Excellent),Ahmedabad,446600.0,473200.0,2026-05-19,1,2026-06-28,459200.0,40
101444,Mahindra,Bolero,2023,27811,B (Good),Bengaluru,495900.0,566100.0,2026-07-26,1,2026-08-05,556800.0,10
101445,Maruti Suzuki,Ertiga,2018,92402,C (Fair),Ahmedabad,278600.0,303800.0,2026-05-13,1,2026-06-24,298800.0,42
101446,Hyundai,Verna,2017,104733,B (Good),Chennai,352000.0,344200.0,2026-06-03,1,2026-06-28,337200.0,25
101447,Maruti Suzuki,WagonR,2020,54825,B (Good),Mumbai,233600.0,233300.0,2026-07-08,1,2026-07-28,227600.0,20
101448,Maruti Suzuki,WagonR,2018,102262,B (Good),Ahmedabad,183700.0,199000.0,2026-05-07,1,2026-06-16,189400.0,40
101449,Hyundai,Creta,2021,51041,C (Fair),Pune,592700.0,532700.0,2026-06-25,1,2026-07-18,517500.0,23
101450,Mahindra,XUV700,2023,35727,B (Good),Mumbai,1159400.0,1189000.0,2026-06-10,1,2026-07-09,1158600.0,29
101451,Honda,WR-V,2017,115823,B (Good),Mumbai,285400.0,257500.0,2026-06-02,1,2026-06-14,249600.0,12
101452,Maruti Suzuki,Dzire,2021,63704,C (Fair),Kolkata,294900.0,281900.0,2026-08-20,0,,,12
101453,Tata,Harrier,2023,39847,B (Good),Delhi NCR,1014600.0,1100400.0,2026-07-11,1,2026-08-07,1063800.0,27
101454,Kia,Carens,2024,25715,A (Excellent),Pune,884800.0,877100.0,2026-06-07,1,2026-07-06,834300.0,29
101455,Maruti Suzuki,Dzire,2020,79375,B (Good),Bengaluru,293200.0,221200.0,2026-08-11,1,2026-08-21,211900.0,10
101456,Maruti Suzuki,Dzire,2021,53116,A (Excellent),Hyderabad,357900.0,384500.0,2026-06-13,1,2026-07-24,370100.0,41
101457,Honda,Amaze,2020,80167,C (Fair),Delhi NCR,272800.0,292300.0,2026-08-30,0,,,2
101458,Maruti Suzuki,Baleno,2018,111151,B (Good),Pune,242500.0,249600.0,2026-08-21,0,,,11
101459,Maruti Suzuki,Ertiga,2022,40156,A (Excellent),Kolkata,515600.0,554800.0,2026-06-12,1,2026-07-24,544200.0,42
101460,Tata,Punch,2021,65885,A (Excellent),Hyderabad,365300.0,395700.0,2026-05-09,1,2026-06-18,379300.0,40
101461,Mahindra,Scorpio,2024,20254,B (Good),Kolkata,980700.0,1060100.0,2026-06-28,1,2026-07-29,1031700.0,31
101462,Toyota,Glanza,2019,85754,B (Good),Bengaluru,297000.0,297900.0,2026-06-23,1,2026-07-22,290800.0,29
101463,Hyundai,Verna,2020,81463,A (Excellent),Ahmedabad,517500.0,542200.0,2026-07-10,1,2026-08-06,510300.0,27
101464,Maruti Suzuki,Swift,2023,43254,A (Excellent),Delhi NCR,414100.0,429300.0,2026-05-31,1,2026-07-01,412200.0,31
101465,Kia,Seltos,2023,29519,B (Good),Ahmedabad,813300.0,774900.0,2026-08-20,0,,,12
101466,Toyota,Glanza,2020,58645,A (Excellent),Kolkata,362900.0,386200.0,2026-05-14,1,2026-06-27,368500.0,44
101467,Toyota,Glanza,2023,37318,B (Good),Hyderabad,456000.0,459000.0,2026-06-30,1,2026-08-11,452700.0,42
101468,Maruti Suzuki,WagonR,2022,52926,B (Good),Hyderabad,282600.0,274900.0,2026-08-27,0,,,5
101469,Honda,WR-V,2022,48241,B (Good),Ahmedabad,492300.0,512800.0,2026-08-05,0,,,27
101470,Honda,Jazz,2021,67080,A (Excellent),Ahmedabad,377000.0,446500.0,2026-07-17,1,2026-08-28,436900.0,42
101471,Honda,Jazz,2021,62338,A (Excellent),Kolkata,378900.0,371200.0,2026-06-07,1,2026-07-14,357100.0,37
101472,Honda,City,2023,33509,C (Fair),Bengaluru,570500.0,595100.0,2026-05-17,1,2026-06-04,574100.0,18
101473,Tata,Nexon,2018,82548,B (Good),Ahmedabad,354600.0,357800.0,2026-07-14,1,2026-08-23,347100.0,40
101474,Honda,Amaze,2023,40841,B (Good),Chennai,419400.0,408800.0,2026-08-26,0,,,6
101475,Tata,Tiago,2020,81107,B (Good),Bengaluru,242200.0,234300.0,2026-07-13,1,2026-08-05,230600.0,23
101476,Tata,Punch,2016,121993,A (Excellent),Pune,214300.0,223400.0,2026-06-04,1,2026-07-11,212400.0,37
101477,Maruti Suzuki,Swift,2020,68962,B (Good),Mumbai,281200.0,230800.0,2026-07-09,1,2026-07-20,225600.0,11
101478,Mahindra,Bolero,2017,115778,C (Fair),Ahmedabad,230500.0,207300.0,2026-06-17,1,2026-07-16,204600.0,29
101479,Toyota,Innova,2017,106485,B (Good),Hyderabad,591600.0,590600.0,2026-07-06,1,2026-07-26,583400.0,20
101480,Hyundai,Verna,2020,67541,B (Good),Hyderabad,486500.0,387500.0,2026-05-25,1,2026-05-30,373000.0,5
101481,Tata,Nexon,2017,98333,B (Good),Delhi NCR,317200.0,349600.0,2026-08-04,0,,,28
101482,Honda,Amaze,2020,79688,A (Excellent),Kolkata,327500.0,278200.0,2026-06-30,1,2026-07-20,270900.0,20
101483,Toyota,Glanza,2020,79438,A (Excellent),Pune,354900.0,302400.0,2026-06-27,1,2026-07-29,286000.0,32
101484,Hyundai,Verna,2023,40477,B (Good),Kolkata,664300.0,749600.0,2026-07-14,1,2026-08-29,711500.0,46
101485,Kia,Seltos,2023,39002,B (Good),Chennai,805400.0,789400.0,2026-08-12,0,,,20
101486,Maruti Suzuki,Baleno,2021,59618,B (Good),Chennai,340500.0,322600.0,2026-08-15,0,,,17
101487,Mahindra,Bolero,2024,22140,C (Fair),Hyderabad,493300.0,544400.0,2026-08-06,0,,,26
101488,Maruti Suzuki,Swift,2020,69172,A (Excellent),Mumbai,303600.0,297800.0,2026-08-10,0,,,22
101489,Kia,Carens,2023,14300,B (Good),Chennai,754200.0,839100.0,2026-08-05,0,,,27
101490,Hyundai,Venue,2024,30379,B (Good),Pune,582400.0,493100.0,2026-07-01,1,2026-07-19,471700.0,18
101491,Hyundai,Verna,2018,103927,C (Fair),Hyderabad,348400.0,374000.0,2026-07-25,0,,,38
101492,Tata,Harrier,2019,97221,B (Good),Kolkata,654200.0,609700.0,2026-05-10,1,2026-06-14,595000.0,35
101493,Tata,Harrier,2023,33684,B (Good),Kolkata,1021100.0,1088900.0,2026-06-06,1,2026-07-14,1025100.0,38
101494,Maruti Suzuki,WagonR,2021,45512,C (Fair),Hyderabad,233300.0,222300.0,2026-06-28,1,2026-07-16,210600.0,18
101495,Tata,Altroz,2020,72878,B (Good),Hyderabad,315700.0,331000.0,2026-08-22,0,,,10
101496,Mahindra,XUV300,2018,91913,C (Fair),Bengaluru,297300.0,335500.0,2026-07-26,1,2026-08-25,324800.0,30
101497,Kia,Carens,2020,70256,B (Good),Mumbai,536100.0,519400.0,2026-05-23,1,2026-06-10,509200.0,18
101498,Honda,Amaze,2018,86010,B (Good),Bengaluru,249400.0,238300.0,2026-07-19,1,2026-08-20,228200.0,32
101499,Honda,City,2021,72815,B (Good),Bengaluru,503600.0,559400.0,2026-06-29,1,2026-07-31,543300.0,32
101500,Kia,Seltos,2024,33153,A (Excellent),Bengaluru,961600.0,825000.0,2026-07-30,1,2026-08-23,804300.0,24
101501,Maruti Suzuki,Baleno,2021,47336,B (Good),Bengaluru,344900.0,359200.0,2026-08-29,0,,,3
101502,Maruti Suzuki,Baleno,2017,92986,B (Good),Bengaluru,225200.0,209000.0,2026-07-11,1,2026-07-24,201200.0,13
101503,Tata,Altroz,2020,70554,B (Good),Kolkata,316500.0,248700.0,2026-06-01,1,2026-06-28,240200.0,27
101504,Honda,City,2021,67389,A (Excellent),Mumbai,547000.0,489400.0,2026-07-20,1,2026-08-13,471300.0,24
101505,Kia,Seltos,2021,58721,A (Excellent),Pune,705500.0,700200.0,2026-07-01,1,2026-08-05,687500.0,35
101506,Toyota,Fortuner,2016,129175,C (Fair),Mumbai,855900.0,850900.0,2026-08-16,0,,,16
101507,Hyundai,Grand i10,2023,48227,B (Good),Chennai,332900.0,275800.0,2026-07-08,1,2026-07-29,269100.0,21
101508,Hyundai,Venue,2021,66271,A (Excellent),Pune,456400.0,447800.0,2026-05-25,1,2026-06-11,436000.0,17
101509,Kia,Sonet,2021,63873,B (Good),Bengaluru,451900.0,440600.0,2026-06-03,1,2026-06-28,419000.0,25
101510,Tata,Nexon,2016,111166,B (Good),Hyderabad,284500.0,260000.0,2026-05-18,1,2026-05-27,248200.0,9
101511,Kia,Sonet,2021,38667,C (Fair),Ahmedabad,417700.0,478900.0,2026-07-01,1,2026-08-09,472500.0,39
101512,Toyota,Fortuner,2020,66963,A (Excellent),Kolkata,1604800.0,1426700.0,2026-05-17,1,2026-06-22,1363600.0,36
101513,Maruti Suzuki,Dzire,2020,64611,C (Fair),Mumbai,268100.0,244800.0,2026-05-17,1,2026-06-15,236200.0,29
101514,Honda,City,2022,57126,A (Excellent),Chennai,607800.0,623800.0,2026-07-28,1,2026-08-24,593600.0,27
101515,Kia,Seltos,2021,56378,A (Excellent),Hyderabad,707200.0,708700.0,2026-08-02,1,2026-08-27,670200.0,25
101516,Mahindra,XUV700,2022,43998,B (Good),Delhi NCR,1046000.0,1096100.0,2026-08-21,0,,,11
101517,Mahindra,XUV700,2024,29645,C (Fair),Delhi NCR,1153900.0,1074700.0,2026-07-05,1,2026-07-26,1058300.0,21
101518,Maruti Suzuki,WagonR,2021,51443,A (Excellent),Hyderabad,278200.0,272500.0,2026-08-28,0,,,4
101519,Hyundai,i20,2021,51249,A (Excellent),Hyderabad,383400.0,398300.0,2026-07-24,1,2026-08-22,389900.0,29
101520,Hyundai,i20,2020,72760,B (Good),Ahmedabad,315700.0,364800.0,2026-08-02,0,,,30
101521,Tata,Harrier,2024,24981,B (Good),Chennai,1132200.0,1155900.0,2026-06-23,1,2026-07-15,1139100.0,22
101522,Hyundai,Verna,2022,39571,A (Excellent),Ahmedabad,653500.0,734200.0,2026-07-21,1,2026-08-30,695200.0,40
101523,Kia,Seltos,2021,57987,B (Good),Ahmedabad,653700.0,690500.0,2026-08-14,0,,,18
101524,Toyota,Glanza,2021,57047,A (Excellent),Chennai,399500.0,429000.0,2026-07-03,1,2026-07-29,419700.0,26
101525,Mahindra,XUV700,2022,60041,A (Excellent),Chennai,1110800.0,924200.0,2026-07-14,1,2026-07-29,896600.0,15
101526,Kia,Carens,2023,29123,C (Fair),Bengaluru,668600.0,745700.0,2026-06-10,1,2026-06-30,728600.0,20
101527,Hyundai,Verna,2021,61720,B (Good),Hyderabad,537900.0,524100.0,2026-05-29,1,2026-07-03,512900.0,35
101528,Honda,City,2022,69814,A (Excellent),Delhi NCR,599600.0,533700.0,2026-08-10,0,,,22
101529,Maruti Suzuki,Baleno,2019,93901,B (Good),Pune,271700.0,311300.0,2026-06-27,1,2026-08-02,296600.0,36
101530,Honda,City,2019,83821,C (Fair),Delhi NCR,370800.0,382300.0,2026-06-17,1,2026-07-18,376700.0,31
101531,Honda,WR-V,2023,40251,A (Excellent),Bengaluru,589200.0,594600.0,2026-07-25,1,2026-08-12,567000.0,18
101532,Honda,Amaze,2020,75748,A (Excellent),Hyderabad,328900.0,333400.0,2026-08-04,0,,,28
101533,Maruti Suzuki,Swift,2024,26300,C (Fair),Ahmedabad,386000.0,433100.0,2026-06-23,1,2026-08-09,410200.0,47
101534,Tata,Tiago,2023,53099,B (Good),Mumbai,331200.0,308600.0,2026-06-04,1,2026-06-26,292300.0,22
101535,Honda,WR-V,2018,103899,A (Excellent),Chennai,343300.0,332100.0,2026-06-10,1,2026-07-07,312600.0,27
101536,Honda,City,2020,72465,A (Excellent),Hyderabad,495100.0,390000.0,2026-07-22,1,2026-08-02,368100.0,11
101537,Hyundai,i20,2021,60240,B (Good),Kolkata,351600.0,318500.0,2026-07-09,1,2026-08-06,308500.0,28
101538,Honda,Jazz,2022,29847,B (Good),Ahmedabad,398900.0,363800.0,2026-08-20,0,,,12
101539,Kia,Seltos,2018,97108,B (Good),Pune,472200.0,478400.0,2026-08-16,0,,,16
101540,Tata,Nexon,2018,102191,C (Fair),Chennai,312300.0,336000.0,2026-07-13,1,2026-08-20,330300.0,38
101541,Maruti Suzuki,Swift,2022,46594,B (Good),Chennai,347700.0,343100.0,2026-07-20,1,2026-08-13,326400.0,24
101542,Honda,Amaze,2021,56805,A (Excellent),Kolkata,368800.0,398900.0,2026-06-14,1,2026-08-02,383000.0,49
101543,Hyundai,Venue,2023,25802,A (Excellent),Ahmedabad,575000.0,541900.0,2026-06-09,1,2026-07-17,536400.0,38
101544,Toyota,Fortuner,2017,102565,B (Good),Bengaluru,1077000.0,1057300.0,2026-08-02,0,,,30
101545,Honda,City,2024,24351,B (Good),Chennai,703200.0,542500.0,2026-07-04,1,2026-07-28,518100.0,24
101546,Maruti Suzuki,Ertiga,2020,69618,B (Good),Ahmedabad,383200.0,416700.0,2026-07-26,0,,,37
101547,Kia,Carens,2017,104315,A (Excellent),Pune,420300.0,389100.0,2026-08-17,0,,,15
101548,Maruti Suzuki,Dzire,2021,52900,A (Excellent),Ahmedabad,358000.0,336000.0,2026-06-27,1,2026-07-16,332300.0,19
101549,Maruti Suzuki,Dzire,2019,84453,A (Excellent),Delhi NCR,286600.0,290500.0,2026-07-21,1,2026-08-20,281900.0,30
101550,Maruti Suzuki,WagonR,2016,108720,A (Excellent),Delhi NCR,163100.0,156100.0,2026-08-16,0,,,16
101551,Maruti Suzuki,Ertiga,2024,29765,A (Excellent),Delhi NCR,629300.0,631700.0,2026-06-28,1,2026-07-18,621000.0,20
101552,Maruti Suzuki,WagonR,2019,87477,B (Good),Delhi NCR,205200.0,224500.0,2026-05-17,1,2026-06-21,213200.0,35
101553,Honda,City,2020,68227,C (Fair),Kolkata,414500.0,332700.0,2026-06-24,1,2026-07-09,320100.0,15
101554,Maruti Suzuki,Ertiga,2021,55135,A (Excellent),Delhi NCR,461900.0,531400.0,2026-07-30,0,,,33
101555,Maruti Suzuki,Ertiga,2019,78843,B (Good),Pune,345200.0,346900.0,2026-07-19,1,2026-08-18,342300.0,30
101556,Tata,Tiago,2022,50152,B (Good),Ahmedabad,302300.0,335300.0,2026-08-23,0,,,9
101557,Toyota,Fortuner,2017,104262,A (Excellent),Mumbai,1161000.0,1237500.0,2026-06-18,1,2026-07-14,1172800.0,26
101558,Hyundai,i20,2024,23215,B (Good),Pune,485000.0,520300.0,2026-07-05,1,2026-08-04,514400.0,30
101559,Hyundai,Verna,2023,48026,B (Good),Mumbai,659000.0,632000.0,2026-06-10,1,2026-07-07,596200.0,27
101560,Kia,Carens,2020,71901,A (Excellent),Delhi NCR,578000.0,592700.0,2026-07-11,1,2026-07-24,567100.0,13
101561,Hyundai,i20,2022,53127,A (Excellent),Mumbai,420400.0,383800.0,2026-06-05,1,2026-06-20,361300.0,15
101562,Hyundai,Venue,2022,53638,A (Excellent),Ahmedabad,508300.0,545400.0,2026-07-22,1,2026-08-29,520200.0,38
101563,Hyundai,i20,2024,20970,B (Good),Delhi NCR,486100.0,398700.0,2026-06-01,1,2026-06-13,375100.0,12
101564,Hyundai,Verna,2017,101561,A (Excellent),Mumbai,381500.0,435000.0,2026-07-09,1,2026-08-13,410600.0,35
101565,Honda,Amaze,2024,26056,B (Good),Chennai,468000.0,405700.0,2026-06-18,1,2026-07-11,391800.0,23
101566,Tata,Tiago,2018,95088,B (Good),Pune,197500.0,197300.0,2026-07-29,0,,,34
101567,Mahindra,XUV700,2022,46935,C (Fair),Pune,938500.0,1031600.0,2026-05-14,1,2026-06-25,1006500.0,42
101568,Tata,Altroz,2023,47585,B (Good),Pune,430300.0,376500.0,2026-05-14,1,2026-06-09,362000.0,26
101569,Hyundai,i20,2021,55137,B (Good),Ahmedabad,353500.0,353400.0,2026-05-29,1,2026-06-24,343800.0,26
101570,Maruti Suzuki,Baleno,2023,28180,B (Good),Ahmedabad,424900.0,380700.0,2026-08-19,0,,,13
101571,Hyundai,Grand i10,2020,72349,A (Excellent),Kolkata,264100.0,292100.0,2026-08-06,0,,,26
101572,Honda,WR-V,2022,53148,B (Good),Delhi NCR,489800.0,501000.0,2026-06-06,1,2026-07-01,482100.0,25
101573,Maruti Suzuki,Dzire,2016,122389,B (Good),Delhi NCR,191700.0,224500.0,2026-06-23,1,2026-07-24,218800.0,31
101574,Mahindra,Bolero,2020,56541,B (Good),Bengaluru,362700.0,351900.0,2026-08-12,0,,,20
101575,Mahindra,Scorpio,2024,21826,A (Excellent),Bengaluru,1057500.0,1079400.0,2026-06-01,1,2026-06-28,1035000.0,27
101576,Mahindra,XUV300,2023,42238,B (Good),Delhi NCR,558400.0,572000.0,2026-06-15,1,2026-07-05,552700.0,20
101577,Maruti Suzuki,Dzire,2023,36929,B (Good),Mumbai,407100.0,402200.0,2026-08-21,0,,,11
101578,Hyundai,i20,2019,87616,C (Fair),Mumbai,254400.0,208500.0,2026-06-27,1,2026-07-04,200200.0,7
101579,Hyundai,Verna,2016,119949,A (Excellent),Ahmedabad,340000.0,331600.0,2026-08-23,0,,,9
101580,Tata,Punch,2020,62193,B (Good),Mumbai,309000.0,327700.0,2026-05-31,1,2026-06-26,322700.0,26
101581,Toyota,Glanza,2022,40896,B (Good),Bengaluru,413400.0,389600.0,2026-06-20,1,2026-06-27,366300.0,7
101582,Kia,Carens,2017,108647,A (Excellent),Bengaluru,418300.0,422500.0,2026-07-01,1,2026-07-26,399000.0,25
101583,Honda,City,2021,74711,A (Excellent),Kolkata,542700.0,528800.0,2026-06-15,1,2026-07-21,511200.0,36
101584,Tata,Harrier,2022,64757,B (Good),Delhi NCR,899300.0,888000.0,2026-08-29,0,,,3
101585,Mahindra,Scorpio,2020,77704,B (Good),Ahmedabad,633100.0,622700.0,2026-05-28,1,2026-06-25,614000.0,28
101586,Mahindra,Bolero,2023,30872,B (Good),Ahmedabad,494400.0,450900.0,2026-08-04,1,2026-08-26,435400.0,22
101587,Hyundai,Venue,2023,29157,B (Good),Ahmedabad,530600.0,578600.0,2026-08-08,0,,,24
101588,Maruti Suzuki,Swift,2017,102850,B (Good),Bengaluru,204200.0,203700.0,2026-08-07,1,2026-08-29,197100.0,22
101589,Maruti Suzuki,WagonR,2021,64854,B (Good),Hyderabad,253900.0,279700.0,2026-06-08,1,2026-07-21,272100.0,43
101590,Maruti Suzuki,Dzire,2018,99833,A (Excellent),Chennai,256400.0,271800.0,2026-08-21,0,,,11
101591,Maruti Suzuki,Baleno,2019,85210,B (Good),Ahmedabad,274300.0,265200.0,2026-05-06,1,2026-06-18,258800.0,43
101592,Honda,Amaze,2020,68900,B (Good),Pune,306800.0,327600.0,2026-06-29,1,2026-07-18,312400.0,19
101593,Kia,Carens,2023,25912,B (Good),Hyderabad,745300.0,682800.0,2026-06-18,1,2026-07-18,658800.0,30
101594,Hyundai,Grand i10,2021,57073,B (Good),Chennai,273100.0,271400.0,2026-05-16,1,2026-06-13,257300.0,28
101595,Honda,WR-V,2019,74723,A (Excellent),Ahmedabad,389500.0,454800.0,2026-06-16,1,2026-08-08,433700.0,53
101596,Hyundai,i20,2019,78173,B (Good),Mumbai,285600.0,305400.0,2026-07-05,1,2026-08-01,291500.0,27
101597,Tata,Punch,2021,69142,C (Fair),Ahmedabad,303300.0,289800.0,2026-06-19,1,2026-07-18,273200.0,29
101598,Honda,Jazz,2020,75066,B (Good),Ahmedabad,314900.0,375600.0,2026-05-15,1,2026-07-05,359100.0,51
101599,Mahindra,Bolero,2022,34504,A (Excellent),Chennai,484000.0,516300.0,2026-05-13,1,2026-06-21,488400.0,39
101600,Maruti Suzuki,Dzire,2021,54374,B (Good),Bengaluru,331000.0,356800.0,2026-05-22,1,2026-06-19,348000.0,28
101601,Honda,City,2021,45395,B (Good),Kolkata,518500.0,500000.0,2026-08-06,0,,,26
101602,Hyundai,i20,2024,23228,C (Fair),Hyderabad,436500.0,398000.0,2026-06-05,1,2026-06-23,382200.0,18
101603,Maruti Suzuki,Swift,2024,34321,B (Good),Mumbai,425300.0,424200.0,2026-06-06,1,2026-06-28,407100.0,22
101604,Maruti Suzuki,Baleno,2018,85763,B (Good),Bengaluru,249400.0,214800.0,2026-06-03,1,2026-06-11,205500.0,8
101605,Hyundai,Creta,2021,53997,B (Good),Ahmedabad,656500.0,745800.0,2026-06-16,1,2026-07-27,703400.0,41
101606,Maruti Suzuki,Swift,2021,55742,B (Good),Chennai,313400.0,339600.0,2026-05-18,1,2026-06-20,331000.0,33
101607,Hyundai,Creta,2022,64318,A (Excellent),Chennai,770600.0,762200.0,2026-06-14,1,2026-07-19,744800.0,35
101608,Tata,Punch,2017,110474,C (Fair),Delhi NCR,198800.0,195000.0,2026-06-26,1,2026-07-17,192500.0,21
101609,Tata,Punch,2019,81267,B (Good),Ahmedabad,275500.0,252200.0,2026-05-30,1,2026-07-02,241400.0,33
101610,Hyundai,Creta,2021,64393,A (Excellent),Mumbai,701200.0,667800.0,2026-06-10,1,2026-07-09,635900.0,29
101611,Honda,City,2019,86386,B (Good),Chennai,410900.0,391100.0,2026-06-23,1,2026-07-15,382000.0,22
101612,Hyundai,Grand i10,2024,31549,B (Good),Delhi NCR,372300.0,406200.0,2026-08-22,0,,,10
101613,Hyundai,Grand i10,2023,47009,A (Excellent),Hyderabad,360000.0,330200.0,2026-07-09,1,2026-08-07,312500.0,29
101614,Mahindra,Bolero,2022,46102,B (Good),Mumbai,442800.0,356700.0,2026-07-24,1,2026-08-12,341800.0,19
101615,Maruti Suzuki,Dzire,2016,120987,A (Excellent),Delhi NCR,207300.0,203900.0,2026-08-10,1,2026-08-26,198400.0,16
101616,Maruti Suzuki,WagonR,2018,93214,C (Fair),Chennai,167000.0,156900.0,2026-05-06,1,2026-05-27,152100.0,21
101617,Hyundai,Grand i10,2018,95910,C (Fair),Bengaluru,177600.0,157100.0,2026-08-27,0,,,5
101618,Honda,Jazz,2023,29462,B (Good),Kolkata,438500.0,368600.0,2026-07-25,1,2026-08-16,349800.0,22
101619,Toyota,Innova,2021,55801,B (Good),Ahmedabad,911700.0,973400.0,2026-08-27,0,,,5
101620,Tata,Harrier,2023,32091,A (Excellent),Hyderabad,1104600.0,1263800.0,2026-07-31,1,2026-08-30,1201900.0,30
101621,Maruti Suzuki,Ertiga,2024,18132,A (Excellent),Delhi NCR,636900.0,609500.0,2026-07-22,1,2026-08-12,590800.0,21
101622,Hyundai,Verna,2021,62041,B (Good),Pune,537700.0,496900.0,2026-05-19,1,2026-06-10,470900.0,22
101623,Mahindra,Bolero,2024,23671,A (Excellent),Mumbai,591100.0,630200.0,2026-08-28,0,,,4
101624,Hyundai,i20,2024,32783,B (Good),Hyderabad,480200.0,394000.0,2026-06-22,1,2026-06-28,373200.0,6
101625,Hyundai,Creta,2016,116218,C (Fair),Pune,344500.0,334100.0,2026-07-24,1,2026-08-15,316600.0,22
101626,Mahindra,Scorpio,2019,85792,B (Good),Bengaluru,571100.0,593300.0,2026-07-19,1,2026-08-18,573900.0,30
101627,Tata,Altroz,2022,38339,A (Excellent),Kolkata,427000.0,500300.0,2026-05-22,1,2026-07-09,481900.0,48
101628,Mahindra,Scorpio,2022,44730,A (Excellent),Pune,855200.0,929900.0,2026-07-23,1,2026-08-29,919700.0,37
101629,Hyundai,Verna,2021,77480,B (Good),Ahmedabad,528900.0,591800.0,2026-05-11,1,2026-06-21,559400.0,41
101630,Honda,City,2023,39202,A (Excellent),Ahmedabad,680600.0,695400.0,2026-06-29,1,2026-08-06,661100.0,38
101631,Maruti Suzuki,Dzire,2021,52765,B (Good),Delhi NCR,331500.0,379400.0,2026-07-28,0,,,35
101632,Tata,Nexon,2021,75434,A (Excellent),Kolkata,512200.0,507500.0,2026-08-12,0,,,20
101633,Hyundai,Creta,2019,94459,C (Fair),Kolkata,468400.0,482900.0,2026-05-26,1,2026-07-05,477400.0,40
101634,Hyundai,Creta,2020,82875,C (Fair),Mumbai,521300.0,457200.0,2026-05-05,1,2026-05-29,448000.0,24
101635,Hyundai,Creta,2023,28601,C (Fair),Mumbai,732700.0,703500.0,2026-05-24,1,2026-06-24,695300.0,31
101636,Hyundai,i20,2022,52017,C (Fair),Bengaluru,350800.0,299600.0,2026-06-27,1,2026-07-10,291200.0,13
101637,Hyundai,Verna,2017,114644,B (Good),Bengaluru,348100.0,346200.0,2026-06-08,1,2026-06-24,336100.0,16
101638,Kia,Carens,2022,40851,C (Fair),Mumbai,601100.0,686900.0,2026-08-13,0,,,19
101639,Tata,Tiago,2022,44007,A (Excellent),Ahmedabad,328600.0,318900.0,2026-05-28,1,2026-06-15,300500.0,18
101640,Maruti Suzuki,WagonR,2022,49426,B (Good),Hyderabad,283700.0,270800.0,2026-08-04,1,2026-08-21,265800.0,17
101641,Honda,Amaze,2024,15967,A (Excellent),Ahmedabad,510600.0,556400.0,2026-07-17,1,2026-08-25,548300.0,39
101642,Tata,Punch,2022,40144,B (Good),Ahmedabad,381900.0,377700.0,2026-08-18,0,,,14
101643,Tata,Nexon,2020,73272,B (Good),Ahmedabad,432600.0,395100.0,2026-05-30,1,2026-06-25,385200.0,26
101644,Hyundai,Creta,2024,39852,A (Excellent),Hyderabad,955000.0,1104900.0,2026-08-25,0,,,7
101645,Hyundai,Creta,2019,75378,B (Good),Hyderabad,531400.0,486800.0,2026-08-30,0,,,2
101646,Mahindra,Bolero,2021,59742,B (Good),Pune,397200.0,406500.0,2026-08-06,1,2026-08-30,398800.0,24
101647,Tata,Tiago,2024,16717,A (Excellent),Hyderabad,408200.0,344200.0,2026-08-15,1,2026-08-30,335400.0,15
101648,Hyundai,Creta,2022,54495,A (Excellent),Pune,778700.0,918300.0,2026-06-28,1,2026-08-09,870000.0,42
101649,Hyundai,Venue,2023,38220,B (Good),Ahmedabad,525700.0,533100.0,2026-08-10,0,,,22
101650,Honda,Amaze,2019,75318,C (Fair),Delhi NCR,249500.0,278000.0,2026-08-18,0,,,14
101651,Maruti Suzuki,WagonR,2018,93716,B (Good),Delhi NCR,185500.0,191600.0,2026-07-20,1,2026-08-17,183200.0,28
101652,Tata,Harrier,2024,16188,B (Good),Hyderabad,1142400.0,1242600.0,2026-06-16,1,2026-07-22,1222700.0,36
101653,Kia,Sonet,2022,41334,B (Good),Pune,508600.0,458100.0,2026-05-22,1,2026-06-11,437900.0,20
101654,Tata,Altroz,2021,58317,A (Excellent),Chennai,380500.0,369500.0,2026-07-25,1,2026-08-29,359000.0,35
101655,Honda,Jazz,2022,41442,A (Excellent),Chennai,425600.0,464700.0,2026-08-24,0,,,8
101656,Mahindra,Scorpio,2020,74195,B (Good),Chennai,635500.0,644100.0,2026-06-30,1,2026-07-30,633900.0,30
101657,Tata,Tiago,2023,37513,B (Good),Chennai,336700.0,351700.0,2026-05-05,1,2026-06-01,341600.0,27
101658,Maruti Suzuki,Swift,2018,100631,B (Good),Hyderabad,224900.0,240700.0,2026-08-03,1,2026-08-30,237200.0,27
101659,Tata,Punch,2020,62662,B (Good),Pune,308800.0,265100.0,2026-06-17,1,2026-06-30,257000.0,13
101660,Hyundai,Creta,2021,65747,A (Excellent),Delhi NCR,700200.0,714300.0,2026-07-24,1,2026-08-31,672900.0,38
101661,Tata,Altroz,2024,24647,B (Good),Mumbai,484300.0,476000.0,2026-08-08,0,,,24
101662,Maruti Suzuki,Ertiga,2024,27956,B (Good),Hyderabad,583800.0,524400.0,2026-07-27,1,2026-08-19,516300.0,23
101663,Toyota,Fortuner,2016,113118,B (Good),Kolkata,968500.0,900500.0,2026-06-30,1,2026-08-06,862700.0,37
101664,Maruti Suzuki,Ertiga,2016,134281,B (Good),Mumbai,244500.0,225000.0,2026-05-07,1,2026-05-29,212100.0,22
101665,Tata,Punch,2017,112661,B (Good),Hyderabad,220300.0,233100.0,2026-07-18,1,2026-08-15,219300.0,28
101666,Hyundai,i20,2024,14484,A (Excellent),Hyderabad,528400.0,509700.0,2026-07-12,1,2026-08-03,481400.0,22
101667,Maruti Suzuki,Swift,2023,47877,C (Fair),Bengaluru,343500.0,363400.0,2026-07-01,1,2026-08-10,357400.0,40
101668,Maruti Suzuki,WagonR,2019,94494,B (Good),Bengaluru,203600.0,178300.0,2026-08-11,0,,,21
101669,Hyundai,Grand i10,2019,71762,C (Fair),Ahmedabad,200400.0,202300.0,2026-05-29,1,2026-07-05,194500.0,37
101670,Tata,Altroz,2024,6278,A (Excellent),Delhi NCR,532800.0,555700.0,2026-06-15,1,2026-07-09,542000.0,24
101671,Toyota,Innova,2021,65324,B (Good),Ahmedabad,902500.0,1022600.0,2026-07-21,0,,,42
101672,Honda,Amaze,2021,53985,C (Fair),Chennai,308300.0,303900.0,2026-07-10,1,2026-08-13,294700.0,34
101673,Hyundai,Creta,2023,23783,A (Excellent),Kolkata,883600.0,940000.0,2026-06-06,1,2026-07-16,927100.0,40
101674,Maruti Suzuki,Ertiga,2020,66629,B (Good),Kolkata,384400.0,367800.0,2026-07-21,1,2026-08-14,360800.0,24
101675,Hyundai,Grand i10,2023,34466,A (Excellent),Delhi NCR,364800.0,402400.0,2026-08-02,0,,,30
101676,Honda,WR-V,2023,21812,B (Good),Ahmedabad,556000.0,621600.0,2026-08-11,0,,,21
101677,Toyota,Glanza,2023,29885,B (Good),Ahmedabad,459500.0,425300.0,2026-05-26,1,2026-06-13,403600.0,18
101678,Maruti Suzuki,Dzire,2021,42613,B (Good),Mumbai,335100.0,357000.0,2026-08-14,0,,,18
101679,Tata,Tiago,2020,66270,A (Excellent),Ahmedabad,265800.0,263200.0,2026-06-23,1,2026-07-26,259900.0,33
101680,Honda,City,2018,101196,B (Good),Mumbai,367900.0,356500.0,2026-08-24,0,,,8
101681,Mahindra,Bolero,2022,59214,B (Good),Hyderabad,436700.0,440300.0,2026-06-24,1,2026-07-18,418600.0,24
101682,Tata,Altroz,2022,52240,A (Excellent),Delhi NCR,420800.0,361800.0,2026-06-28,1,2026-07-18,350100.0,20
101683,Honda,WR-V,2022,51655,C (Fair),Kolkata,441500.0,383800.0,2026-08-12,0,,,20
101684,Hyundai,Creta,2016,119785,B (Good),Hyderabad,381200.0,396900.0,2026-06-02,1,2026-07-02,383900.0,30
101685,Honda,Amaze,2021,56491,C (Fair),Ahmedabad,307500.0,282600.0,2026-08-12,0,,,20
101686,Hyundai,i20,2022,49738,A (Excellent),Kolkata,422000.0,437200.0,2026-06-18,1,2026-08-02,411000.0,45
101687,Toyota,Fortuner,2021,61147,C (Fair),Chennai,1478700.0,1522200.0,2026-08-27,0,,,5
101688,Hyundai,Verna,2020,68282,C (Fair),Chennai,437500.0,448800.0,2026-06-30,1,2026-07-28,427900.0,28
101689,Mahindra,Bolero,2022,52128,C (Fair),Delhi NCR,396000.0,393300.0,2026-07-11,1,2026-07-29,386400.0,18
101690,Honda,City,2020,76429,B (Good),Kolkata,456500.0,501800.0,2026-05-06,1,2026-06-08,489400.0,33
101691,Hyundai,i20,2020,83563,B (Good),Kolkata,312000.0,299100.0,2026-08-06,1,2026-08-29,290600.0,23
101692,Maruti Suzuki,WagonR,2019,66904,B (Good),Delhi NCR,209800.0,215900.0,2026-07-20,1,2026-08-05,205300.0,16
101693,Tata,Punch,2022,52019,A (Excellent),Pune,407400.0,395900.0,2026-05-16,1,2026-06-20,381700.0,35
101694,Tata,Nexon,2022,44644,B (Good),Bengaluru,538500.0,574200.0,2026-08-20,0,,,12
101695,Hyundai,Grand i10,2023,55783,A (Excellent),Hyderabad,356700.0,390500.0,2026-06-15,1,2026-07-15,372700.0,30
101696,Mahindra,Scorpio,2022,56344,A (Excellent),Kolkata,844800.0,865900.0,2026-08-28,0,,,4
101697,Maruti Suzuki,Ertiga,2021,53179,B (Good),Kolkata,428500.0,536500.0,2026-08-31,0,,,1
101698,Maruti Suzuki,Dzire,2016,124983,B (Good),Kolkata,191100.0,199600.0,2026-06-18,1,2026-07-22,196600.0,34
101699,Toyota,Fortuner,2022,44337,B (Good),Bengaluru,1837800.0,1628600.0,2026-06-19,1,2026-07-17,1558700.0,28
101700,Maruti Suzuki,Swift,2022,46461,B (Good),Mumbai,347800.0,324000.0,2026-07-04,1,2026-08-03,316200.0,30
101701,Hyundai,Creta,2019,102180,B (Good),Mumbai,516000.0,574300.0,2026-07-05,1,2026-08-14,559000.0,40
101702,Maruti Suzuki,Swift,2017,109962,B (Good),Delhi NCR,202600.0,182100.0,2026-06-23,1,2026-07-07,175800.0,14
101703,Maruti Suzuki,Dzire,2021,71386,C (Fair),Mumbai,292500.0,290400.0,2026-07-31,1,2026-08-30,278900.0,30
101704,Honda,Jazz,2020,83369,B (Good),Ahmedabad,312100.0,270500.0,2026-07-06,1,2026-08-01,265000.0,26
101705,Tata,Nexon,2022,43805,A (Excellent),Pune,582100.0,559700.0,2026-08-04,1,2026-08-19,531300.0,15
101706,Toyota,Fortuner,2023,46335,C (Fair),Mumbai,1813900.0,2284500.0,2026-08-31,0,,,1
101707,Mahindra,Bolero,2018,105727,C (Fair),Mumbai,256200.0,287700.0,2026-07-04,1,2026-08-02,272700.0,29
101708,Hyundai,Creta,2024,32355,A (Excellent),Kolkata,962400.0,1259400.0,2026-07-20,0,,,43
101709,Toyota,Fortuner,2021,75453,A (Excellent),Delhi NCR,1747400.0,1452500.0,2026-08-07,1,2026-08-28,1416900.0,21
101710,Maruti Suzuki,WagonR,2021,72480,C (Fair),Hyderabad,226700.0,201900.0,2026-07-19,1,2026-08-08,196800.0,20
101711,Maruti Suzuki,Baleno,2021,63594,B (Good),Ahmedabad,339000.0,344500.0,2026-05-21,1,2026-06-16,332600.0,26
101712,Honda,WR-V,2024,16013,A (Excellent),Bengaluru,663800.0,738600.0,2026-07-26,1,2026-08-21,713000.0,26
101713,Tata,Nexon,2023,34329,B (Good),Hyderabad,598200.0,665900.0,2026-07-22,1,2026-08-26,631800.0,35
101714,Tata,Altroz,2021,64096,B (Good),Delhi NCR,350200.0,371000.0,2026-05-26,1,2026-06-22,352600.0,27
101715,Tata,Tiago,2022,42200,C (Fair),Hyderabad,274400.0,278300.0,2026-08-28,0,,,4
101716,Maruti Suzuki,WagonR,2024,28323,B (Good),Chennai,350200.0,340800.0,2026-06-22,1,2026-07-17,331800.0,25
101717,Maruti Suzuki,Baleno,2023,39192,A (Excellent),Kolkata,453700.0,476100.0,2026-06-17,1,2026-07-30,463700.0,43
101718,Mahindra,XUV700,2024,29209,A (Excellent),Bengaluru,1385300.0,1390800.0,2026-06-08,1,2026-07-02,1376500.0,24
101719,Honda,City,2023,36549,B (Good),Chennai,631900.0,525900.0,2026-07-31,1,2026-08-16,505700.0,16
101720,Hyundai,i20,2021,54015,A (Excellent),Hyderabad,382300.0,385700.0,2026-08-21,0,,,11
101721,Hyundai,i20,2019,87231,B (Good),Ahmedabad,282800.0,293500.0,2026-06-02,1,2026-07-16,279900.0,44
101722,Hyundai,Creta,2019,88475,B (Good),Bengaluru,523800.0,459900.0,2026-06-19,1,2026-06-27,445800.0,8
101723,Honda,Jazz,2024,33733,C (Fair),Pune,431800.0,477100.0,2026-07-29,1,2026-08-23,471800.0,25
101724,Hyundai,Verna,2020,75641,A (Excellent),Kolkata,520800.0,528800.0,2026-08-08,0,,,24
101725,Honda,Jazz,2018,99299,B (Good),Kolkata,253900.0,254400.0,2026-06-11,1,2026-07-21,251600.0,40
101726,Maruti Suzuki,Dzire,2020,67889,B (Good),Ahmedabad,296900.0,275500.0,2026-08-02,1,2026-08-28,262600.0,26
101727,Mahindra,Bolero,2018,86029,C (Fair),Chennai,261800.0,253600.0,2026-08-09,1,2026-08-24,240000.0,15
101728,Mahindra,XUV700,2022,48856,B (Good),Hyderabad,1040700.0,1077300.0,2026-05-07,1,2026-06-07,1038000.0,31
101729,Maruti Suzuki,Dzire,2021,60529,B (Good),Ahmedabad,328800.0,353300.0,2026-05-25,1,2026-07-09,344200.0,45
101730,Tata,Tiago,2023,21095,C (Fair),Kolkata,308200.0,301500.0,2026-08-27,0,,,5
101731,Mahindra,Bolero,2024,29955,A (Excellent),Chennai,587300.0,570900.0,2026-08-12,0,,,20
101732,Maruti Suzuki,Ertiga,2016,111587,C (Fair),Delhi NCR,225800.0,206000.0,2026-08-19,0,,,13
101733,Maruti Suzuki,Swift,2020,69249,B (Good),Kolkata,281100.0,278300.0,2026-08-06,0,,,26
101734,Tata,Altroz,2022,46982,C (Fair),Hyderabad,352600.0,383600.0,2026-05-26,1,2026-06-30,366400.0,35
101735,Mahindra,Scorpio,2023,52658,B (Good),Hyderabad,862900.0,1042400.0,2026-06-13,1,2026-07-25,998800.0,42
101736,Toyota,Glanza,2023,28023,B (Good),Hyderabad,460400.0,416600.0,2026-06-21,1,2026-07-08,408300.0,17
101737,Honda,Jazz,2020,69471,B (Good),Hyderabad,316800.0,341700.0,2026-05-30,1,2026-06-28,321500.0,29
101738,Maruti Suzuki,Dzire,2018,96499,B (Good),Ahmedabad,238300.0,245600.0,2026-08-07,0,,,25
101739,Honda,City,2022,42458,C (Fair),Delhi NCR,514300.0,556500.0,2026-08-12,0,,,20
101740,Kia,Seltos,2021,74803,A (Excellent),Bengaluru,693400.0,580200.0,2026-08-05,1,2026-08-17,564900.0,12
101741,Mahindra,XUV700,2024,25626,A (Excellent),Hyderabad,1390500.0,1462200.0,2026-06-04,1,2026-07-05,1436700.0,31
101742,Hyundai,Grand i10,2016,123048,B (Good),Hyderabad,158500.0,163700.0,2026-06-05,1,2026-07-02,161400.0,27
101743,Tata,Nexon,2024,16030,B (Good),Kolkata,669800.0,756600.0,2026-05-29,1,2026-07-15,720900.0,47
101744,Tata,Harrier,2016,119266,A (Excellent),Bengaluru,519400.0,545200.0,2026-07-23,1,2026-08-12,513400.0,20
101745,Mahindra,XUV700,2018,102075,A (Excellent),Kolkata,727600.0,735600.0,2026-06-06,1,2026-07-10,725000.0,34
101746,Toyota,Fortuner,2020,71978,B (Good),Mumbai,1477900.0,1448300.0,2026-08-22,0,,,10
101747,Hyundai,Venue,2018,109342,B (Good),Pune,303800.0,316200.0,2026-07-05,1,2026-08-03,306300.0,29
101748,Maruti Suzuki,Dzire,2020,81098,B (Good),Chennai,292700.0,298100.0,2026-05-06,1,2026-05-30,294400.0,24
101749,Tata,Nexon,2020,77000,A (Excellent),Chennai,465300.0,536900.0,2026-05-22,1,2026-07-09,522700.0,48
101750,Toyota,Innova,2016,105859,B (Good),Kolkata,538700.0,570300.0,2026-05-25,1,2026-06-29,553600.0,35
101751,Honda,Jazz,2017,116889,B (Good),Bengaluru,226600.0,242700.0,2026-05-17,1,2026-06-14,239900.0,28
101752,Honda,WR-V,2020,74018,B (Good),Mumbai,396600.0,450600.0,2026-06-02,1,2026-06-26,442300.0,24
101753,Kia,Sonet,2022,42370,A (Excellent),Ahmedabad,548700.0,515000.0,2026-07-14,1,2026-08-07,509700.0,24
101754,Maruti Suzuki,Dzire,2021,51730,A (Excellent),Kolkata,358500.0,324600.0,2026-08-20,0,,,12
101755,Mahindra,Scorpio,2019,76391,A (Excellent),Pune,623100.0,577800.0,2026-06-30,1,2026-07-23,558000.0,23
101756,Tata,Tiago,2021,57628,A (Excellent),Ahmedabad,294800.0,270600.0,2026-07-17,1,2026-08-14,256100.0,28
101757,Mahindra,Scorpio,2019,79953,A (Excellent),Hyderabad,620700.0,665600.0,2026-06-22,1,2026-07-24,658000.0,32
101758,Maruti Suzuki,Dzire,2022,46313,C (Fair),Pune,330100.0,354900.0,2026-06-01,1,2026-07-10,345300.0,39
101759,Maruti Suzuki,WagonR,2023,42365,C (Fair),Delhi NCR,282600.0,265900.0,2026-08-07,1,2026-08-25,255300.0,18
101760,Toyota,Fortuner,2016,124843,C (Fair),Ahmedabad,860200.0,901200.0,2026-07-23,1,2026-08-22,870000.0,30
101761,Toyota,Innova,2016,119118,C (Fair),Kolkata,477700.0,462200.0,2026-05-24,1,2026-06-11,446000.0,18
101762,Honda,Amaze,2024,19548,B (Good),Hyderabad,471100.0,434400.0,2026-06-23,1,2026-07-23,416400.0,30
101763,Maruti Suzuki,Dzire,2018,98307,C (Fair),Delhi NCR,214000.0,203200.0,2026-07-20,1,2026-08-02,195000.0,13
101764,Mahindra,Scorpio,2021,41130,B (Good),Kolkata,723300.0,633300.0,2026-05-27,1,2026-06-08,603000.0,12
101765,Mahindra,XUV300,2022,62812,A (Excellent),Ahmedabad,537000.0,555700.0,2026-06-03,1,2026-07-15,534400.0,42
101766,Tata,Punch,2017,111689,A (Excellent),Delhi NCR,238200.0,227200.0,2026-05-12,1,2026-06-12,220900.0,31
101767,Hyundai,i20,2023,30074,B (Good),Hyderabad,438200.0,456000.0,2026-08-14,0,,,18
101768,Maruti Suzuki,Dzire,2022,48034,C (Fair),Chennai,329500.0,314800.0,2026-07-21,1,2026-08-16,303700.0,26
101769,Maruti Suzuki,Ertiga,2024,40726,A (Excellent),Chennai,622200.0,582100.0,2026-08-02,0,,,30
101770,Maruti Suzuki,Swift,2022,39958,B (Good),Pune,350200.0,371700.0,2026-06-10,1,2026-07-09,361200.0,29
101771,Maruti Suzuki,WagonR,2021,75536,B (Good),Mumbai,251000.0,235600.0,2026-07-29,1,2026-08-12,224100.0,14
101772,Mahindra,XUV300,2016,119233,B (Good),Delhi NCR,265300.0,305700.0,2026-08-07,0,,,25
101773,Hyundai,Creta,2018,101032,C (Fair),Bengaluru,423100.0,404200.0,2026-07-05,1,2026-08-01,399500.0,27
101774,Hyundai,Grand i10,2019,84997,A (Excellent),Pune,237000.0,224500.0,2026-07-06,1,2026-08-04,219800.0,29
101775,Maruti Suzuki,Swift,2022,58487,A (Excellent),Hyderabad,370900.0,356100.0,2026-05-07,1,2026-06-09,341500.0,33
101776,Honda,WR-V,2019,86639,B (Good),Bengaluru,356000.0,358100.0,2026-06-13,1,2026-07-11,341900.0,28
101777,Tata,Tiago,2021,65784,B (Good),Kolkata,270600.0,246200.0,2026-08-04,1,2026-08-29,232300.0,25
101778,Mahindra,XUV700,2021,52605,A (Excellent),Hyderabad,1018800.0,1052600.0,2026-08-29,0,,,3
101779,Maruti Suzuki,Swift,2023,37844,A (Excellent),Mumbai,416500.0,400700.0,2026-08-22,0,,,10
101780,Tata,Altroz,2023,35860,B (Good),Kolkata,435600.0,459000.0,2026-08-15,0,,,17
101781,Tata,Nexon,2017,106018,A (Excellent),Hyderabad,339600.0,311400.0,2026-07-25,1,2026-08-17,300900.0,23
101782,Kia,Seltos,2017,99683,A (Excellent),Kolkata,462700.0,449100.0,2026-05-09,1,2026-06-05,429400.0,27
101783,Kia,Sonet,2023,47719,B (Good),Chennai,555200.0,558000.0,2026-08-15,0,,,17
101784,Maruti Suzuki,Baleno,2024,17433,B (Good),Delhi NCR,472100.0,490800.0,2026-07-23,1,2026-08-18,485800.0,26
101785,Hyundai,i20,2023,44628,C (Fair),Hyderabad,388500.0,430300.0,2026-06-23,1,2026-07-24,418100.0,31
101786,Tata,Harrier,2019,87018,A (Excellent),Ahmedabad,714500.0,701400.0,2026-06-30,1,2026-08-09,676200.0,40
101787,Maruti Suzuki,Baleno,2018,110185,B (Good),Kolkata,242800.0,223200.0,2026-06-20,1,2026-07-13,214400.0,23
101788,Tata,Altroz,2024,45563,B (Good),Chennai,473900.0,433400.0,2026-05-29,1,2026-06-30,411500.0,32
101789,Toyota,Glanza,2024,15527,B (Good),Hyderabad,512400.0,467700.0,2026-06-17,1,2026-07-14,454600.0,27
101790,Hyundai,i20,2024,15855,B (Good),Kolkata,488600.0,452500.0,2026-07-08,1,2026-08-07,441500.0,30
101791,Mahindra,XUV300,2019,84144,B (Good),Pune,366100.0,336100.0,2026-07-16,1,2026-08-07,328300.0,22
101792,Kia,Carens,2020,75747,C (Fair),Delhi NCR,479600.0,442900.0,2026-05-11,1,2026-06-04,428400.0,24
101793,Maruti Suzuki,WagonR,2024,27444,B (Good),Bengaluru,350500.0,354800.0,2026-08-17,0,,,15
101794,Maruti Suzuki,Baleno,2016,120070,B (Good),Delhi NCR,198800.0,230300.0,2026-06-19,1,2026-07-24,226400.0,35
101795,Maruti Suzuki,Dzire,2024,29465,C (Fair),Delhi NCR,405700.0,382400.0,2026-08-13,0,,,19
101796,Toyota,Fortuner,2020,75842,C (Fair),Mumbai,1324600.0,1382200.0,2026-07-02,1,2026-07-26,1300500.0,24
101797,Hyundai,i20,2021,62802,C (Fair),Mumbai,315600.0,298900.0,2026-07-19,1,2026-08-11,292300.0,23
101798,Hyundai,i20,2022,43908,A (Excellent),Hyderabad,424500.0,449100.0,2026-05-06,1,2026-06-09,433000.0,34
101799,Tata,Tiago,2024,25052,B (Good),Bengaluru,374800.0,387100.0,2026-07-03,1,2026-07-31,372800.0,28
101800,Honda,Jazz,2018,89008,A (Excellent),Chennai,277400.0,274800.0,2026-06-30,1,2026-07-27,263100.0,27
101801,Maruti Suzuki,Baleno,2018,102535,A (Excellent),Hyderabad,264500.0,243000.0,2026-05-05,1,2026-06-04,232100.0,30
101802,Maruti Suzuki,Baleno,2019,85735,A (Excellent),Hyderabad,296100.0,296900.0,2026-05-08,1,2026-05-18,293800.0,10
101803,Honda,WR-V,2021,55815,C (Fair),Mumbai,400000.0,498500.0,2026-08-29,0,,,3
101804,Toyota,Glanza,2022,45667,B (Good),Mumbai,411400.0,445600.0,2026-07-29,1,2026-08-30,430100.0,32
101805,Toyota,Innova,2020,66217,C (Fair),Ahmedabad,738400.0,768400.0,2026-05-31,1,2026-07-10,733200.0,40
101806,Hyundai,Verna,2024,26319,C (Fair),Chennai,666700.0,745900.0,2026-05-19,1,2026-06-30,730500.0,42
101807,Maruti Suzuki,Baleno,2020,81348,C (Fair),Mumbai,272400.0,288000.0,2026-06-29,1,2026-07-31,274800.0,32
101808,Hyundai,Venue,2023,33222,A (Excellent),Kolkata,570700.0,599100.0,2026-05-24,1,2026-06-26,585400.0,33
101809,Kia,Sonet,2018,91354,B (Good),Pune,330600.0,321800.0,2026-08-23,0,,,9
101810,Toyota,Innova,2022,62670,B (Good),Hyderabad,994500.0,933000.0,2026-05-30,1,2026-06-26,909500.0,27
101811,Maruti Suzuki,Dzire,2020,81520,A (Excellent),Ahmedabad,315900.0,342700.0,2026-07-30,0,,,33
101812,Tata,Tiago,2020,57374,A (Excellent),Delhi NCR,268300.0,307400.0,2026-06-18,1,2026-07-09,289100.0,21
101813,Toyota,Innova,2023,25845,B (Good),Bengaluru,1135800.0,1283700.0,2026-07-04,1,2026-08-05,1267700.0,32
101814,Maruti Suzuki,Dzire,2019,82867,B (Good),Hyderabad,265800.0,243700.0,2026-08-22,0,,,10
101815,Tata,Punch,2024,17796,B (Good),Hyderabad,471900.0,446300.0,2026-06-17,1,2026-07-09,424900.0,22
101816,Hyundai,Verna,2024,22865,A (Excellent),Pune,802800.0,791100.0,2026-06-01,1,2026-06-20,782100.0,19
101817,Kia,Sonet,2018,103710,B (Good),Delhi NCR,326100.0,283800.0,2026-06-08,1,2026-06-24,270800.0,16
101818,Hyundai,Grand i10,2024,10252,A (Excellent),Delhi NCR,410900.0,376300.0,2026-08-04,1,2026-08-29,369100.0,25
101819,Maruti Suzuki,WagonR,2021,62994,A (Excellent),Delhi NCR,274800.0,271400.0,2026-07-18,1,2026-08-13,265200.0,26
101820,Tata,Harrier,2021,48070,A (Excellent),Chennai,899600.0,867200.0,2026-06-28,1,2026-07-22,832100.0,24
101821,Tata,Punch,2023,30976,A (Excellent),Mumbai,457600.0,368600.0,2026-07-20,1,2026-08-01,362000.0,12
101822,Toyota,Fortuner,2022,40969,C (Fair),Chennai,1659900.0,1648100.0,2026-08-21,0,,,11
101823,Kia,Carens,2018,86105,A (Excellent),Pune,471300.0,495400.0,2026-05-18,1,2026-06-14,479900.0,27
101824,Honda,Amaze,2020,76349,A (Excellent),Delhi NCR,328700.0,376100.0,2026-05-30,1,2026-07-05,370800.0,36
101825,Maruti Suzuki,Baleno,2021,65996,B (Good),Hyderabad,338200.0,316800.0,2026-08-21,0,,,11
101826,Honda,WR-V,2024,15858,B (Good),Chennai,614700.0,634800.0,2026-05-17,1,2026-06-29,615400.0,43
101827,Honda,City,2024,13628,A (Excellent),Bengaluru,767800.0,696000.0,2026-05-15,1,2026-05-23,687600.0,8
101828,Maruti Suzuki,Ertiga,2018,96397,C (Fair),Chennai,277400.0,271900.0,2026-07-12,1,2026-08-16,262600.0,35
101829,Mahindra,XUV700,2017,99236,C (Fair),Delhi NCR,553500.0,516700.0,2026-07-24,1,2026-08-18,493700.0,25
101830,Honda,Jazz,2020,75462,B (Good),Bengaluru,314800.0,331800.0,2026-08-25,0,,,7
101831,Honda,WR-V,2021,60226,C (Fair),Pune,398100.0,409400.0,2026-08-10,0,,,22
101832,Maruti Suzuki,WagonR,2020,65620,B (Good),Mumbai,230900.0,196400.0,2026-06-15,1,2026-07-10,190300.0,25
101833,Honda,City,2020,75179,C (Fair),Bengaluru,411400.0,378800.0,2026-08-26,0,,,6
101834,Tata,Tiago,2023,33419,B (Good),Pune,338100.0,372100.0,2026-07-19,1,2026-08-26,358200.0,38
101835,Maruti Suzuki,Swift,2018,89567,B (Good),Bengaluru,227700.0,209600.0,2026-07-04,1,2026-07-25,198600.0,21
101836,Maruti Suzuki,Dzire,2020,70370,B (Good),Mumbai,296100.0,275100.0,2026-06-06,1,2026-06-28,267100.0,22
101837,Toyota,Innova,2022,45108,C (Fair),Kolkata,911900.0,896700.0,2026-06-26,1,2026-07-29,884700.0,33
101838,Hyundai,Creta,2020,73045,A (Excellent),Chennai,632200.0,673000.0,2026-06-29,1,2026-08-04,633400.0,36
101839,Hyundai,Verna,2021,78580,C (Fair),Chennai,475400.0,462100.0,2026-08-20,0,,,12
101840,Hyundai,Creta,2024,29507,B (Good),Bengaluru,893700.0,921100.0,2026-06-18,1,2026-07-23,896500.0,35
101841,Hyundai,Creta,2019,90398,C (Fair),Chennai,470500.0,518900.0,2026-07-04,1,2026-08-10,502100.0,37
101842,Maruti Suzuki,Baleno,2020,75367,C (Fair),Ahmedabad,274200.0,270300.0,2026-05-26,1,2026-06-28,263700.0,33
101843,Maruti Suzuki,Ertiga,2024,20960,B (Good),Pune,588000.0,545100.0,2026-08-02,1,2026-08-29,517700.0,27
101844,Maruti Suzuki,WagonR,2023,40853,B (Good),Delhi NCR,314500.0,284000.0,2026-05-16,1,2026-06-13,268800.0,28
101845,Hyundai,Venue,2020,66962,A (Excellent),Delhi NCR,415000.0,361300.0,2026-07-03,1,2026-07-15,356500.0,12
101846,Maruti Suzuki,Dzire,2024,33717,B (Good),Pune,448800.0,421200.0,2026-08-16,0,,,16
101847,Hyundai,i20,2021,63440,A (Excellent),Pune,378400.0,341800.0,2026-07-04,1,2026-07-20,324700.0,16
101848,Toyota,Glanza,2024,19405,B (Good),Delhi NCR,510400.0,556600.0,2026-07-02,1,2026-07-24,525500.0,22
101849,Maruti Suzuki,Baleno,2021,57759,C (Fair),Ahmedabad,307000.0,313400.0,2026-05-26,1,2026-07-01,308200.0,36
101850,Kia,Seltos,2016,119542,B (Good),Ahmedabad,381300.0,391400.0,2026-06-06,1,2026-07-10,377600.0,34
101851,Hyundai,i20,2021,61426,A (Excellent),Delhi NCR,379300.0,390500.0,2026-07-22,1,2026-08-15,373100.0,24
101852,Toyota,Innova,2021,65844,B (Good),Hyderabad,902000.0,1082200.0,2026-06-05,1,2026-07-24,1065800.0,49
101853,Hyundai,Verna,2021,69477,B (Good),Delhi NCR,533500.0,551000.0,2026-07-12,1,2026-08-11,538700.0,30
101854,Toyota,Glanza,2023,31077,C (Fair),Hyderabad,413100.0,482100.0,2026-08-15,0,,,17
101855,Maruti Suzuki,WagonR,2022,33920,B (Good),Hyderabad,288300.0,282300.0,2026-07-18,1,2026-08-16,274700.0,29
101856,Hyundai,Creta,2024,22885,C (Fair),Mumbai,809900.0,764400.0,2026-05-15,1,2026-06-03,732600.0,19
101857,Honda,City,2023,39992,C (Fair),Mumbai,566700.0,643500.0,2026-06-02,1,2026-07-08,626500.0,36
101858,Tata,Tiago,2018,112359,B (Good),Delhi NCR,193800.0,184600.0,2026-06-07,1,2026-07-03,178600.0,26
101859,Toyota,Innova,2021,45519,B (Good),Bengaluru,921600.0,1068600.0,2026-07-24,1,2026-08-28,1037300.0,35
101860,Maruti Suzuki,WagonR,2020,73989,B (Good),Hyderabad,228800.0,206100.0,2026-07-05,1,2026-07-25,201300.0,20
101861,Toyota,Glanza,2020,74276,A (Excellent),Kolkata,356900.0,405900.0,2026-07-25,0,,,38
101862,Maruti Suzuki,Ertiga,2020,69985,B (Good),Kolkata,383000.0,374800.0,2026-05-31,1,2026-06-25,369700.0,25
101863,Mahindra,Scorpio,2017,106045,B (Good),Mumbai,462400.0,452100.0,2026-05-10,1,2026-05-27,441300.0,17
101864,Mahindra,Scorpio,2023,44373,B (Good),Ahmedabad,870500.0,810800.0,2026-08-11,0,,,21
101865,Tata,Harrier,2023,36766,B (Good),Hyderabad,1017800.0,989400.0,2026-07-02,1,2026-07-26,968300.0,24
101866,Maruti Suzuki,Dzire,2022,44686,A (Excellent),Ahmedabad,396800.0,363100.0,2026-08-07,1,2026-08-29,342900.0,22
101867,Hyundai,Venue,2024,24138,C (Fair),Hyderabad,527500.0,530500.0,2026-08-16,0,,,16
101868,Hyundai,Verna,2024,25923,A (Excellent),Kolkata,800300.0,757400.0,2026-08-09,0,,,23
101869,Maruti Suzuki,Baleno,2021,70629,B (Good),Bengaluru,336500.0,337700.0,2026-06-05,1,2026-07-04,322400.0,29
101870,Tata,Altroz,2021,56184,B (Good),Hyderabad,353100.0,333500.0,2026-06-05,1,2026-06-25,328300.0,20
101871,Maruti Suzuki,Baleno,2017,103123,B (Good),Pune,222700.0,238500.0,2026-06-04,1,2026-06-25,229100.0,21
101872,Kia,Carens,2023,31976,B (Good),Pune,740700.0,656200.0,2026-07-22,1,2026-08-18,647400.0,27
101873,Maruti Suzuki,Ertiga,2023,40760,B (Good),Hyderabad,524300.0,491700.0,2026-08-01,0,,,31
101874,Maruti Suzuki,Ertiga,2021,68499,C (Fair),Pune,379400.0,425900.0,2026-07-24,1,2026-08-25,404000.0,32
101875,Kia,Seltos,2023,33741,A (Excellent),Ahmedabad,874500.0,979600.0,2026-06-17,1,2026-08-03,967200.0,47
101876,Maruti Suzuki,WagonR,2023,49985,B (Good),Hyderabad,311500.0,338400.0,2026-06-14,1,2026-07-11,327700.0,27
101877,Maruti Suzuki,WagonR,2016,120318,B (Good),Mumbai,149100.0,156000.0,2026-06-29,1,2026-07-27,152100.0,28
101878,Maruti Suzuki,Dzire,2019,92867,B (Good),Kolkata,262900.0,236300.0,2026-05-06,1,2026-06-04,229000.0,29
101879,Maruti Suzuki,WagonR,2022,58888,B (Good),Mumbai,280800.0,310700.0,2026-07-04,1,2026-07-27,307100.0,23
101880,Kia,Seltos,2024,28528,B (Good),Chennai,894600.0,855700.0,2026-06-19,1,2026-07-21,842200.0,32
101881,Hyundai,Venue,2022,55964,B (Good),Hyderabad,469500.0,431800.0,2026-05-29,1,2026-06-28,409500.0,30
101882,Tata,Harrier,2023,28189,B (Good),Chennai,1026900.0,1230700.0,2026-06-12,1,2026-07-22,1213200.0,40
101883,Hyundai,Venue,2021,64495,B (Good),Hyderabad,423400.0,377700.0,2026-06-26,1,2026-07-16,367600.0,20
101884,Maruti Suzuki,Ertiga,2018,101442,B (Good),Bengaluru,306500.0,274500.0,2026-07-17,1,2026-08-08,271300.0,22
101885,Hyundai,Venue,2024,27404,C (Fair),Delhi NCR,525700.0,462500.0,2026-07-01,1,2026-07-14,454300.0,13
101886,Hyundai,Grand i10,2024,37274,A (Excellent),Chennai,399700.0,468400.0,2026-06-09,1,2026-07-08,463500.0,29
101887,Honda,WR-V,2021,42540,B (Good),Bengaluru,450700.0,421500.0,2026-08-18,0,,,14
101888,Honda,City,2018,113664,B (Good),Ahmedabad,362800.0,366800.0,2026-06-13,1,2026-07-15,362600.0,32
101889,Hyundai,Venue,2023,30753,B (Good),Hyderabad,529700.0,591600.0,2026-06-27,1,2026-08-04,572100.0,38
101890,Maruti Suzuki,Ertiga,2019,95416,B (Good),Hyderabad,339000.0,339100.0,2026-06-07,1,2026-07-02,325400.0,25
101891,Maruti Suzuki,Swift,2023,45080,C (Fair),Chennai,344500.0,362900.0,2026-07-25,1,2026-08-28,357500.0,34
101892,Maruti Suzuki,Baleno,2022,53375,A (Excellent),Chennai,406800.0,401400.0,2026-05-31,1,2026-07-06,396600.0,36
101893,Tata,Tiago,2023,28626,A (Excellent),Pune,367000.0,287800.0,2026-05-22,1,2026-05-29,271200.0,7
101894,Mahindra,XUV300,2023,34000,C (Fair),Mumbai,506800.0,475500.0,2026-06-11,1,2026-07-05,469200.0,24
101895,Toyota,Glanza,2018,88602,B (Good),Delhi NCR,269400.0,279600.0,2026-07-20,1,2026-08-17,268400.0,28
101896,Mahindra,Bolero,2018,89197,B (Good),Chennai,289900.0,279500.0,2026-06-23,1,2026-07-21,271600.0,28
101897,Toyota,Fortuner,2020,57588,B (Good),Ahmedabad,1500800.0,1437400.0,2026-07-05,1,2026-08-04,1370500.0,30
101898,Hyundai,Grand i10,2023,32698,A (Excellent),Kolkata,365400.0,353100.0,2026-07-24,1,2026-08-27,333500.0,34
101899,Maruti Suzuki,Baleno,2022,61399,A (Excellent),Pune,403300.0,435300.0,2026-06-09,1,2026-07-03,417600.0,24
101900,Tata,Nexon,2016,131709,B (Good),Mumbai,277900.0,234200.0,2026-07-14,1,2026-08-03,229200.0,20
101901,Honda,WR-V,2017,97598,C (Fair),Chennai,262200.0,274300.0,2026-06-18,1,2026-07-14,263900.0,26
101902,Tata,Nexon,2018,99453,A (Excellent),Chennai,375900.0,392500.0,2026-07-26,1,2026-08-31,383600.0,36
101903,Toyota,Fortuner,2020,73812,B (Good),Hyderabad,1475000.0,1647300.0,2026-05-24,1,2026-06-27,1618500.0,34
101904,Mahindra,XUV700,2020,74559,A (Excellent),Kolkata,905600.0,921400.0,2026-06-10,1,2026-07-09,881600.0,29
101905,Hyundai,Verna,2023,36189,A (Excellent),Pune,720600.0,790200.0,2026-06-02,1,2026-07-10,766400.0,38
101906,Kia,Carens,2024,29575,A (Excellent),Kolkata,881200.0,689400.0,2026-08-12,0,,,20
101907,Toyota,Fortuner,2020,57372,C (Fair),Hyderabad,1351000.0,1198200.0,2026-06-02,1,2026-06-28,1133500.0,26
101908,Toyota,Glanza,2022,43782,B (Good),Mumbai,412200.0,430200.0,2026-08-28,0,,,4
101909,Maruti Suzuki,Ertiga,2023,37322,B (Good),Ahmedabad,526100.0,507200.0,2026-08-01,0,,,31
101910,Toyota,Innova,2021,66928,B (Good),Mumbai,900900.0,936500.0,2026-05-26,1,2026-06-14,925600.0,19
101911,Tata,Nexon,2017,98823,A (Excellent),Pune,342300.0,351600.0,2026-08-30,0,,,2
101912,Hyundai,Verna,2024,22978,B (Good),Ahmedabad,743300.0,731000.0,2026-07-10,1,2026-08-12,713600.0,33
101913,Hyundai,Venue,2017,113958,B (Good),Pune,275000.0,276800.0,2026-07-23,1,2026-08-07,269400.0,15
101914,Kia,Seltos,2022,47150,B (Good),Mumbai,726700.0,782800.0,2026-08-16,0,,,16
101915,Toyota,Fortuner,2021,63740,B (Good),Pune,1638500.0,1899200.0,2026-08-29,0,,,3
101916,Hyundai,i20,2020,76680,A (Excellent),Delhi NCR,339500.0,312300.0,2026-05-30,1,2026-06-20,305300.0,21
101917,Tata,Harrier,2023,44971,A (Excellent),Kolkata,1089900.0,1053900.0,2026-07-23,1,2026-08-26,992200.0,34
101918,Maruti Suzuki,Dzire,2018,111829,B (Good),Delhi NCR,234300.0,204900.0,2026-07-07,1,2026-07-19,194000.0,12
101919,Maruti Suzuki,Ertiga,2024,24724,C (Fair),Kolkata,527200.0,504000.0,2026-08-22,0,,,10
101920,Maruti Suzuki,Baleno,2022,41735,A (Excellent),Bengaluru,411800.0,463400.0,2026-08-01,0,,,31
101921,Maruti Suzuki,Dzire,2021,60913,B (Good),Chennai,328700.0,319200.0,2026-08-19,0,,,13
101922,Kia,Seltos,2021,62401,B (Good),Delhi NCR,650700.0,690200.0,2026-08-24,0,,,8
101923,Tata,Tiago,2021,53929,A (Excellent),Delhi NCR,296000.0,328500.0,2026-08-01,1,2026-08-23,320700.0,22
101924,Maruti Suzuki,Baleno,2019,85328,B (Good),Bengaluru,274300.0,298800.0,2026-05-16,1,2026-06-15,281400.0,30
101925,Hyundai,Venue,2022,60281,A (Excellent),Hyderabad,504800.0,563900.0,2026-08-12,0,,,20
101926,Kia,Sonet,2024,19910,B (Good),Bengaluru,627900.0,630300.0,2026-08-09,0,,,23
101927,Maruti Suzuki,Dzire,2017,102833,B (Good),Chennai,215300.0,191000.0,2026-06-01,1,2026-06-22,184300.0,21
101928,Hyundai,i20,2017,122006,B (Good),Bengaluru,225300.0,200300.0,2026-08-01,1,2026-08-14,189200.0,13
101929,Hyundai,Creta,2017,112231,C (Fair),Bengaluru,380200.0,316800.0,2026-06-13,1,2026-06-30,308000.0,17
101930,Tata,Tiago,2021,59755,A (Excellent),Bengaluru,294100.0,334200.0,2026-05-31,1,2026-07-08,322700.0,38
101931,Hyundai,Creta,2022,46042,A (Excellent),Mumbai,785700.0,882500.0,2026-07-04,1,2026-08-12,845200.0,39
101932,Mahindra,XUV700,2017,112969,B (Good),Delhi NCR,605700.0,589400.0,2026-07-04,1,2026-08-03,554900.0,30
101933,Honda,City,2016,113661,B (Good),Kolkata,300400.0,274500.0,2026-06-02,1,2026-07-04,267900.0,32
101934,Mahindra,XUV700,2024,30482,A (Excellent),Ahmedabad,1383500.0,1385100.0,2026-07-03,1,2026-08-08,1369200.0,36
101935,Maruti Suzuki,Ertiga,2022,61126,B (Good),Bengaluru,467000.0,460400.0,2026-05-27,1,2026-06-23,441700.0,27
101936,Mahindra,Bolero,2023,44102,B (Good),Ahmedabad,487600.0,521300.0,2026-07-05,1,2026-08-13,503100.0,39
101937,Hyundai,Venue,2019,72298,A (Excellent),Chennai,375500.0,421200.0,2026-07-29,0,,,34
101938,Maruti Suzuki,WagonR,2021,49295,A (Excellent),Hyderabad,278800.0,250700.0,2026-08-15,0,,,17
101939,Hyundai,i20,2017,111083,A (Excellent),Pune,246300.0,272600.0,2026-08-24,0,,,8
101940,Maruti Suzuki,WagonR,2022,45297,B (Good),Bengaluru,284900.0,312400.0,2026-06-06,1,2026-07-02,304400.0,26
101941,Maruti Suzuki,Dzire,2023,48439,B (Good),Bengaluru,402200.0,353600.0,2026-05-06,1,2026-05-28,333500.0,22
101942,Honda,City,2021,61542,C (Fair),Bengaluru,458700.0,495700.0,2026-07-31,0,,,32
101943,Honda,Jazz,2022,61286,C (Fair),Chennai,347400.0,334800.0,2026-08-26,0,,,6
101944,Toyota,Innova,2024,15967,B (Good),Ahmedabad,1260800.0,1200400.0,2026-05-11,1,2026-06-10,1186700.0,30
101945,Kia,Sonet,2018,96402,A (Excellent),Mumbai,355000.0,357500.0,2026-06-05,1,2026-06-28,340600.0,23
101946,Maruti Suzuki,WagonR,2022,43088,A (Excellent),Mumbai,308400.0,306400.0,2026-06-14,1,2026-06-29,293600.0,15
101947,Honda,WR-V,2020,72963,B (Good),Delhi NCR,397100.0,309200.0,2026-05-10,1,2026-05-20,297400.0,10
101948,Toyota,Fortuner,2021,54172,C (Fair),Bengaluru,1489700.0,1581100.0,2026-06-09,1,2026-07-05,1553200.0,26
101949,Maruti Suzuki,Swift,2016,126635,B (Good),Bengaluru,180900.0,170600.0,2026-07-28,1,2026-08-11,163000.0,14
101950,Honda,Jazz,2017,112783,A (Excellent),Kolkata,245800.0,250700.0,2026-07-21,1,2026-08-26,247800.0,36
101951,Hyundai,Grand i10,2018,102400,C (Fair),Ahmedabad,176300.0,188400.0,2026-07-17,1,2026-08-10,180500.0,24
101952,Tata,Harrier,2023,31077,A (Excellent),Kolkata,1105700.0,1105700.0,2026-07-10,1,2026-08-18,1093800.0,39
101953,Hyundai,Venue,2022,49248,B (Good),Pune,472900.0,474000.0,2026-06-30,1,2026-08-02,459800.0,33
101954,Hyundai,Verna,2024,28809,A (Excellent),Delhi NCR,798000.0,931700.0,2026-06-27,1,2026-08-03,904000.0,37
101955,Toyota,Fortuner,2022,47907,B (Good),Ahmedabad,1831000.0,1677200.0,2026-08-16,0,,,16
101956,Maruti Suzuki,Swift,2021,51759,C (Fair),Mumbai,283300.0,287000.0,2026-06-16,1,2026-07-17,283400.0,31
101957,Maruti Suzuki,WagonR,2024,19552,A (Excellent),Hyderabad,381600.0,413600.0,2026-07-08,1,2026-08-16,403000.0,39
101958,Tata,Altroz,2024,12761,B (Good),Kolkata,490200.0,415900.0,2026-06-24,1,2026-07-21,394900.0,27
101959,Honda,City,2022,52498,B (Good),Ahmedabad,565500.0,612100.0,2026-05-07,1,2026-06-08,580800.0,32
101960,Hyundai,Creta,2018,108061,C (Fair),Ahmedabad,419800.0,404400.0,2026-06-07,1,2026-07-07,382600.0,30
101961,Honda,Jazz,2019,78765,B (Good),Hyderabad,285400.0,253400.0,2026-05-17,1,2026-05-30,244000.0,13
101962,Hyundai,i20,2024,17281,B (Good),Hyderabad,487900.0,465500.0,2026-06-03,1,2026-06-28,454200.0,25
101963,Mahindra,XUV700,2022,52232,B (Good),Ahmedabad,1037000.0,1008800.0,2026-05-24,1,2026-06-29,985400.0,36
101964,Mahindra,XUV300,2016,137626,C (Fair),Bengaluru,233800.0,247100.0,2026-06-06,1,2026-07-03,236300.0,27
101965,Honda,WR-V,2020,88905,B (Good),Bengaluru,390300.0,371400.0,2026-05-18,1,2026-06-18,355000.0,31
101966,Maruti Suzuki,Dzire,2018,93750,C (Fair),Hyderabad,215100.0,210100.0,2026-08-20,0,,,12
101967,Maruti Suzuki,Dzire,2021,55537,C (Fair),Ahmedabad,297500.0,313800.0,2026-07-13,1,2026-08-15,301600.0,33
101968,Tata,Nexon,2016,107324,C (Fair),Ahmedabad,257200.0,216700.0,2026-07-22,1,2026-08-14,208300.0,23
101969,Mahindra,Bolero,2024,13824,B (Good),Pune,552800.0,551600.0,2026-08-11,0,,,21
101970,Tata,Altroz,2018,117606,B (Good),Delhi NCR,248800.0,247100.0,2026-07-13,1,2026-07-31,235700.0,18
101971,Honda,Amaze,2022,60959,B (Good),Bengaluru,373600.0,372400.0,2026-06-06,1,2026-06-27,368300.0,21
101972,Toyota,Glanza,2024,28342,B (Good),Ahmedabad,505800.0,504500.0,2026-07-29,0,,,34
101973,Mahindra,XUV300,2017,102421,A (Excellent),Kolkata,320900.0,347700.0,2026-06-05,1,2026-07-09,331000.0,34
101974,Tata,Harrier,2020,70412,B (Good),Mumbai,740200.0,669100.0,2026-05-30,1,2026-06-26,635400.0,27
101975,Honda,Amaze,2021,64392,A (Excellent),Bengaluru,365900.0,405300.0,2026-05-23,1,2026-06-18,395900.0,26
101976,Mahindra,Scorpio,2018,94701,B (Good),Delhi NCR,514600.0,498800.0,2026-07-17,1,2026-08-02,492700.0,16
101977,Maruti Suzuki,Ertiga,2023,46208,A (Excellent),Mumbai,563000.0,521000.0,2026-06-07,1,2026-07-06,508200.0,29
101978,Tata,Punch,2019,78973,B (Good),Chennai,276200.0,287400.0,2026-05-18,1,2026-06-27,276500.0,40
101979,Tata,Punch,2020,73071,C (Fair),Ahmedabad,274900.0,265400.0,2026-06-20,1,2026-07-22,262700.0,32
101980,Tata,Tiago,2023,25958,B (Good),Bengaluru,340700.0,295800.0,2026-07-08,1,2026-07-17,285100.0,9
101981,Maruti Suzuki,Dzire,2021,65793,C (Fair),Hyderabad,294300.0,277600.0,2026-07-02,1,2026-07-27,266100.0,25
101982,Tata,Punch,2024,23917,B (Good),Mumbai,469000.0,493400.0,2026-08-31,0,,,1
101983,Tata,Punch,2021,56422,B (Good),Delhi NCR,341600.0,333900.0,2026-07-10,1,2026-07-29,321400.0,19
101984,Toyota,Glanza,2024,20050,B (Good),Hyderabad,510100.0,483400.0,2026-08-05,1,2026-08-22,460100.0,17
101985,Hyundai,Grand i10,2021,62265,A (Excellent),Mumbai,293400.0,323200.0,2026-06-12,1,2026-07-11,304400.0,29
101986,Hyundai,Grand i10,2022,48748,B (Good),Bengaluru,302800.0,297800.0,2026-05-22,1,2026-06-18,284200.0,27
101987,Mahindra,XUV300,2019,96090,B (Good),Pune,361400.0,348600.0,2026-07-25,1,2026-08-15,329000.0,21
101988,Maruti Suzuki,Swift,2020,68972,A (Excellent),Bengaluru,303700.0,327300.0,2026-06-22,1,2026-07-16,309900.0,24
101989,Honda,WR-V,2024,21020,C (Fair),Kolkata,550300.0,557300.0,2026-08-07,0,,,25
101990,Hyundai,Creta,2021,52021,B (Good),Bengaluru,657900.0,685500.0,2026-05-20,1,2026-06-17,660600.0,28
101991,Hyundai,Creta,2023,34394,B (Good),Ahmedabad,809200.0,693200.0,2026-08-06,1,2026-08-25,651800.0,19
101992,Honda,City,2016,125346,C (Fair),Chennai,266800.0,239700.0,2026-08-08,0,,,24
101993,Maruti Suzuki,WagonR,2022,39795,A (Excellent),Delhi NCR,309500.0,294800.0,2026-08-23,0,,,9
101994,Maruti Suzuki,Ertiga,2019,85014,A (Excellent),Mumbai,370400.0,395500.0,2026-08-25,0,,,7
101995,Maruti Suzuki,Baleno,2024,17030,B (Good),Bengaluru,472300.0,489200.0,2026-05-22,1,2026-06-12,475700.0,21
101996,Maruti Suzuki,WagonR,2022,48745,B (Good),Ahmedabad,283900.0,279700.0,2026-05-25,1,2026-07-01,269600.0,37
101997,Hyundai,Grand i10,2021,62056,B (Good),Chennai,271700.0,259300.0,2026-05-07,1,2026-06-19,254700.0,43
101998,Tata,Tiago,2022,40736,A (Excellent),Delhi NCR,329800.0,306700.0,2026-07-04,1,2026-07-29,299800.0,25
101999,Tata,Altroz,2019,76557,B (Good),Chennai,286100.0,325700.0,2026-06-03,1,2026-07-16,308700.0,43
102000,Maruti Suzuki,Dzire,2020,72845,B (Good),Bengaluru,295300.0,295200.0,2026-05-31,1,2026-06-22,291300.0,22
102001,Honda,WR-V,2024,12460,B (Good),Pune,616800.0,615800.0,2026-08-12,0,,,20
102002,Maruti Suzuki,Dzire,2017,107642,B (Good),Delhi NCR,214200.0,211000.0,2026-07-13,1,2026-08-10,200700.0,28
102003,Maruti Suzuki,Swift,2021,59697,A (Excellent),Mumbai,337100.0,412600.0,2026-07-09,1,2026-08-19,391800.0,41
102004,Kia,Seltos,2022,40967,C (Fair),Mumbai,658200.0,647200.0,2026-07-19,1,2026-08-02,617300.0,14
102005,Kia,Carens,2019,75897,A (Excellent),Pune,523700.0,575000.0,2026-05-16,1,2026-06-09,552200.0,24
102006,Mahindra,Scorpio,2018,94686,B (Good),Ahmedabad,514600.0,427100.0,2026-08-01,1,2026-08-12,402400.0,11
102007,Honda,WR-V,2021,70631,C (Fair),Chennai,393700.0,438800.0,2026-07-04,1,2026-08-08,431900.0,35
102008,Tata,Nexon,2018,98220,C (Fair),Bengaluru,313700.0,306400.0,2026-07-28,1,2026-08-13,293100.0,16
102009,Maruti Suzuki,Baleno,2016,123025,C (Fair),Hyderabad,178300.0,182600.0,2026-06-11,1,2026-07-08,176100.0,27
102010,Mahindra,Scorpio,2021,69327,B (Good),Pune,702000.0,682300.0,2026-08-27,0,,,5
102011,Honda,Jazz,2022,47832,B (Good),Mumbai,391500.0,429200.0,2026-06-28,1,2026-07-22,411800.0,24
102012,Maruti Suzuki,WagonR,2022,50089,B (Good),Hyderabad,283500.0,345700.0,2026-07-29,0,,,34
102013,Tata,Altroz,2024,12479,B (Good),Bengaluru,490300.0,521900.0,2026-07-03,1,2026-08-05,502800.0,33
102014,Tata,Harrier,2020,68301,B (Good),Delhi NCR,741900.0,563000.0,2026-07-18,1,2026-07-21,544300.0,3
102015,Tata,Tiago,2018,81655,A (Excellent),Kolkata,216500.0,218000.0,2026-05-09,1,2026-06-15,206700.0,37
102016,Maruti Suzuki,Ertiga,2024,12988,B (Good),Mumbai,592800.0,571800.0,2026-07-22,1,2026-08-11,556800.0,20
102017,Hyundai,Creta,2020,57606,B (Good),Chennai,595100.0,504500.0,2026-08-25,0,,,7
102018,Mahindra,Bolero,2024,25436,B (Good),Ahmedabad,546300.0,637200.0,2026-06-20,1,2026-08-07,613400.0,48
102019,Tata,Altroz,2022,50264,B (Good),Delhi NCR,390500.0,417000.0,2026-07-09,1,2026-08-07,408200.0,29
102020,Maruti Suzuki,WagonR,2021,61195,C (Fair),Mumbai,229400.0,216800.0,2026-08-09,0,,,23
102021,Maruti Suzuki,WagonR,2017,96199,B (Good),Mumbai,168300.0,173300.0,2026-07-20,1,2026-08-08,170200.0,19
102022,Tata,Harrier,2021,57547,B (Good),Mumbai,824700.0,868200.0,2026-06-17,1,2026-07-12,816200.0,25
102023,Tata,Nexon,2021,49523,B (Good),Hyderabad,487500.0,509700.0,2026-08-09,0,,,23
102024,Tata,Altroz,2019,87723,B (Good),Mumbai,282700.0,283800.0,2026-07-15,1,2026-08-10,275600.0,26
102025,Mahindra,Bolero,2022,46945,B (Good),Hyderabad,442400.0,414600.0,2026-06-22,1,2026-07-12,398700.0,20
102026,Kia,Seltos,2020,60765,A (Excellent),Ahmedabad,640600.0,606900.0,2026-07-23,1,2026-08-18,588100.0,26
102027,Honda,WR-V,2023,33209,B (Good),Bengaluru,549500.0,591700.0,2026-05-15,1,2026-06-10,578900.0,26
102028,Honda,City,2021,69553,B (Good),Ahmedabad,505300.0,574800.0,2026-08-10,0,,,22
102029,Maruti Suzuki,Baleno,2023,44349,B (Good),Pune,417800.0,447100.0,2026-08-11,0,,,21
102030,Honda,Jazz,2023,27051,C (Fair),Mumbai,395600.0,363100.0,2026-08-18,0,,,14
102031,Toyota,Innova,2021,62349,A (Excellent),Mumbai,977800.0,952500.0,2026-08-16,0,,,16
102032,Maruti Suzuki,Baleno,2020,63476,A (Excellent),Chennai,333300.0,316400.0,2026-06-08,1,2026-06-29,303200.0,21
102033,Maruti Suzuki,Swift,2017,108584,B (Good),Kolkata,202900.0,180500.0,2026-06-24,1,2026-07-12,176300.0,18
102034,Maruti Suzuki,WagonR,2024,33675,C (Fair),Pune,313400.0,303000.0,2026-06-05,1,2026-06-27,296900.0,22
102035,Hyundai,Creta,2023,42273,B (Good),Bengaluru,802600.0,681800.0,2026-05-06,1,2026-05-24,652300.0,18
102036,Maruti Suzuki,WagonR,2020,63634,B (Good),Bengaluru,231400.0,247000.0,2026-06-21,1,2026-07-21,239700.0,30
102037,Maruti Suzuki,Swift,2022,48242,B (Good),Pune,347100.0,349200.0,2026-06-30,1,2026-07-13,331600.0,13
102038,Honda,Amaze,2019,84408,A (Excellent),Kolkata,296500.0,308800.0,2026-07-24,0,,,39
102039,Mahindra,Bolero,2022,55503,A (Excellent),Delhi NCR,473500.0,460300.0,2026-07-10,1,2026-07-31,453200.0,21
102040,Tata,Tiago,2023,45681,C (Fair),Chennai,300400.0,324600.0,2026-08-21,0,,,11
102041,Tata,Harrier,2016,123473,A (Excellent),Mumbai,516900.0,492500.0,2026-08-11,1,2026-08-23,480900.0,12
102042,Maruti Suzuki,Ertiga,2019,84297,B (Good),Chennai,343200.0,313200.0,2026-08-04,1,2026-08-31,300900.0,27
102043,Maruti Suzuki,Dzire,2020,66846,B (Good),Delhi NCR,297200.0,289000.0,2026-08-09,0,,,23
102044,Maruti Suzuki,Swift,2020,62763,B (Good),Mumbai,283100.0,252500.0,2026-08-28,0,,,4
102045,Maruti Suzuki,Dzire,2017,99914,B (Good),Kolkata,216000.0,227400.0,2026-08-17,0,,,15
102046,Toyota,Fortuner,2019,89136,B (Good),Chennai,1320000.0,1229800.0,2026-07-27,1,2026-08-29,1172000.0,33
102047,Mahindra,Bolero,2024,24175,A (Excellent),Hyderabad,590800.0,621000.0,2026-05-17,1,2026-06-23,611800.0,37
102048,Kia,Carens,2021,72533,B (Good),Bengaluru,587700.0,612400.0,2026-06-08,1,2026-07-02,593100.0,24
102049,Maruti Suzuki,Dzire,2021,63197,A (Excellent),Kolkata,354100.0,348100.0,2026-06-10,1,2026-07-11,327800.0,31
102050,Maruti Suzuki,WagonR,2023,49437,B (Good),Pune,311700.0,290800.0,2026-07-06,1,2026-07-27,276300.0,21
102051,Maruti Suzuki,Ertiga,2021,68714,B (Good),Hyderabad,421500.0,428200.0,2026-08-26,0,,,6
102052,Honda,Amaze,2022,39121,B (Good),Bengaluru,382300.0,347800.0,2026-06-24,1,2026-07-14,341300.0,20
102053,Kia,Carens,2023,39362,B (Good),Kolkata,735000.0,689600.0,2026-05-31,1,2026-06-29,680900.0,29
102054,Tata,Nexon,2024,24504,B (Good),Pune,664000.0,695300.0,2026-06-19,1,2026-07-28,686300.0,39
102055,Kia,Carens,2016,140571,C (Fair),Bengaluru,305800.0,331000.0,2026-07-01,1,2026-07-28,327300.0,27
102056,Kia,Carens,2020,68060,B (Good),Hyderabad,537400.0,559600.0,2026-08-18,0,,,14
102057,Mahindra,XUV300,2017,112688,A (Excellent),Pune,317300.0,358400.0,2026-06-08,1,2026-07-10,353200.0,32
102058,Mahindra,Bolero,2022,43330,A (Excellent),Bengaluru,479600.0,533100.0,2026-08-07,1,2026-08-31,517300.0,24
102059,Toyota,Innova,2016,101394,A (Excellent),Bengaluru,584700.0,670200.0,2026-08-27,0,,,5
102060,Maruti Suzuki,Dzire,2021,44068,C (Fair),Pune,301100.0,260500.0,2026-08-08,1,2026-08-19,247800.0,11
102061,Honda,City,2023,35861,B (Good),Hyderabad,632300.0,711000.0,2026-07-18,1,2026-08-29,697000.0,42
102062,Tata,Punch,2019,102281,C (Fair),Ahmedabad,242300.0,289600.0,2026-05-30,1,2026-07-13,282000.0,44
102063,Tata,Altroz,2019,89506,A (Excellent),Ahmedabad,304700.0,253700.0,2026-05-31,1,2026-06-11,242100.0,11
102064,Maruti Suzuki,Baleno,2022,46254,B (Good),Delhi NCR,379500.0,408900.0,2026-05-06,1,2026-06-03,399500.0,28
102065,Hyundai,Creta,2023,29875,A (Excellent),Bengaluru,878000.0,911500.0,2026-06-18,1,2026-07-15,899100.0,27
102066,Hyundai,Creta,2018,88542,A (Excellent),Ahmedabad,514800.0,594100.0,2026-05-27,1,2026-06-30,570000.0,34
102067,Mahindra,XUV700,2019,85216,B (Good),Delhi NCR,754300.0,894100.0,2026-08-23,0,,,9
102068,Kia,Seltos,2020,84628,B (Good),Mumbai,578100.0,620900.0,2026-07-20,1,2026-08-21,598100.0,32
102069,Hyundai,Grand i10,2023,28614,B (Good),Pune,339800.0,311000.0,2026-07-23,1,2026-08-10,305500.0,18
102070,Maruti Suzuki,Ertiga,2024,14050,A (Excellent),Kolkata,639500.0,676200.0,2026-08-20,0,,,12
102071,Mahindra,XUV700,2023,39428,C (Fair),Kolkata,1039500.0,921500.0,2026-06-13,1,2026-07-05,908300.0,22
102072,Hyundai,Grand i10,2019,84148,C (Fair),Hyderabad,197700.0,190000.0,2026-06-07,1,2026-07-03,182100.0,26
102073,Maruti Suzuki,Swift,2023,32315,B (Good),Pune,387800.0,303400.0,2026-08-15,1,2026-08-30,290600.0,15
102074,Mahindra,XUV300,2022,48142,B (Good),Chennai,505000.0,617500.0,2026-07-01,1,2026-08-08,591400.0,38
102075,Hyundai,i20,2022,46837,A (Excellent),Ahmedabad,423200.0,456200.0,2026-07-06,1,2026-08-20,428900.0,45
102076,Hyundai,Venue,2016,123796,C (Fair),Bengaluru,222700.0,223800.0,2026-06-21,1,2026-07-12,212300.0,21
102077,Maruti Suzuki,Dzire,2021,61497,A (Excellent),Hyderabad,354800.0,360300.0,2026-08-04,1,2026-08-28,343400.0,24
102078,Mahindra,Bolero,2023,23619,C (Fair),Mumbai,448300.0,428900.0,2026-07-23,1,2026-08-15,405800.0,23
102079,Hyundai,Venue,2021,61919,B (Good),Pune,424600.0,402300.0,2026-06-25,1,2026-07-09,392000.0,14
102080,Maruti Suzuki,Baleno,2023,21853,A (Excellent),Hyderabad,461900.0,486200.0,2026-05-23,1,2026-06-26,464600.0,34
102081,Tata,Altroz,2016,111491,A (Excellent),Hyderabad,224000.0,232400.0,2026-05-25,1,2026-06-22,219400.0,28
102082,Maruti Suzuki,Dzire,2022,41467,C (Fair),Kolkata,331800.0,370100.0,2026-06-26,1,2026-08-05,350000.0,40
102083,Hyundai,Creta,2021,64732,A (Excellent),Hyderabad,701000.0,752700.0,2026-07-20,1,2026-08-15,737300.0,26
102084,Maruti Suzuki,Ertiga,2021,62030,A (Excellent),Hyderabad,458500.0,457300.0,2026-07-01,1,2026-07-29,430800.0,28
102085,Maruti Suzuki,WagonR,2024,30279,A (Excellent),Pune,377400.0,418300.0,2026-06-20,1,2026-07-25,406000.0,35
102086,Hyundai,Grand i10,2020,72904,B (Good),Kolkata,244400.0,297100.0,2026-08-06,0,,,26
102087,Honda,WR-V,2019,74305,C (Fair),Bengaluru,324700.0,327000.0,2026-06-12,1,2026-07-07,317600.0,25
102088,Honda,City,2021,65998,B (Good),Kolkata,507300.0,491200.0,2026-08-24,0,,,8
102089,Kia,Carens,2019,76823,C (Fair),Chennai,436000.0,459500.0,2026-06-13,1,2026-07-15,445300.0,32
102090,Mahindra,Bolero,2019,91677,A (Excellent),Hyderabad,343200.0,329800.0,2026-08-04,1,2026-08-27,311600.0,23
102091,Maruti Suzuki,WagonR,2024,16818,C (Fair),Chennai,318900.0,363800.0,2026-05-09,1,2026-06-22,349300.0,44
102092,Maruti Suzuki,Swift,2024,25922,A (Excellent),Bengaluru,463300.0,467700.0,2026-06-08,1,2026-06-15,454700.0,7
102093,Maruti Suzuki,WagonR,2019,79881,A (Excellent),Chennai,223500.0,184900.0,2026-05-20,1,2026-06-06,180700.0,17
102094,Mahindra,Bolero,2024,23972,A (Excellent),Mumbai,590900.0,617800.0,2026-05-24,1,2026-06-22,585300.0,29
102095,Honda,Jazz,2024,25321,C (Fair),Bengaluru,435500.0,420300.0,2026-07-20,1,2026-08-06,410000.0,17
102096,Maruti Suzuki,Ertiga,2022,46334,A (Excellent),Kolkata,512300.0,487500.0,2026-06-30,1,2026-07-29,467200.0,29
102097,Maruti Suzuki,Baleno,2023,40902,A (Excellent),Kolkata,452900.0,420100.0,2026-08-26,0,,,6
102098,Tata,Harrier,2019,88740,B (Good),Bengaluru,660300.0,611000.0,2026-05-29,1,2026-06-17,593000.0,19
102099,Tata,Altroz,2020,67184,B (Good),Kolkata,317600.0,350200.0,2026-08-12,0,,,20
102100,Maruti Suzuki,WagonR,2021,58041,B (Good),Chennai,255800.0,258100.0,2026-05-25,1,2026-07-06,245500.0,42
102101,Hyundai,Venue,2024,23829,B (Good),Delhi NCR,586300.0,584700.0,2026-06-04,1,2026-06-23,555200.0,19
102102,Toyota,Fortuner,2022,46891,C (Fair),Hyderabad,1649600.0,1268500.0,2026-06-17,1,2026-06-30,1250900.0,13
102103,Honda,Jazz,2023,36436,A (Excellent),Mumbai,470200.0,423500.0,2026-05-29,1,2026-06-16,405700.0,18
102104,Kia,Carens,2022,40420,A (Excellent),Pune,721600.0,705100.0,2026-05-26,1,2026-06-26,666100.0,31
102105,Hyundai,Grand i10,2022,36354,B (Good),Pune,306700.0,301100.0,2026-05-15,1,2026-06-08,288300.0,24
102106,Toyota,Innova,2022,50581,A (Excellent),Delhi NCR,1087900.0,1196200.0,2026-06-26,1,2026-07-20,1176800.0,24
102107,Mahindra,Scorpio,2020,63433,A (Excellent),Delhi NCR,694300.0,785400.0,2026-08-22,0,,,10
102108,Maruti Suzuki,Dzire,2021,70191,B (Good),Bengaluru,325400.0,315500.0,2026-08-15,0,,,17
102109,Tata,Nexon,2023,40815,C (Fair),Delhi NCR,534700.0,463500.0,2026-07-26,1,2026-08-13,458100.0,18
102110,Mahindra,Bolero,2022,64262,A (Excellent),Kolkata,469100.0,480400.0,2026-07-28,0,,,35
102111,Mahindra,XUV700,2017,94780,A (Excellent),Mumbai,667500.0,638300.0,2026-07-30,1,2026-08-22,612800.0,23
102112,Tata,Punch,2024,31356,C (Fair),Chennai,418900.0,486700.0,2026-07-23,0,,,40
102113,Kia,Sonet,2024,34091,B (Good),Hyderabad,618800.0,537900.0,2026-06-14,1,2026-06-29,532000.0,15
102114,Honda,WR-V,2020,63838,B (Good),Ahmedabad,401000.0,411100.0,2026-05-16,1,2026-06-28,397800.0,43
102115,Hyundai,Verna,2024,4063,B (Good),Chennai,757700.0,742600.0,2026-05-28,1,2026-06-21,715400.0,24
102116,Mahindra,XUV700,2020,63274,B (Good),Pune,848800.0,1013000.0,2026-05-10,1,2026-06-21,977800.0,42
102117,Tata,Tiago,2023,38816,B (Good),Hyderabad,336200.0,348800.0,2026-06-21,1,2026-07-19,341200.0,28
102118,Kia,Seltos,2024,38919,A (Excellent),Delhi NCR,955900.0,1004900.0,2026-06-26,1,2026-07-28,959300.0,32
102119,Toyota,Fortuner,2018,95432,B (Good),Delhi NCR,1192900.0,1271400.0,2026-07-21,1,2026-08-15,1223600.0,25
102120,Hyundai,Creta,2019,76494,A (Excellent),Kolkata,573200.0,591600.0,2026-05-06,1,2026-06-11,561500.0,36
102121,Tata,Tiago,2021,55468,B (Good),Delhi NCR,273600.0,287400.0,2026-07-14,1,2026-08-08,273100.0,25
102122,Tata,Harrier,2018,108152,A (Excellent),Chennai,635100.0,635800.0,2026-08-11,0,,,21
102123,Tata,Altroz,2023,39632,B (Good),Bengaluru,433900.0,454200.0,2026-07-18,1,2026-08-24,430000.0,37
102124,Honda,Amaze,2021,57392,C (Fair),Chennai,307200.0,367300.0,2026-05-20,1,2026-06-24,358900.0,35
102125,Maruti Suzuki,Ertiga,2022,40965,A (Excellent),Hyderabad,515100.0,625600.0,2026-07-26,0,,,37
102126,Kia,Seltos,2019,84801,B (Good),Bengaluru,525900.0,505700.0,2026-07-23,1,2026-08-10,484000.0,18
102127,Toyota,Innova,2022,37342,A (Excellent),Pune,1103100.0,1047000.0,2026-06-29,1,2026-07-28,996000.0,29
102128,Hyundai,i20,2021,51377,C (Fair),Hyderabad,319400.0,340400.0,2026-05-19,1,2026-06-02,331700.0,14
102129,Hyundai,Grand i10,2021,70683,C (Fair),Chennai,242300.0,240900.0,2026-05-18,1,2026-06-12,229400.0,25
102130,Toyota,Innova,2022,42102,B (Good),Bengaluru,1016400.0,1026300.0,2026-07-19,1,2026-08-13,980100.0,25
102131,Honda,WR-V,2020,74959,B (Good),Chennai,396200.0,409800.0,2026-08-30,0,,,2
102132,Mahindra,Bolero,2020,75944,A (Excellent),Hyderabad,383600.0,416600.0,2026-05-26,1,2026-06-28,410100.0,33
102133,Tata,Harrier,2021,58385,B (Good),Kolkata,823900.0,846800.0,2026-06-19,1,2026-07-27,812200.0,38
102134,Honda,Jazz,2023,35977,B (Good),Kolkata,435600.0,421100.0,2026-05-10,1,2026-06-07,403900.0,28
102135,Maruti Suzuki,WagonR,2022,32817,A (Excellent),Hyderabad,311700.0,305400.0,2026-08-27,0,,,5
102136,Maruti Suzuki,Ertiga,2024,24705,C (Fair),Kolkata,527200.0,627100.0,2026-08-13,0,,,19
102137,Maruti Suzuki,Ertiga,2024,17670,B (Good),Ahmedabad,590000.0,618500.0,2026-06-05,1,2026-07-17,589800.0,42
102138,Kia,Sonet,2024,34081,C (Fair),Hyderabad,556900.0,555100.0,2026-07-01,1,2026-07-31,548800.0,30
102139,Honda,City,2020,81726,A (Excellent),Ahmedabad,490100.0,486700.0,2026-05-11,1,2026-06-12,469800.0,32
102140,Kia,Sonet,2024,35934,A (Excellent),Ahmedabad,667000.0,652600.0,2026-07-28,1,2026-08-30,625500.0,33
102141,Maruti Suzuki,Dzire,2022,46290,B (Good),Pune,366800.0,379900.0,2026-05-15,1,2026-06-12,358600.0,28
102142,Mahindra,XUV700,2022,52456,B (Good),Chennai,1036800.0,904800.0,2026-05-25,1,2026-06-09,864700.0,15
102143,Tata,Tiago,2020,70795,B (Good),Kolkata,244900.0,249900.0,2026-05-11,1,2026-06-08,235800.0,28
102144,Maruti Suzuki,Ertiga,2024,30743,B (Good),Kolkata,582100.0,541200.0,2026-06-18,1,2026-07-13,527300.0,25
102145,Maruti Suzuki,Swift,2023,28456,C (Fair),Chennai,350500.0,302400.0,2026-05-23,1,2026-06-14,296600.0,22
102146,Hyundai,Verna,2023,32917,B (Good),Hyderabad,669500.0,632400.0,2026-07-02,1,2026-07-21,600900.0,19
102147,Toyota,Glanza,2022,43120,C (Fair),Mumbai,371200.0,383400.0,2026-07-17,1,2026-08-17,374900.0,31
102148,Kia,Sonet,2017,119684,C (Fair),Kolkata,262300.0,297100.0,2026-05-23,1,2026-07-07,284100.0,45
102149,Hyundai,Creta,2024,28404,B (Good),Bengaluru,894800.0,1013800.0,2026-06-17,1,2026-07-28,970800.0,41
102150,Hyundai,i20,2022,51197,B (Good),Pune,390100.0,359200.0,2026-08-24,0,,,8
102151,Hyundai,Venue,2023,26169,C (Fair),Kolkata,479000.0,469500.0,2026-08-23,0,,,9
102152,Kia,Carens,2024,18212,B (Good),Kolkata,825500.0,834900.0,2026-05-15,1,2026-06-19,785300.0,35
102153,Toyota,Glanza,2019,72678,B (Good),Bengaluru,301200.0,291000.0,2026-07-13,1,2026-08-04,282000.0,22
102154,Maruti Suzuki,Ertiga,2021,76275,A (Excellent),Pune,451500.0,511000.0,2026-08-31,0,,,1
102155,Maruti Suzuki,WagonR,2019,85655,B (Good),Chennai,205600.0,182400.0,2026-08-04,0,,,28
102156,Tata,Altroz,2021,54402,A (Excellent),Hyderabad,382100.0,329400.0,2026-06-15,1,2026-07-04,321200.0,19
102157,Maruti Suzuki,Dzire,2020,69731,C (Fair),Mumbai,266700.0,312100.0,2026-06-11,1,2026-07-25,299500.0,44
102158,Toyota,Glanza,2021,69104,A (Excellent),Hyderabad,394400.0,342600.0,2026-06-29,1,2026-07-12,331700.0,13
102159,Honda,WR-V,2019,89648,B (Good),Hyderabad,354800.0,360000.0,2026-08-15,0,,,17
102160,Honda,City,2018,79678,C (Fair),Delhi NCR,339000.0,336000.0,2026-08-17,0,,,15
102161,Maruti Suzuki,WagonR,2023,41079,A (Excellent),Kolkata,339600.0,370800.0,2026-06-09,1,2026-07-21,361600.0,42
102162,Tata,Nexon,2019,77091,B (Good),Mumbai,392000.0,374600.0,2026-05-08,1,2026-05-27,366100.0,19
102163,Honda,Jazz,2019,91238,C (Fair),Hyderabad,253400.0,238400.0,2026-06-13,1,2026-07-07,227000.0,24
102164,Maruti Suzuki,Ertiga,2022,47822,B (Good),Ahmedabad,473600.0,472900.0,2026-08-20,0,,,12
102165,Tata,Harrier,2023,38787,B (Good),Chennai,1015700.0,905000.0,2026-05-09,1,2026-05-29,871300.0,20
102166,Tata,Tiago,2023,26898,C (Fair),Delhi NCR,306300.0,328800.0,2026-06-14,1,2026-07-10,314200.0,26
102167,Hyundai,Grand i10,2023,34183,A (Excellent),Kolkata,364900.0,312200.0,2026-08-11,0,,,21
102168,Mahindra,Scorpio,2020,77247,C (Fair),Bengaluru,570100.0,570000.0,2026-05-18,1,2026-06-02,545400.0,15
102169,Tata,Nexon,2021,58827,A (Excellent),Ahmedabad,521400.0,557700.0,2026-08-14,0,,,18
102170,Kia,Carens,2024,21861,B (Good),Hyderabad,822500.0,893000.0,2026-08-17,0,,,15
102171,Honda,Amaze,2018,108135,B (Good),Pune,243300.0,233500.0,2026-07-06,1,2026-07-31,230000.0,25
102172,Maruti Suzuki,Dzire,2019,91652,B (Good),Pune,263300.0,239300.0,2026-05-31,1,2026-06-27,229300.0,27
102173,Mahindra,Bolero,2019,89459,C (Fair),Delhi NCR,286700.0,274300.0,2026-06-23,1,2026-07-09,265000.0,16
102174,Hyundai,Venue,2021,44263,B (Good),Chennai,432600.0,375300.0,2026-08-26,0,,,6
102175,Maruti Suzuki,WagonR,2018,91664,A (Excellent),Chennai,200700.0,194700.0,2026-05-30,1,2026-06-28,191900.0,29
102176,Tata,Punch,2022,41618,A (Excellent),Delhi NCR,411800.0,439900.0,2026-07-22,1,2026-08-22,434900.0,31
102177,Tata,Tiago,2022,47995,C (Fair),Pune,272700.0,273400.0,2026-05-16,1,2026-06-20,262500.0,35
102178,Maruti Suzuki,Baleno,2022,65127,B (Good),Delhi NCR,372000.0,372500.0,2026-08-05,1,2026-08-23,364900.0,18
102179,Hyundai,Grand i10,2022,39189,B (Good),Hyderabad,305800.0,294800.0,2026-08-27,0,,,5
102180,Tata,Punch,2019,87430,A (Excellent),Hyderabad,295500.0,300200.0,2026-08-11,0,,,21
102181,Hyundai,Creta,2022,49695,B (Good),Bengaluru,724700.0,592700.0,2026-05-18,1,2026-06-02,577000.0,15
102182,Kia,Sonet,2022,50077,C (Fair),Mumbai,453600.0,377700.0,2026-05-15,1,2026-05-29,363800.0,14
102183,Honda,WR-V,2022,53647,C (Fair),Ahmedabad,440600.0,450400.0,2026-06-23,1,2026-07-25,442800.0,32
102184,Toyota,Fortuner,2023,36058,A (Excellent),Bengaluru,2200100.0,2164800.0,2026-05-10,1,2026-05-26,2091500.0,16
102185,Mahindra,XUV700,2022,46622,A (Excellent),Chennai,1126600.0,1231500.0,2026-05-07,1,2026-06-12,1172800.0,36
102186,Kia,Seltos,2020,73732,B (Good),Mumbai,585000.0,591100.0,2026-05-28,1,2026-06-26,578100.0,29
102187,Toyota,Innova,2016,107793,C (Fair),Delhi NCR,483800.0,455400.0,2026-08-05,1,2026-08-28,437700.0,23
102188,Maruti Suzuki,Baleno,2018,90265,A (Excellent),Delhi NCR,268100.0,292100.0,2026-05-20,1,2026-06-24,283300.0,35
102189,Mahindra,Bolero,2021,62470,C (Fair),Chennai,356400.0,365300.0,2026-05-17,1,2026-06-11,357800.0,25
102190,Kia,Carens,2024,31186,B (Good),Mumbai,814600.0,793300.0,2026-06-08,1,2026-06-29,760000.0,21
102191,Maruti Suzuki,Dzire,2022,45090,B (Good),Ahmedabad,367300.0,388600.0,2026-07-03,1,2026-08-07,381800.0,35
102192,Hyundai,i20,2016,131015,B (Good),Pune,202900.0,188200.0,2026-05-07,1,2026-06-03,180300.0,27
102193,Hyundai,Verna,2020,73795,A (Excellent),Bengaluru,521800.0,462200.0,2026-05-05,1,2026-05-24,437700.0,19
102194,Tata,Nexon,2024,25319,A (Excellent),Delhi NCR,716500.0,755900.0,2026-07-24,1,2026-08-26,738100.0,33
102195,Maruti Suzuki,Dzire,2024,30420,A (Excellent),Pune,486400.0,474000.0,2026-08-16,0,,,16
102196,Mahindra,XUV300,2018,70062,A (Excellent),Bengaluru,365400.0,347500.0,2026-08-24,0,,,8
102197,Mahindra,Bolero,2017,119453,A (Excellent),Bengaluru,275500.0,240300.0,2026-08-15,1,2026-08-31,227400.0,16
102198,Mahindra,XUV300,2024,27380,A (Excellent),Chennai,672900.0,639000.0,2026-05-22,1,2026-06-19,602200.0,28
102199,Mahindra,XUV300,2024,18072,B (Good),Pune,629100.0,636500.0,2026-08-27,0,,,5
102200,Tata,Nexon,2022,51594,C (Fair),Ahmedabad,481100.0,420100.0,2026-06-28,1,2026-07-27,409100.0,29
102201,Tata,Tiago,2023,40592,B (Good),Kolkata,335600.0,283800.0,2026-08-17,0,,,15
102202,Hyundai,Venue,2023,30313,C (Fair),Kolkata,477000.0,434200.0,2026-08-06,0,,,26
102203,Tata,Harrier,2023,48626,A (Excellent),Bengaluru,1085700.0,1023700.0,2026-07-11,1,2026-08-14,991600.0,34
102204,Maruti Suzuki,Swift,2017,106790,C (Fair),Bengaluru,183000.0,202100.0,2026-08-10,0,,,22
102205,Honda,City,2017,122459,C (Fair),Bengaluru,294100.0,314000.0,2026-05-22,1,2026-06-19,310600.0,28
102206,Kia,Carens,2024,27220,A (Excellent),Bengaluru,883400.0,935000.0,2026-06-04,1,2026-07-04,897200.0,30
102207,Hyundai,Verna,2024,24908,A (Excellent),Pune,801200.0,825500.0,2026-07-25,1,2026-08-27,790600.0,33
102208,Maruti Suzuki,WagonR,2017,98391,B (Good),Delhi NCR,167900.0,169000.0,2026-08-09,0,,,23
102209,Mahindra,Bolero,2016,128209,B (Good),Kolkata,229800.0,239700.0,2026-06-05,1,2026-07-17,226600.0,42
102210,Hyundai,Grand i10,2024,27498,A (Excellent),Kolkata,403700.0,362200.0,2026-08-03,1,2026-08-30,349500.0,27
102211,Maruti Suzuki,Ertiga,2023,39156,A (Excellent),Hyderabad,567200.0,503100.0,2026-07-06,1,2026-08-08,488600.0,33
102212,Tata,Tiago,2023,35821,A (Excellent),Delhi NCR,364200.0,335600.0,2026-06-03,1,2026-06-21,321500.0,18
102213,Tata,Altroz,2017,109394,C (Fair),Kolkata,205700.0,208000.0,2026-06-08,1,2026-07-21,197800.0,43
102214,Toyota,Innova,2024,23463,B (Good),Kolkata,1251200.0,1157500.0,2026-06-19,1,2026-07-15,1115800.0,26
102215,Hyundai,Creta,2020,78310,A (Excellent),Hyderabad,628600.0,647900.0,2026-08-10,0,,,22
102216,Kia,Seltos,2019,84142,C (Fair),Delhi NCR,473700.0,494400.0,2026-06-21,1,2026-07-12,466000.0,21
102217,Mahindra,XUV700,2024,21727,B (Good),Pune,1292600.0,1493100.0,2026-07-15,1,2026-08-21,1406000.0,37
102218,Hyundai,Verna,2019,83532,B (Good),Delhi NCR,435100.0,363000.0,2026-06-20,1,2026-07-17,359100.0,27
102219,Hyundai,Grand i10,2019,80486,B (Good),Chennai,220600.0,230400.0,2026-06-27,1,2026-07-30,221800.0,33
102220,Hyundai,Grand i10,2021,53119,A (Excellent),Pune,296200.0,339300.0,2026-07-28,0,,,35
102221,Kia,Sonet,2021,42725,A (Excellent),Hyderabad,499100.0,510200.0,2026-06-24,1,2026-07-23,488600.0,29
102222,Honda,Jazz,2016,123637,A (Excellent),Pune,221000.0,231900.0,2026-05-31,1,2026-07-08,218500.0,38
102223,Honda,WR-V,2024,24813,C (Fair),Hyderabad,548200.0,483700.0,2026-06-21,1,2026-07-20,459900.0,29
102224,Honda,City,2021,60135,A (Excellent),Chennai,551300.0,568900.0,2026-07-12,1,2026-08-25,541300.0,44
102225,Honda,WR-V,2022,67793,B (Good),Hyderabad,482200.0,465000.0,2026-05-27,1,2026-06-26,439800.0,30
102226,Toyota,Fortuner,2023,36703,A (Excellent),Bengaluru,2198600.0,2378800.0,2026-08-01,0,,,31
102227,Maruti Suzuki,Ertiga,2021,70207,C (Fair),Kolkata,378700.0,415400.0,2026-05-18,1,2026-07-02,390600.0,45
102228,Mahindra,Scorpio,2016,114412,A (Excellent),Hyderabad,450200.0,404100.0,2026-06-06,1,2026-06-29,389400.0,23
102229,Maruti Suzuki,Baleno,2016,99620,B (Good),Pune,203400.0,191000.0,2026-07-06,1,2026-08-06,181700.0,31
102230,Kia,Seltos,2021,66126,A (Excellent),Bengaluru,699900.0,723200.0,2026-07-04,1,2026-07-18,694900.0,14
102231,Mahindra,XUV700,2023,24460,B (Good),Pune,1173000.0,1146800.0,2026-06-13,1,2026-07-17,1081400.0,34
102232,Tata,Harrier,2016,107662,B (Good),Chennai,487300.0,526100.0,2026-07-29,0,,,34
102233,Maruti Suzuki,Ertiga,2022,37985,B (Good),Chennai,478500.0,468300.0,2026-07-12,1,2026-08-14,448800.0,33
102234,Hyundai,Venue,2022,45500,A (Excellent),Pune,512700.0,600900.0,2026-05-10,1,2026-06-23,577600.0,44
102235,Kia,Seltos,2021,70201,B (Good),Kolkata,645300.0,841100.0,2026-08-27,0,,,5
102236,Hyundai,i20,2023,34071,C (Fair),Kolkata,392800.0,402500.0,2026-07-20,0,,,43
102237,Toyota,Innova,2017,111441,A (Excellent),Ahmedabad,635400.0,455000.0,2026-08-03,1,2026-08-18,437900.0,15
102238,Kia,Sonet,2018,98523,C (Fair),Ahmedabad,295200.0,253400.0,2026-08-25,0,,,7
102239,Honda,Jazz,2021,55426,A (Excellent),Delhi NCR,381700.0,369000.0,2026-08-14,0,,,18
102240,Mahindra,XUV700,2017,106680,A (Excellent),Ahmedabad,658800.0,665400.0,2026-05-18,1,2026-06-26,625500.0,39
102241,Honda,Jazz,2024,16074,B (Good),Pune,488500.0,497900.0,2026-05-23,1,2026-06-20,470700.0,28
102242,Mahindra,XUV700,2019,75206,A (Excellent),Chennai,823500.0,931900.0,2026-06-13,1,2026-08-04,902200.0,52
102243,Mahindra,Scorpio,2022,55162,B (Good),Kolkata,783200.0,865100.0,2026-05-06,1,2026-06-24,816400.0,49
102244,Hyundai,Creta,2022,59670,C (Fair),Delhi NCR,645400.0,632000.0,2026-07-31,1,2026-08-16,608000.0,16
102245,Mahindra,Scorpio,2021,75004,B (Good),Hyderabad,697700.0,703700.0,2026-06-03,1,2026-06-21,678800.0,18
102246,Hyundai,i20,2024,26179,A (Excellent),Hyderabad,522200.0,540600.0,2026-06-11,1,2026-07-09,528200.0,28
102247,Toyota,Fortuner,2021,47516,C (Fair),Bengaluru,1500200.0,1695900.0,2026-06-18,1,2026-07-17,1634300.0,29
102248,Honda,WR-V,2024,26145,B (Good),Mumbai,608300.0,436300.0,2026-07-18,1,2026-07-25,422500.0,7
102249,Mahindra,Scorpio,2021,60641,B (Good),Kolkata,708600.0,675900.0,2026-07-05,1,2026-08-14,662500.0,40
102250,Hyundai,i20,2021,49713,C (Fair),Hyderabad,320000.0,303300.0,2026-05-06,1,2026-06-09,299400.0,34
102251,Toyota,Glanza,2019,90853,C (Fair),Pune,265800.0,304000.0,2026-06-17,1,2026-07-29,296600.0,42
102252,Hyundai,i20,2023,31899,B (Good),Delhi NCR,437400.0,484000.0,2026-05-15,1,2026-06-12,469100.0,28
102253,Maruti Suzuki,Swift,2021,47463,B (Good),Pune,316100.0,285500.0,2026-07-17,1,2026-08-23,271600.0,37
102254,Honda,Amaze,2024,37978,A (Excellent),Kolkata,499200.0,483900.0,2026-05-21,1,2026-06-19,459700.0,29
102255,Maruti Suzuki,Baleno,2017,101148,B (Good),Pune,223200.0,246700.0,2026-07-22,1,2026-08-26,242900.0,35
102256,Honda,Amaze,2017,99959,B (Good),Pune,223500.0,214500.0,2026-07-02,1,2026-07-28,206100.0,26
102257,Toyota,Innova,2024,31099,A (Excellent),Hyderabad,1340700.0,1531400.0,2026-06-20,1,2026-08-05,1494500.0,46
102258,Hyundai,Grand i10,2022,41697,A (Excellent),Chennai,329400.0,262900.0,2026-06-30,1,2026-07-13,255700.0,13
102259,Maruti Suzuki,Ertiga,2024,22642,B (Good),Kolkata,587000.0,630400.0,2026-05-15,1,2026-06-24,608200.0,40
102260,Maruti Suzuki,Swift,2023,34940,A (Excellent),Hyderabad,417700.0,420900.0,2026-07-30,1,2026-08-16,398400.0,17
102261,Kia,Sonet,2020,56299,B (Good),Kolkata,414600.0,405100.0,2026-08-17,0,,,15
102262,Maruti Suzuki,Dzire,2023,27917,B (Good),Delhi NCR,410900.0,402600.0,2026-06-21,1,2026-07-06,394100.0,15
102263,Tata,Harrier,2023,28379,C (Fair),Delhi NCR,924000.0,781300.0,2026-07-28,1,2026-08-14,736200.0,17
102264,Hyundai,Creta,2022,40244,B (Good),Hyderabad,731900.0,714100.0,2026-07-29,1,2026-08-15,688000.0,17
102265,Mahindra,Bolero,2021,52156,B (Good),Pune,400400.0,468400.0,2026-07-05,1,2026-08-14,444100.0,40
102266,Kia,Seltos,2018,95694,B (Good),Mumbai,472900.0,505600.0,2026-08-02,0,,,30
102267,Kia,Seltos,2024,26246,B (Good),Hyderabad,896700.0,773600.0,2026-08-04,1,2026-08-14,735500.0,10
102268,Hyundai,Grand i10,2022,45271,A (Excellent),Pune,328200.0,323400.0,2026-08-25,0,,,7
102269,Hyundai,Grand i10,2019,84930,B (Good),Chennai,219500.0,203100.0,2026-05-31,1,2026-07-02,194100.0,32
102270,Hyundai,Grand i10,2024,30796,A (Excellent),Pune,402400.0,371000.0,2026-08-30,0,,,2
102271,Mahindra,XUV700,2021,58362,A (Excellent),Ahmedabad,1012600.0,980100.0,2026-06-07,1,2026-07-08,958600.0,31
102272,Maruti Suzuki,WagonR,2019,78749,B (Good),Bengaluru,207200.0,223100.0,2026-06-08,1,2026-07-07,218500.0,29
102273,Maruti Suzuki,WagonR,2021,58407,B (Good),Pune,255700.0,258400.0,2026-06-10,1,2026-07-07,244300.0,27
102274,Maruti Suzuki,WagonR,2016,116390,B (Good),Hyderabad,149700.0,126000.0,2026-08-30,0,,,2
102275,Honda,Jazz,2019,86388,B (Good),Delhi NCR,283100.0,256900.0,2026-05-12,1,2026-05-30,248500.0,18
102276,Honda,City,2020,66804,A (Excellent),Hyderabad,498100.0,544300.0,2026-06-26,1,2026-07-24,523000.0,28
102277,Mahindra,Scorpio,2023,49564,B (Good),Chennai,865800.0,908900.0,2026-05-22,1,2026-06-30,872000.0,39
102278,Maruti Suzuki,WagonR,2019,86015,B (Good),Mumbai,205500.0,215800.0,2026-08-07,0,,,25
102279,Mahindra,XUV700,2020,79960,B (Good),Ahmedabad,833600.0,778300.0,2026-07-21,1,2026-08-26,764400.0,36
102280,Maruti Suzuki,Swift,2022,41861,C (Fair),Delhi NCR,314500.0,335700.0,2026-06-15,1,2026-07-09,319000.0,24
102281,Tata,Nexon,2019,97471,B (Good),Delhi NCR,383400.0,431300.0,2026-05-24,1,2026-06-19,405700.0,26
102282,Hyundai,Verna,2021,57636,B (Good),Chennai,540200.0,584400.0,2026-06-02,1,2026-06-28,551100.0,26
102283,Mahindra,Bolero,2019,92994,B (Good),Kolkata,317300.0,310100.0,2026-06-19,1,2026-07-24,292500.0,35
102284,Hyundai,Verna,2024,31211,B (Good),Mumbai,737000.0,620000.0,2026-06-08,1,2026-06-22,585100.0,14
102285,Tata,Nexon,2024,21077,B (Good),Delhi NCR,666300.0,607200.0,2026-08-04,1,2026-08-17,575200.0,13
102286,Hyundai,Verna,2017,112179,C (Fair),Ahmedabad,314100.0,304200.0,2026-08-08,0,,,24
102287,Honda,WR-V,2016,126119,A (Excellent),Ahmedabad,277200.0,276200.0,2026-05-22,1,2026-06-14,262300.0,23
102288,Hyundai,i20,2016,120505,A (Excellent),Kolkata,221800.0,226600.0,2026-08-05,0,,,27
102289,Toyota,Fortuner,2021,57984,B (Good),Pune,1648600.0,1786600.0,2026-06-24,1,2026-07-28,1719300.0,34
102290,Honda,Jazz,2022,52967,A (Excellent),Bengaluru,420500.0,524300.0,2026-06-24,1,2026-07-31,511100.0,37
102291,Honda,WR-V,2022,47798,B (Good),Mumbai,492500.0,404600.0,2026-07-20,1,2026-08-03,387100.0,14
102292,Hyundai,i20,2019,83450,B (Good),Delhi NCR,284000.0,295400.0,2026-06-05,1,2026-06-22,291000.0,17
102293,Maruti Suzuki,Swift,2022,45978,C (Fair),Mumbai,313200.0,292800.0,2026-05-18,1,2026-06-14,287800.0,27
102294,Hyundai,Grand i10,2023,37493,A (Excellent),Ahmedabad,363600.0,328100.0,2026-05-09,1,2026-05-31,308700.0,22
102295,Toyota,Glanza,2020,80382,A (Excellent),Ahmedabad,354500.0,403400.0,2026-05-20,1,2026-07-04,391400.0,45
102296,Mahindra,XUV300,2021,68221,B (Good),Pune,449800.0,472400.0,2026-05-29,1,2026-06-25,445000.0,27
102297,Honda,City,2022,60880,C (Fair),Chennai,504400.0,450200.0,2026-05-20,1,2026-06-18,440100.0,29
102298,Hyundai,Verna,2024,17586,A (Excellent),Mumbai,807200.0,677300.0,2026-08-01,1,2026-08-22,668500.0,21
102299,Maruti Suzuki,Swift,2018,102598,B (Good),Kolkata,224500.0,216600.0,2026-08-08,0,,,24
102300,Honda,Jazz,2024,33303,A (Excellent),Mumbai,518400.0,489400.0,2026-06-18,1,2026-07-15,479600.0,27
102301,Maruti Suzuki,Ertiga,2017,100927,B (Good),Hyderabad,279000.0,282700.0,2026-06-22,1,2026-07-15,277600.0,23
102302,Hyundai,Venue,2022,59659,B (Good),Delhi NCR,467700.0,496600.0,2026-06-17,1,2026-07-14,478700.0,27
102303,Toyota,Fortuner,2023,36180,C (Fair),Delhi NCR,1833200.0,1620700.0,2026-05-29,1,2026-06-21,1558100.0,23
102304,Maruti Suzuki,Baleno,2023,46910,B (Good),Bengaluru,416700.0,417000.0,2026-07-29,0,,,34
102305,Tata,Tiago,2024,35566,B (Good),Pune,370700.0,450400.0,2026-07-28,0,,,35
102306,Mahindra,Bolero,2024,40177,A (Excellent),Pune,581100.0,608600.0,2026-06-02,1,2026-06-27,582000.0,25
102307,Tata,Nexon,2022,53797,B (Good),Chennai,533300.0,584200.0,2026-06-27,1,2026-08-07,554500.0,41
102308,Hyundai,i20,2024,28601,B (Good),Hyderabad,482300.0,517500.0,2026-05-06,1,2026-05-26,488400.0,20
102309,Hyundai,Verna,2023,32313,C (Fair),Bengaluru,602900.0,592700.0,2026-06-27,1,2026-07-17,579900.0,20
102310,Honda,Jazz,2021,63823,A (Excellent),Ahmedabad,378300.0,366800.0,2026-07-15,1,2026-08-23,345300.0,39
102311,Maruti Suzuki,Dzire,2022,55838,A (Excellent),Hyderabad,392200.0,378600.0,2026-05-21,1,2026-06-16,371300.0,26
102312,Kia,Carens,2023,27153,B (Good),Ahmedabad,744400.0,813100.0,2026-08-24,0,,,8
102313,Tata,Altroz,2019,99172,B (Good),Mumbai,279100.0,261200.0,2026-07-08,1,2026-07-28,258400.0,20
102314,Tata,Tiago,2017,118151,B (Good),Bengaluru,175200.0,179700.0,2026-05-31,1,2026-06-25,171500.0,25
102315,Tata,Altroz,2023,35475,A (Excellent),Chennai,470600.0,517100.0,2026-05-19,1,2026-06-29,490100.0,41
102316,Mahindra,Bolero,2023,29487,B (Good),Pune,495100.0,409300.0,2026-06-02,1,2026-06-19,405200.0,17
102317,Toyota,Fortuner,2022,38140,B (Good),Chennai,1849800.0,1971300.0,2026-08-22,0,,,10
102318,Toyota,Glanza,2020,86370,B (Good),Bengaluru,326100.0,371600.0,2026-08-02,1,2026-08-25,353400.0,23
102319,Tata,Altroz,2024,19884,A (Excellent),Ahmedabad,525600.0,528600.0,2026-08-24,0,,,8
102320,Mahindra,Bolero,2021,70134,C (Fair),Chennai,353500.0,322000.0,2026-08-27,0,,,5
102321,Toyota,Glanza,2018,82460,B (Good),Ahmedabad,271200.0,275100.0,2026-06-15,1,2026-07-13,265700.0,28
102322,Maruti Suzuki,Baleno,2024,9638,A (Excellent),Ahmedabad,513900.0,472100.0,2026-07-15,1,2026-08-09,451600.0,25
102323,Toyota,Innova,2024,27682,A (Excellent),Ahmedabad,1345500.0,1473100.0,2026-05-07,1,2026-06-20,1385200.0,44
102324,Honda,Jazz,2017,105834,B (Good),Pune,229400.0,252100.0,2026-08-30,0,,,2
102325,Tata,Harrier,2024,24127,C (Fair),Chennai,1019800.0,999000.0,2026-05-22,1,2026-06-24,984200.0,33
102326,Tata,Tiago,2024,11191,C (Fair),Hyderabad,342100.0,334200.0,2026-07-27,1,2026-08-18,318500.0,22
102327,Honda,WR-V,2020,68858,B (Good),Chennai,398800.0,424100.0,2026-07-13,1,2026-08-22,405600.0,40
102328,Mahindra,XUV700,2022,40607,A (Excellent),Kolkata,1133700.0,1349700.0,2026-05-15,1,2026-07-15,1305200.0,61
102329,Tata,Harrier,2021,61489,A (Excellent),Ahmedabad,886900.0,789000.0,2026-08-20,0,,,12
102330,Tata,Harrier,2024,40900,A (Excellent),Mumbai,1202800.0,1070500.0,2026-06-03,1,2026-06-28,1014300.0,25
102331,Kia,Seltos,2017,121295,B (Good),Delhi NCR,418200.0,449700.0,2026-07-15,1,2026-08-16,431400.0,32
102332,Honda,Amaze,2023,35361,A (Excellent),Mumbai,455500.0,416300.0,2026-05-26,1,2026-06-18,409800.0,23
102333,Hyundai,Creta,2021,67565,B (Good),Pune,647100.0,710900.0,2026-08-11,0,,,21
102334,Maruti Suzuki,Ertiga,2019,86913,B (Good),Chennai,342200.0,311400.0,2026-08-27,0,,,5
102335,Honda,WR-V,2023,28225,B (Good),Chennai,552400.0,591500.0,2026-05-23,1,2026-07-09,574400.0,47
102336,Honda,Jazz,2023,30319,B (Good),Hyderabad,438100.0,448600.0,2026-05-12,1,2026-06-25,427000.0,44
102337,Maruti Suzuki,Ertiga,2024,21200,B (Good),Mumbai,587900.0,585800.0,2026-08-18,0,,,14
102338,Mahindra,Scorpio,2018,85529,B (Good),Kolkata,519800.0,565900.0,2026-05-10,1,2026-06-21,560100.0,42
102339,Tata,Nexon,2024,15788,A (Excellent),Delhi NCR,723500.0,800000.0,2026-07-07,1,2026-08-19,781000.0,43
102340,Mahindra,XUV300,2020,68556,B (Good),Chennai,409200.0,459600.0,2026-08-01,0,,,31
102341,Maruti Suzuki,Baleno,2023,30042,C (Fair),Chennai,381700.0,415200.0,2026-07-30,0,,,33
102342,Mahindra,XUV300,2021,55925,C (Fair),Mumbai,410200.0,417400.0,2026-07-25,1,2026-08-30,407100.0,36
102343,Hyundai,Grand i10,2019,69341,C (Fair),Kolkata,200900.0,218500.0,2026-07-19,1,2026-08-21,214800.0,33
102344,Honda,City,2020,63342,C (Fair),Kolkata,416600.0,395000.0,2026-07-28,1,2026-08-20,380700.0,23
102345,Maruti Suzuki,Ertiga,2019,94339,A (Excellent),Delhi NCR,366600.0,372500.0,2026-06-22,1,2026-07-16,364800.0,24
102346,Maruti Suzuki,Baleno,2023,26521,B (Good),Hyderabad,425600.0,443800.0,2026-07-30,1,2026-08-30,437700.0,31
102347,Hyundai,Grand i10,2023,29682,A (Excellent),Ahmedabad,366600.0,375900.0,2026-05-24,1,2026-06-18,361500.0,25
102348,Maruti Suzuki,Baleno,2017,102787,A (Excellent),Pune,240600.0,257500.0,2026-05-12,1,2026-06-13,242400.0,32
102349,Toyota,Innova,2019,79079,C (Fair),Bengaluru,662700.0,614700.0,2026-06-30,1,2026-07-24,583500.0,24
102350,Hyundai,Venue,2023,33758,C (Fair),Bengaluru,475300.0,451400.0,2026-08-05,1,2026-08-26,430800.0,21
102351,Tata,Nexon,2018,109454,A (Excellent),Mumbai,371800.0,393100.0,2026-08-31,0,,,1
102352,Maruti Suzuki,Dzire,2018,88747,B (Good),Hyderabad,240300.0,224700.0,2026-05-05,1,2026-05-31,218900.0,26
102353,Tata,Punch,2019,82660,A (Excellent),Chennai,297100.0,290600.0,2026-07-22,1,2026-08-17,278500.0,26
102354,Hyundai,Verna,2024,30539,B (Good),Chennai,737500.0,770000.0,2026-05-22,1,2026-06-24,755500.0,33
102355,Mahindra,Scorpio,2019,94141,B (Good),Kolkata,565900.0,563600.0,2026-05-28,1,2026-06-24,556500.0,27
102356,Mahindra,XUV700,2018,118576,B (Good),Pune,661400.0,725600.0,2026-05-20,1,2026-06-24,686500.0,35
102357,Kia,Carens,2018,92164,B (Good),Chennai,433500.0,461800.0,2026-06-16,1,2026-07-23,455500.0,37
102358,Mahindra,XUV300,2022,58221,C (Fair),Hyderabad,449700.0,470300.0,2026-08-06,0,,,26
102359,Honda,Amaze,2023,24790,B (Good),Delhi NCR,426400.0,409800.0,2026-05-29,1,2026-06-21,389800.0,23
102360,Hyundai,Venue,2021,56754,B (Good),Mumbai,426900.0,496900.0,2026-08-20,0,,,12
102361,Mahindra,XUV700,2023,38033,B (Good),Hyderabad,1156700.0,1124000.0,2026-08-25,0,,,7
102362,Honda,Jazz,2024,24555,B (Good),Pune,484300.0,449400.0,2026-07-28,0,,,35
102363,Hyundai,i20,2020,86564,B (Good),Mumbai,311000.0,303400.0,2026-06-18,1,2026-07-09,298800.0,21
102364,Mahindra,Bolero,2022,51122,B (Good),Hyderabad,440500.0,448000.0,2026-07-15,1,2026-08-15,441300.0,31
102365,Hyundai,Creta,2017,105094,B (Good),Hyderabad,425900.0,434000.0,2026-08-05,0,,,27
102366,Hyundai,Verna,2019,83452,B (Good),Delhi NCR,435100.0,428300.0,2026-07-02,1,2026-07-30,412900.0,28
102367,Hyundai,i20,2024,27654,B (Good),Chennai,482800.0,510500.0,2026-05-29,1,2026-07-08,503800.0,40
102368,Honda,Amaze,2024,20866,A (Excellent),Kolkata,508100.0,515000.0,2026-05-25,1,2026-07-05,492200.0,41
102369,Honda,Jazz,2021,65790,B (Good),Hyderabad,349500.0,301700.0,2026-08-12,0,,,20
102370,Maruti Suzuki,Baleno,2021,64460,B (Good),Mumbai,338700.0,370400.0,2026-08-13,0,,,19
102371,Hyundai,Verna,2019,81596,C (Fair),Bengaluru,392400.0,438700.0,2026-06-20,1,2026-07-14,414200.0,24
102372,Honda,Jazz,2016,130070,A (Excellent),Ahmedabad,219400.0,225400.0,2026-06-23,1,2026-07-25,215400.0,32
102373,Tata,Punch,2019,78833,B (Good),Delhi NCR,276200.0,252300.0,2026-07-22,1,2026-08-21,238300.0,30
102374,Maruti Suzuki,Ertiga,2022,62334,A (Excellent),Bengaluru,503700.0,479000.0,2026-07-18,1,2026-08-07,469600.0,20
102375,Hyundai,Creta,2024,13063,B (Good),Delhi NCR,908900.0,958900.0,2026-07-14,1,2026-08-16,925500.0,33
102376,Kia,Carens,2024,23446,C (Fair),Pune,739000.0,650800.0,2026-07-03,1,2026-07-27,621500.0,24
102377,Mahindra,XUV300,2016,109515,A (Excellent),Hyderabad,289700.0,288400.0,2026-08-16,0,,,16
102378,Tata,Altroz,2023,33472,A (Excellent),Pune,471600.0,451900.0,2026-06-21,1,2026-07-20,445200.0,29
102379,Hyundai,Grand i10,2018,96902,A (Excellent),Ahmedabad,212900.0,204900.0,2026-06-20,1,2026-07-18,194900.0,28
102380,Honda,Jazz,2024,26843,B (Good),Bengaluru,483200.0,473200.0,2026-06-04,1,2026-07-06,459000.0,32
102381,Maruti Suzuki,WagonR,2022,55544,C (Fair),Bengaluru,253700.0,259900.0,2026-06-09,1,2026-07-12,249300.0,33
102382,Maruti Suzuki,WagonR,2019,77573,C (Fair),Delhi NCR,186700.0,217400.0,2026-07-26,1,2026-08-30,209600.0,35
102383,Toyota,Glanza,2018,102520,A (Excellent),Hyderabad,286500.0,289800.0,2026-08-24,0,,,8
102384,Maruti Suzuki,Swift,2022,39329,B (Good),Pune,350400.0,341700.0,2026-05-26,1,2026-06-26,335800.0,31
102385,Maruti Suzuki,Swift,2020,66356,B (Good),Delhi NCR,282000.0,275800.0,2026-08-18,0,,,14
102386,Tata,Punch,2021,60841,C (Fair),Hyderabad,306000.0,288600.0,2026-08-08,0,,,24
102387,Hyundai,Verna,2020,81638,B (Good),Chennai,479100.0,436000.0,2026-07-31,1,2026-08-27,411200.0,27
102388,Maruti Suzuki,Ertiga,2016,122294,A (Excellent),Mumbai,267700.0,299700.0,2026-08-22,0,,,10
102389,Mahindra,Bolero,2018,77859,B (Good),Delhi NCR,293500.0,320200.0,2026-05-06,1,2026-06-04,301300.0,29
102390,Hyundai,Grand i10,2020,65563,C (Fair),Chennai,221700.0,227700.0,2026-08-03,0,,,29
102391,Toyota,Glanza,2023,38507,C (Fair),Bengaluru,409900.0,371100.0,2026-06-29,1,2026-07-20,362700.0,21
102392,Mahindra,Scorpio,2021,84906,C (Fair),Chennai,621300.0,680400.0,2026-07-08,1,2026-08-18,662000.0,41
102393,Kia,Sonet,2024,25577,C (Fair),Bengaluru,561800.0,535500.0,2026-06-08,1,2026-07-05,522100.0,27
102394,Kia,Carens,2021,58939,B (Good),Ahmedabad,596300.0,556800.0,2026-08-03,0,,,29
102395,Hyundai,Verna,2019,86218,C (Fair),Chennai,390400.0,328400.0,2026-06-21,1,2026-07-06,322100.0,15
102396,Tata,Nexon,2022,49918,B (Good),Delhi NCR,535500.0,588700.0,2026-07-31,1,2026-08-24,566900.0,24
102397,Hyundai,Venue,2024,26085,B (Good),Bengaluru,584900.0,625700.0,2026-07-17,1,2026-08-14,609800.0,28
102398,Maruti Suzuki,WagonR,2024,24791,B (Good),Pune,351400.0,316700.0,2026-07-09,1,2026-07-30,307800.0,21
102399,Mahindra,Bolero,2020,76015,C (Fair),Bengaluru,319700.0,304800.0,2026-07-10,1,2026-07-29,298500.0,19
102400,Maruti Suzuki,WagonR,2023,38120,C (Fair),Hyderabad,283900.0,297200.0,2026-06-02,1,2026-07-07,291500.0,35
102401,Kia,Carens,2017,118590,B (Good),Ahmedabad,383000.0,392900.0,2026-05-26,1,2026-07-10,378600.0,45
102402,Toyota,Glanza,2021,69327,B (Good),Chennai,365100.0,381000.0,2026-08-26,0,,,6
102403,Hyundai,i20,2020,79433,C (Fair),Mumbai,282100.0,349100.0,2026-08-03,0,,,29
102404,Tata,Nexon,2020,79705,B (Good),Ahmedabad,429600.0,503500.0,2026-06-23,1,2026-08-07,484000.0,45
102405,Hyundai,i20,2024,16663,C (Fair),Hyderabad,439400.0,445600.0,2026-08-19,0,,,13
102406,Maruti Suzuki,WagonR,2024,27050,B (Good),Kolkata,350600.0,376400.0,2026-07-09,1,2026-08-27,366600.0,49
102407,Maruti Suzuki,Dzire,2021,46941,C (Fair),Kolkata,300200.0,331700.0,2026-08-06,0,,,26
102408,Hyundai,Creta,2020,69358,C (Fair),Mumbai,528900.0,578600.0,2026-07-24,1,2026-08-27,555700.0,34
102409,Hyundai,Verna,2019,95001,B (Good),Pune,429600.0,509300.0,2026-05-23,1,2026-06-30,485200.0,38
102410,Hyundai,i20,2022,40638,C (Fair),Delhi NCR,355000.0,356300.0,2026-06-17,1,2026-07-14,352700.0,27
102411,Tata,Harrier,2021,47250,A (Excellent),Mumbai,900400.0,901100.0,2026-06-21,1,2026-07-13,847300.0,22
102412,Maruti Suzuki,Baleno,2020,57392,A (Excellent),Hyderabad,335400.0,346400.0,2026-07-16,1,2026-08-13,337600.0,28
102413,Hyundai,i20,2021,72407,A (Excellent),Mumbai,374800.0,373800.0,2026-07-06,1,2026-08-01,365100.0,26
102414,Hyundai,Venue,2021,70858,C (Fair),Pune,378500.0,372700.0,2026-07-14,1,2026-08-15,353600.0,32
102415,Tata,Nexon,2024,23293,B (Good),Hyderabad,664800.0,673000.0,2026-05-12,1,2026-06-06,664900.0,25
102416,Tata,Punch,2024,11269,A (Excellent),Delhi NCR,513100.0,525100.0,2026-06-22,1,2026-07-18,514200.0,26
102417,Maruti Suzuki,WagonR,2024,25878,A (Excellent),Ahmedabad,379100.0,398900.0,2026-08-10,0,,,22
102418,Tata,Altroz,2021,55949,B (Good),Delhi NCR,353200.0,373000.0,2026-05-17,1,2026-06-09,358700.0,23
102419,Mahindra,XUV700,2022,50460,C (Fair),Ahmedabad,935100.0,981400.0,2026-07-31,0,,,32
102420,Hyundai,Creta,2019,98094,B (Good),Hyderabad,518300.0,523800.0,2026-08-05,1,2026-08-23,499600.0,18
102421,Maruti Suzuki,WagonR,2020,79800,B (Good),Pune,227400.0,202800.0,2026-06-28,1,2026-07-17,200500.0,19
102422,Honda,Jazz,2024,24215,B (Good),Delhi NCR,484500.0,444100.0,2026-05-12,1,2026-05-29,423700.0,17
102423,Kia,Seltos,2024,30220,B (Good),Pune,893100.0,906000.0,2026-07-04,1,2026-08-03,876600.0,30
102424,Honda,Jazz,2021,57107,B (Good),Hyderabad,352800.0,339600.0,2026-08-01,1,2026-08-20,334300.0,19
102425,Hyundai,Grand i10,2018,99932,B (Good),Hyderabad,196500.0,175700.0,2026-05-17,1,2026-05-28,168000.0,11
102426,Hyundai,i20,2023,32695,C (Fair),Kolkata,393300.0,440100.0,2026-06-14,1,2026-07-24,431800.0,40
102427,Hyundai,Verna,2017,87778,C (Fair),Chennai,322800.0,291700.0,2026-08-05,0,,,27
102428,Maruti Suzuki,Ertiga,2021,52202,B (Good),Kolkata,429000.0,527500.0,2026-05-05,1,2026-06-21,502100.0,47
102429,Maruti Suzuki,Baleno,2023,28939,B (Good),Delhi NCR,424600.0,396600.0,2026-06-04,1,2026-06-20,374000.0,16
102430,Maruti Suzuki,Ertiga,2022,54237,B (Good),Pune,470400.0,427200.0,2026-05-25,1,2026-06-18,409300.0,24
102431,Toyota,Glanza,2019,76513,C (Fair),Mumbai,270000.0,292100.0,2026-06-05,1,2026-07-10,281200.0,35
102432,Maruti Suzuki,Dzire,2019,82610,C (Fair),Pune,239300.0,190700.0,2026-06-18,1,2026-07-13,182200.0,25
102433,Hyundai,Grand i10,2021,57530,B (Good),Kolkata,273000.0,287100.0,2026-08-14,0,,,18
102434,Hyundai,Grand i10,2023,43851,B (Good),Hyderabad,334500.0,282100.0,2026-06-11,1,2026-06-21,276500.0,10
102435,Hyundai,Verna,2018,87862,A (Excellent),Pune,425600.0,452200.0,2026-06-02,1,2026-07-12,447200.0,40
102436,Hyundai,Creta,2022,40770,A (Excellent),Mumbai,790000.0,846000.0,2026-07-12,1,2026-08-17,833300.0,36
102437,Maruti Suzuki,Dzire,2023,40350,B (Good),Mumbai,405600.0,376100.0,2026-06-23,1,2026-07-19,364600.0,26
102438,Hyundai,i20,2020,68108,B (Good),Kolkata,317300.0,303500.0,2026-08-29,0,,,3
102439,Toyota,Innova,2018,91361,B (Good),Hyderabad,661100.0,670000.0,2026-05-24,1,2026-06-18,642300.0,25
102440,Tata,Tiago,2023,49595,B (Good),Kolkata,332400.0,319500.0,2026-06-21,1,2026-07-15,307500.0,24
102441,Maruti Suzuki,WagonR,2020,68521,C (Fair),Hyderabad,207200.0,223300.0,2026-07-26,1,2026-08-21,214100.0,26
102442,Toyota,Fortuner,2022,44613,C (Fair),Delhi NCR,1653600.0,1726900.0,2026-06-14,1,2026-07-19,1673300.0,35
102443,Kia,Carens,2022,35462,A (Excellent),Hyderabad,725300.0,714300.0,2026-08-15,0,,,17
102444,Tata,Altroz,2018,96005,A (Excellent),Hyderabad,275300.0,269200.0,2026-08-10,1,2026-08-29,260400.0,19
102445,Tata,Nexon,2021,53542,B (Good),Chennai,485500.0,482900.0,2026-05-18,1,2026-06-16,466500.0,29
102446,Hyundai,Creta,2023,41174,A (Excellent),Chennai,867800.0,907900.0,2026-05-31,1,2026-07-03,855200.0,33
102447,Hyundai,Verna,2020,71800,A (Excellent),Chennai,523000.0,513900.0,2026-08-26,0,,,6
102448,Toyota,Innova,2022,45003,A (Excellent),Pune,1094300.0,1301800.0,2026-07-26,0,,,37
102449,Tata,Tiago,2021,71788,B (Good),Pune,268900.0,255000.0,2026-06-19,1,2026-07-27,242800.0,38
102450,Hyundai,i20,2023,42110,A (Excellent),Pune,467400.0,350000.0,2026-07-28,1,2026-08-10,340500.0,13
102451,Hyundai,Venue,2017,110182,B (Good),Kolkata,276200.0,303400.0,2026-08-23,0,,,9
102452,Hyundai,i20,2018,95722,A (Excellent),Hyderabad,275400.0,268500.0,2026-07-26,1,2026-08-12,255200.0,17
102453,Hyundai,Grand i10,2021,69214,A (Excellent),Pune,291200.0,287400.0,2026-07-18,1,2026-08-20,273500.0,33
102454,Honda,Amaze,2022,54896,C (Fair),Ahmedabad,338400.0,343000.0,2026-08-22,0,,,10
102455,Tata,Tiago,2016,115711,B (Good),Mumbai,159800.0,151100.0,2026-06-01,1,2026-06-21,144000.0,20
102456,Maruti Suzuki,Swift,2020,74377,B (Good),Hyderabad,279600.0,303200.0,2026-06-13,1,2026-07-07,291000.0,24
102457,Maruti Suzuki,Dzire,2018,93578,A (Excellent),Hyderabad,258200.0,235000.0,2026-08-07,0,,,25
102458,Mahindra,XUV300,2024,5948,B (Good),Ahmedabad,636800.0,670000.0,2026-06-12,1,2026-07-16,657200.0,34
102459,Tata,Tiago,2018,106754,C (Fair),Pune,175500.0,169800.0,2026-07-28,1,2026-08-30,166500.0,33
102460,Maruti Suzuki,Ertiga,2023,37908,A (Excellent),Mumbai,567900.0,545700.0,2026-08-22,0,,,10
102461,Toyota,Fortuner,2021,60065,A (Excellent),Mumbai,1776500.0,1916500.0,2026-08-29,0,,,3
102462,Maruti Suzuki,Ertiga,2022,55184,A (Excellent),Chennai,507500.0,517000.0,2026-06-07,1,2026-07-04,491100.0,27
102463,Tata,Tiago,2022,56750,A (Excellent),Mumbai,324300.0,327100.0,2026-05-13,1,2026-06-18,311800.0,36
102464,Hyundai,Verna,2016,107233,B (Good),Chennai,319400.0,358800.0,2026-07-08,1,2026-08-11,341100.0,34
102465,Mahindra,Bolero,2021,55837,C (Fair),Chennai,359000.0,333500.0,2026-05-15,1,2026-06-02,320000.0,18
102466,Mahindra,XUV300,2020,82634,B (Good),Mumbai,403000.0,456500.0,2026-07-05,1,2026-08-06,448900.0,32
102467,Maruti Suzuki,Baleno,2020,70668,C (Fair),Ahmedabad,275600.0,272600.0,2026-08-17,0,,,15
102468,Maruti Suzuki,WagonR,2022,52442,B (Good),Chennai,282800.0,316500.0,2026-08-30,0,,,2
102469,Hyundai,Verna,2023,35186,A (Excellent),Kolkata,721400.0,740800.0,2026-05-22,1,2026-06-15,718800.0,24
102470,Toyota,Fortuner,2023,42734,A (Excellent),Hyderabad,2184800.0,1829600.0,2026-05-28,1,2026-06-20,1741600.0,23
102471,Mahindra,XUV300,2021,44379,A (Excellent),Mumbai,498300.0,503800.0,2026-08-09,0,,,23
102472,Toyota,Innova,2023,29474,A (Excellent),Ahmedabad,1222100.0,1139600.0,2026-07-21,1,2026-08-18,1107700.0,28
102473,Tata,Nexon,2018,105031,A (Excellent),Mumbai,373600.0,376900.0,2026-05-23,1,2026-06-17,366500.0,25
102474,Tata,Nexon,2019,90469,B (Good),Mumbai,386300.0,407700.0,2026-08-25,0,,,7
102475,Kia,Carens,2023,52403,B (Good),Hyderabad,725100.0,712000.0,2026-06-20,1,2026-07-27,673100.0,37
102476,Tata,Altroz,2022,45607,A (Excellent),Bengaluru,423800.0,401000.0,2026-05-13,1,2026-06-03,392400.0,21
102477,Kia,Carens,2020,70265,B (Good),Hyderabad,536100.0,559200.0,2026-06-11,1,2026-07-05,533700.0,24
102478,Maruti Suzuki,Baleno,2020,68550,B (Good),Pune,306900.0,294000.0,2026-05-11,1,2026-06-03,277600.0,23
102479,Tata,Harrier,2023,29202,A (Excellent),Ahmedabad,1107900.0,1165300.0,2026-06-30,1,2026-07-22,1139800.0,22
102480,Hyundai,i20,2024,11667,A (Excellent),Bengaluru,530000.0,499700.0,2026-05-10,1,2026-05-26,472400.0,16
102481,Tata,Tiago,2021,61937,B (Good),Hyderabad,271700.0,276800.0,2026-07-15,1,2026-08-21,272000.0,37
102482,Maruti Suzuki,WagonR,2021,58275,B (Good),Mumbai,255700.0,229600.0,2026-05-24,1,2026-06-13,222000.0,20
102483,Maruti Suzuki,WagonR,2022,59204,A (Excellent),Kolkata,303200.0,286200.0,2026-08-25,0,,,7
102484,Toyota,Glanza,2021,56110,B (Good),Ahmedabad,370200.0,384500.0,2026-06-23,1,2026-07-20,370700.0,27
102485,Hyundai,Verna,2018,104473,A (Excellent),Bengaluru,417800.0,412400.0,2026-06-29,1,2026-07-21,403000.0,22
102486,Hyundai,Grand i10,2020,79828,C (Fair),Pune,218300.0,223900.0,2026-08-18,0,,,14
102487,Maruti Suzuki,Ertiga,2021,49308,B (Good),Delhi NCR,430300.0,419200.0,2026-05-30,1,2026-06-15,412700.0,16
102488,Honda,WR-V,2018,95309,B (Good),Pune,320900.0,314900.0,2026-06-20,1,2026-07-22,306600.0,32
102489,Maruti Suzuki,Baleno,2017,117631,B (Good),Mumbai,219100.0,205800.0,2026-06-01,1,2026-06-29,198000.0,28
102490,Honda,Jazz,2023,40722,B (Good),Mumbai,433400.0,490900.0,2026-08-09,0,,,23
102491,Kia,Seltos,2019,87240,B (Good),Chennai,524500.0,434100.0,2026-06-02,1,2026-06-17,425300.0,15
102492,Honda,WR-V,2016,121396,A (Excellent),Delhi NCR,278700.0,269900.0,2026-07-27,1,2026-08-21,261200.0,25
102493,Mahindra,XUV300,2023,34167,B (Good),Pune,563100.0,551200.0,2026-08-19,0,,,13
102494,Hyundai,Venue,2021,73005,B (Good),Mumbai,419600.0,427000.0,2026-07-22,1,2026-08-14,401800.0,23
102495,Toyota,Fortuner,2022,51647,A (Excellent),Ahmedabad,1969700.0,1913800.0,2026-06-23,1,2026-07-15,1846500.0,22
102496,Mahindra,Bolero,2023,35326,C (Fair),Mumbai,442900.0,437200.0,2026-08-15,0,,,17
102497,Mahindra,Bolero,2019,87589,B (Good),Chennai,319200.0,293900.0,2026-06-01,1,2026-06-30,277400.0,29
102498,Honda,City,2022,54893,B (Good),Chennai,564100.0,599300.0,2026-08-09,0,,,23
102499,Maruti Suzuki,Swift,2022,46461,B (Good),Ahmedabad,347800.0,385800.0,2026-05-07,1,2026-06-15,375800.0,39
102500,Mahindra,XUV300,2016,108051,A (Excellent),Hyderabad,290200.0,274400.0,2026-05-29,1,2026-06-21,267600.0,23
102501,Maruti Suzuki,Dzire,2023,30093,B (Good),Delhi NCR,409900.0,467300.0,2026-06-27,1,2026-07-25,460600.0,28
102502,Tata,Tiago,2016,129586,B (Good),Ahmedabad,157300.0,171200.0,2026-06-09,1,2026-07-24,162800.0,45
102503,Hyundai,Creta,2020,76768,C (Fair),Mumbai,524700.0,571800.0,2026-07-11,1,2026-08-09,538600.0,29
102504,Maruti Suzuki,Dzire,2021,71566,B (Good),Delhi NCR,325000.0,331200.0,2026-05-12,1,2026-06-12,315000.0,31
102505,Mahindra,XUV300,2022,45063,C (Fair),Ahmedabad,455900.0,442600.0,2026-06-01,1,2026-06-29,421000.0,28
102506,Kia,Carens,2017,99470,A (Excellent),Ahmedabad,422600.0,471100.0,2026-06-23,1,2026-08-05,451500.0,43
102507,Honda,WR-V,2020,74288,C (Fair),Pune,356900.0,354100.0,2026-05-10,1,2026-05-29,347700.0,19
102508,Kia,Carens,2022,42223,B (Good),Chennai,666900.0,725300.0,2026-07-07,1,2026-08-20,705700.0,44
102509,Maruti Suzuki,WagonR,2022,47014,B (Good),Kolkata,284400.0,267500.0,2026-05-26,1,2026-07-03,252800.0,38
102510,Honda,Amaze,2021,62610,C (Fair),Chennai,305500.0,305800.0,2026-07-28,0,,,35
102511,Tata,Altroz,2023,45813,C (Fair),Kolkata,388000.0,385300.0,2026-06-23,1,2026-08-04,379000.0,42
102512,Hyundai,Creta,2024,11025,C (Fair),Kolkata,819700.0,696100.0,2026-07-15,1,2026-08-06,669700.0,22
102513,Honda,WR-V,2023,34025,B (Good),Pune,549100.0,513800.0,2026-07-16,1,2026-08-10,506100.0,25
102514,Hyundai,Verna,2020,72581,C (Fair),Ahmedabad,435400.0,412600.0,2026-05-24,1,2026-06-11,403900.0,18
102515,Tata,Nexon,2021,54237,A (Excellent),Pune,523900.0,510100.0,2026-07-18,1,2026-08-10,491300.0,23
102516,Hyundai,Creta,2021,81917,C (Fair),Chennai,573400.0,683000.0,2026-08-03,0,,,29
102517,Hyundai,Venue,2022,33172,A (Excellent),Mumbai,519300.0,561100.0,2026-08-01,0,,,31
102518,Honda,City,2020,71778,A (Excellent),Pune,495500.0,464600.0,2026-07-26,1,2026-08-13,439000.0,18
102519,Maruti Suzuki,Swift,2018,87571,B (Good),Bengaluru,228200.0,187600.0,2026-05-17,1,2026-06-06,177700.0,20
102520,Tata,Harrier,2023,34952,C (Fair),Kolkata,917800.0,930900.0,2026-08-11,0,,,21
102521,Honda,Amaze,2019,79546,B (Good),Kolkata,276000.0,254300.0,2026-08-17,0,,,15
102522,Tata,Tiago,2024,34803,A (Excellent),Pune,400700.0,380100.0,2026-07-19,1,2026-08-25,373800.0,37
102523,Maruti Suzuki,Swift,2018,96000,C (Fair),Bengaluru,203500.0,192900.0,2026-06-11,1,2026-06-15,188800.0,4
102524,Toyota,Fortuner,2019,86894,B (Good),Delhi NCR,1323300.0,1318300.0,2026-05-22,1,2026-06-12,1290500.0,21
102525,Mahindra,Bolero,2017,92836,C (Fair),Pune,236500.0,243400.0,2026-08-14,0,,,18
102526,Honda,City,2023,38285,B (Good),Chennai,630700.0,624600.0,2026-06-14,1,2026-07-17,600300.0,33
102527,Toyota,Fortuner,2021,64970,B (Good),Delhi NCR,1636300.0,1485000.0,2026-06-26,1,2026-07-14,1415600.0,18
102528,Hyundai,i20,2023,35693,A (Excellent),Pune,470500.0,452100.0,2026-05-13,1,2026-05-25,425900.0,12
102529,Honda,WR-V,2019,79315,B (Good),Ahmedabad,358900.0,339700.0,2026-07-03,1,2026-08-01,321400.0,29
102530,Mahindra,Scorpio,2016,102066,A (Excellent),Kolkata,456500.0,529900.0,2026-08-16,0,,,16
102531,Toyota,Glanza,2024,17585,B (Good),Pune,511400.0,542800.0,2026-05-09,1,2026-06-19,526100.0,41
102532,Hyundai,Venue,2023,29441,C (Fair),Ahmedabad,477400.0,449700.0,2026-07-22,1,2026-08-18,429000.0,27
102533,Hyundai,i20,2024,25820,A (Excellent),Ahmedabad,522400.0,466200.0,2026-08-26,0,,,6
102534,Honda,Amaze,2019,80974,C (Fair),Chennai,248000.0,256600.0,2026-08-08,0,,,24
102535,Hyundai,Grand i10,2023,43886,B (Good),Pune,334400.0,319400.0,2026-08-06,1,2026-08-28,312000.0,22
102536,Tata,Punch,2019,86982,C (Fair),Bengaluru,246400.0,224700.0,2026-08-01,1,2026-08-21,215200.0,20
102537,Mahindra,XUV700,2019,95950,B (Good),Kolkata,745400.0,805900.0,2026-05-22,1,2026-06-30,781700.0,39
102538,Hyundai,Grand i10,2020,72817,B (Good),Bengaluru,244400.0,223700.0,2026-06-10,1,2026-06-19,214200.0,9
102539,Mahindra,Scorpio,2024,5411,B (Good),Chennai,995600.0,949100.0,2026-07-19,1,2026-08-17,904800.0,29
102540,Maruti Suzuki,Baleno,2019,88230,B (Good),Delhi NCR,273400.0,264300.0,2026-07-19,1,2026-08-02,258800.0,14
102541,Tata,Punch,2024,33716,C (Fair),Hyderabad,417900.0,437000.0,2026-05-10,1,2026-06-11,411000.0,32
102542,Maruti Suzuki,Dzire,2022,48380,B (Good),Mumbai,366000.0,334400.0,2026-08-21,0,,,11
102543,Mahindra,XUV700,2023,32436,C (Fair),Hyderabad,1047100.0,1058100.0,2026-06-13,1,2026-06-30,1006800.0,17
102544,Maruti Suzuki,Dzire,2020,70522,A (Excellent),Mumbai,319700.0,314300.0,2026-08-30,0,,,2
102545,Kia,Carens,2022,45151,A (Excellent),Kolkata,718000.0,731200.0,2026-08-03,0,,,29
102546,Hyundai,i20,2018,92831,A (Excellent),Bengaluru,276200.0,281600.0,2026-06-11,1,2026-07-16,269900.0,35
102547,Mahindra,Scorpio,2022,49136,A (Excellent),Delhi NCR,851300.0,704400.0,2026-08-16,0,,,16
102548,Mahindra,XUV300,2024,21864,C (Fair),Bengaluru,564000.0,649000.0,2026-05-21,1,2026-06-25,627400.0,35
102549,Maruti Suzuki,Swift,2022,44928,A (Excellent),Bengaluru,376200.0,372600.0,2026-05-25,1,2026-06-24,364800.0,30
102550,Honda,Amaze,2018,96962,C (Fair),Hyderabad,221800.0,197100.0,2026-05-14,1,2026-05-29,194100.0,15
102551,Mahindra,Bolero,2021,43679,B (Good),Mumbai,404000.0,457600.0,2026-05-29,1,2026-06-29,440200.0,31
102552,Toyota,Innova,2024,35307,B (Good),Mumbai,1236000.0,1282600.0,2026-07-26,1,2026-08-19,1221900.0,24
102553,Maruti Suzuki,Dzire,2022,36854,B (Good),Chennai,370400.0,374200.0,2026-07-04,1,2026-08-22,362500.0,49
102554,Hyundai,Creta,2020,76370,B (Good),Hyderabad,583300.0,624400.0,2026-06-20,1,2026-07-22,602200.0,32
102555,Tata,Tiago,2023,18651,C (Fair),Kolkata,308900.0,273800.0,2026-08-10,0,,,22
102556,Tata,Altroz,2024,18724,A (Excellent),Kolkata,526200.0,526400.0,2026-08-22,0,,,10
102557,Hyundai,Creta,2022,55120,A (Excellent),Delhi NCR,778200.0,705400.0,2026-05-12,1,2026-06-14,666500.0,33
102558,Toyota,Innova,2022,33879,B (Good),Pune,1025100.0,981100.0,2026-07-23,1,2026-08-14,960700.0,22
102559,Maruti Suzuki,Dzire,2023,43565,B (Good),Bengaluru,404200.0,344600.0,2026-06-30,1,2026-07-13,335600.0,13
102560,Hyundai,Creta,2017,94582,B (Good),Bengaluru,430900.0,391400.0,2026-05-23,1,2026-06-05,369100.0,13
102561,Kia,Carens,2024,31591,B (Good),Ahmedabad,814300.0,691300.0,2026-05-23,1,2026-06-10,656800.0,18
102562,Toyota,Fortuner,2022,41973,C (Fair),Delhi NCR,1658200.0,1434800.0,2026-07-22,1,2026-08-07,1409900.0,16
102563,Mahindra,XUV300,2023,33394,B (Good),Pune,563500.0,530500.0,2026-08-07,1,2026-08-25,523300.0,18
102564,Maruti Suzuki,Swift,2024,26882,A (Excellent),Bengaluru,462900.0,410600.0,2026-08-07,1,2026-08-22,395300.0,15
102565,Maruti Suzuki,WagonR,2023,42438,A (Excellent),Chennai,339100.0,332500.0,2026-05-16,1,2026-06-16,322600.0,31
102566,Maruti Suzuki,Dzire,2023,28039,B (Good),Pune,410800.0,410000.0,2026-06-18,1,2026-07-04,386500.0,16
102567,Toyota,Innova,2019,81197,A (Excellent),Ahmedabad,793400.0,686900.0,2026-05-25,1,2026-06-11,677800.0,17
102568,Mahindra,XUV300,2024,20630,B (Good),Ahmedabad,627400.0,665500.0,2026-06-13,1,2026-07-20,629300.0,37
102569,Maruti Suzuki,Ertiga,2024,29122,A (Excellent),Bengaluru,629800.0,709900.0,2026-05-21,1,2026-06-29,667400.0,39
102570,Maruti Suzuki,Dzire,2024,26701,C (Fair),Mumbai,406900.0,481800.0,2026-05-13,1,2026-06-19,470400.0,37
102571,Hyundai,Venue,2021,65146,B (Good),Delhi NCR,423100.0,388600.0,2026-08-18,0,,,14
102572,Toyota,Fortuner,2024,20845,A (Excellent),Mumbai,2455800.0,2375500.0,2026-08-26,0,,,6
102573,Hyundai,Creta,2018,89298,A (Excellent),Kolkata,514400.0,507900.0,2026-06-06,1,2026-07-18,498800.0,42
102574,Tata,Tiago,2021,59475,A (Excellent),Delhi NCR,294200.0,299400.0,2026-05-07,1,2026-06-06,284800.0,30
102575,Maruti Suzuki,Swift,2019,85176,C (Fair),Kolkata,226300.0,248700.0,2026-05-29,1,2026-07-07,239900.0,39
102576,Tata,Harrier,2019,85509,C (Fair),Mumbai,596400.0,593100.0,2026-08-31,0,,,1
102577,Hyundai,Grand i10,2022,60167,A (Excellent),Hyderabad,323100.0,300200.0,2026-07-04,1,2026-08-03,296400.0,30
102578,Kia,Seltos,2023,27965,B (Good),Bengaluru,814600.0,726300.0,2026-07-03,1,2026-07-25,711600.0,22
102579,Hyundai,Verna,2023,41886,C (Fair),Hyderabad,597000.0,719800.0,2026-06-18,1,2026-07-28,681400.0,40
102580,Hyundai,Creta,2023,30570,C (Fair),Bengaluru,731200.0,750100.0,2026-06-28,1,2026-07-18,713700.0,20
102581,Maruti Suzuki,Baleno,2022,37198,C (Fair),Pune,344800.0,310500.0,2026-05-13,1,2026-06-10,302300.0,28
102582,Mahindra,XUV700,2021,54621,A (Excellent),Ahmedabad,1016600.0,889600.0,2026-08-28,0,,,4
102583,Tata,Harrier,2024,29217,C (Fair),Mumbai,1014500.0,830900.0,2026-06-15,1,2026-06-25,800600.0,10
102584,Kia,Carens,2020,76195,A (Excellent),Chennai,575300.0,554000.0,2026-07-29,1,2026-08-24,520900.0,26
102585,Maruti Suzuki,Ertiga,2021,43746,A (Excellent),Mumbai,467400.0,488900.0,2026-08-07,0,,,25
102586,Hyundai,Verna,2023,44949,A (Excellent),Ahmedabad,714100.0,764400.0,2026-08-05,0,,,27
102587,Toyota,Glanza,2020,71270,A (Excellent),Mumbai,358000.0,414100.0,2026-05-26,1,2026-06-28,392100.0,33
102588,Honda,Amaze,2020,78530,A (Excellent),Pune,327900.0,347800.0,2026-08-23,0,,,9
102589,Maruti Suzuki,Swift,2020,64307,A (Excellent),Kolkata,305200.0,301500.0,2026-08-22,0,,,10
102590,Maruti Suzuki,Ertiga,2017,125101,C (Fair),Pune,244400.0,256700.0,2026-06-08,1,2026-07-19,249100.0,41
102591,Kia,Carens,2022,45750,B (Good),Ahmedabad,664400.0,634600.0,2026-07-28,1,2026-08-30,618000.0,33
102592,Maruti Suzuki,Dzire,2020,75830,A (Excellent),Chennai,317900.0,323100.0,2026-08-23,0,,,9
102593,Maruti Suzuki,Dzire,2023,46197,A (Excellent),Ahmedabad,435400.0,515200.0,2026-07-17,1,2026-08-29,505000.0,43
102594,Toyota,Glanza,2023,40656,B (Good),Kolkata,454400.0,478000.0,2026-07-13,1,2026-08-29,463400.0,47
102595,Maruti Suzuki,Baleno,2020,75026,C (Fair),Hyderabad,274300.0,251200.0,2026-08-28,0,,,4
102596,Mahindra,Bolero,2024,21655,B (Good),Mumbai,548400.0,491200.0,2026-05-22,1,2026-06-23,466500.0,32
102597,Hyundai,Creta,2022,46738,A (Excellent),Pune,785100.0,893800.0,2026-07-13,1,2026-08-13,882700.0,31
102598,Mahindra,Bolero,2022,44161,B (Good),Ahmedabad,443700.0,499800.0,2026-06-15,1,2026-07-26,470600.0,41
102599,Hyundai,Creta,2023,42511,A (Excellent),Pune,866600.0,836000.0,2026-05-13,1,2026-05-31,809500.0,18
102600,Mahindra,XUV700,2024,14229,B (Good),Kolkata,1302500.0,1415800.0,2026-06-19,1,2026-07-29,1359300.0,40
102601,Maruti Suzuki,WagonR,2022,44204,B (Good),Chennai,285200.0,261900.0,2026-08-01,1,2026-08-22,250100.0,21
102602,Tata,Punch,2020,74224,A (Excellent),Mumbai,329400.0,327200.0,2026-07-03,1,2026-07-29,315700.0,26
102603,Honda,Amaze,2020,74432,B (Good),Chennai,305000.0,325700.0,2026-06-08,1,2026-07-14,322300.0,36
102604,Mahindra,Scorpio,2021,71996,C (Fair),Bengaluru,630000.0,604800.0,2026-06-25,1,2026-07-29,577900.0,34
102605,Honda,Jazz,2023,31681,B (Good),Mumbai,437500.0,463900.0,2026-08-08,0,,,24
102606,Honda,WR-V,2016,118002,A (Excellent),Hyderabad,279800.0,275700.0,2026-08-05,0,,,27
102607,Honda,City,2021,52879,B (Good),Kolkata,514400.0,609900.0,2026-07-23,0,,,40
102608,Hyundai,i20,2018,84625,A (Excellent),Bengaluru,278700.0,287500.0,2026-05-09,1,2026-05-28,274200.0,19
102609,Tata,Nexon,2017,122707,B (Good),Mumbai,308600.0,255600.0,2026-06-20,1,2026-07-01,249200.0,11
102610,Maruti Suzuki,Swift,2024,10084,C (Fair),Hyderabad,392400.0,442500.0,2026-08-29,0,,,3
102611,Maruti Suzuki,Swift,2024,13422,A (Excellent),Mumbai,469300.0,532700.0,2026-06-04,1,2026-07-04,523700.0,30
102612,Maruti Suzuki,Baleno,2022,45303,B (Good),Delhi NCR,379900.0,375800.0,2026-06-15,1,2026-07-17,364300.0,32
102613,Maruti Suzuki,Baleno,2019,92101,C (Fair),Delhi NCR,245000.0,252000.0,2026-08-02,0,,,30
102614,Maruti Suzuki,Ertiga,2024,25394,B (Good),Ahmedabad,585300.0,573300.0,2026-08-02,0,,,30
102615,Mahindra,XUV300,2020,85051,B (Good),Chennai,402000.0,405600.0,2026-05-10,1,2026-06-24,401000.0,45
102616,Honda,Jazz,2019,81522,A (Excellent),Delhi NCR,307300.0,293100.0,2026-05-07,1,2026-05-19,280000.0,12
102617,Toyota,Fortuner,2019,97215,A (Excellent),Delhi NCR,1413000.0,1336900.0,2026-07-14,1,2026-08-02,1317600.0,19
102618,Toyota,Glanza,2017,104448,A (Excellent),Chennai,260200.0,264000.0,2026-08-25,0,,,7
102619,Maruti Suzuki,WagonR,2024,30217,C (Fair),Delhi NCR,314500.0,339900.0,2026-05-14,1,2026-06-16,329500.0,33
102620,Toyota,Glanza,2019,82231,A (Excellent),Kolkata,322000.0,265500.0,2026-07-29,1,2026-08-30,259600.0,32
102621,Maruti Suzuki,Ertiga,2021,48573,B (Good),Bengaluru,430600.0,413600.0,2026-08-28,0,,,4
102622,Tata,Nexon,2023,28626,B (Good),Pune,601700.0,635000.0,2026-07-03,1,2026-08-07,611900.0,35
102623,Hyundai,Grand i10,2016,118798,A (Excellent),Pune,172000.0,169700.0,2026-07-28,1,2026-08-31,160900.0,34
102624,Honda,Jazz,2024,25834,B (Good),Bengaluru,483700.0,474200.0,2026-08-02,0,,,30
102625,Hyundai,i20,2021,65777,A (Excellent),Ahmedabad,377500.0,321400.0,2026-06-19,1,2026-07-12,309300.0,23
102626,Tata,Harrier,2023,35238,B (Good),Hyderabad,1019400.0,900400.0,2026-07-29,1,2026-08-21,883300.0,23
102627,Maruti Suzuki,WagonR,2019,87613,A (Excellent),Pune,221600.0,224600.0,2026-08-13,0,,,19
102628,Tata,Punch,2019,77600,B (Good),Pune,276600.0,231600.0,2026-08-13,1,2026-08-28,218700.0,15
102629,Tata,Nexon,2021,70635,A (Excellent),Hyderabad,514800.0,519200.0,2026-07-01,1,2026-07-29,513100.0,28
102630,Maruti Suzuki,Ertiga,2023,17327,B (Good),Mumbai,537100.0,571100.0,2026-05-05,1,2026-06-04,556300.0,30
102631,Tata,Punch,2018,96370,B (Good),Bengaluru,246600.0,254600.0,2026-05-29,1,2026-06-26,248800.0,28
102632,Hyundai,Grand i10,2016,120658,A (Excellent),Delhi NCR,171700.0,156400.0,2026-07-04,1,2026-07-25,151900.0,21
102633,Hyundai,Verna,2021,57388,B (Good),Kolkata,540400.0,494000.0,2026-06-19,1,2026-07-19,485400.0,30
102634,Maruti Suzuki,Dzire,2017,117362,B (Good),Pune,211800.0,181300.0,2026-08-31,0,,,1
102635,Maruti Suzuki,Baleno,2022,54646,C (Fair),Chennai,338500.0,349800.0,2026-08-04,0,,,28
102636,Tata,Harrier,2020,75990,B (Good),Ahmedabad,735800.0,703500.0,2026-07-14,1,2026-08-19,686600.0,36
102637,Honda,Amaze,2019,81385,C (Fair),Bengaluru,247900.0,266600.0,2026-06-02,1,2026-07-02,251000.0,30
102638,Honda,Amaze,2022,59693,A (Excellent),Ahmedabad,404100.0,369400.0,2026-08-19,0,,,13
102639,Hyundai,Creta,2024,25882,A (Excellent),Ahmedabad,968900.0,968300.0,2026-07-19,1,2026-08-27,942200.0,39
102640,Hyundai,Verna,2023,26599,B (Good),Mumbai,673900.0,595200.0,2026-07-13,1,2026-08-02,589100.0,20
102641,Maruti Suzuki,Ertiga,2024,39453,B (Good),Delhi NCR,576900.0,633100.0,2026-05-06,1,2026-05-28,595200.0,22
102642,Tata,Punch,2021,59666,B (Good),Bengaluru,340500.0,286700.0,2026-06-01,1,2026-06-12,283000.0,11
102643,Kia,Seltos,2019,92071,B (Good),Hyderabad,521800.0,557500.0,2026-08-30,0,,,2
102644,Hyundai,Creta,2023,50313,B (Good),Bengaluru,795900.0,763500.0,2026-05-08,1,2026-05-29,748200.0,21
102645,Kia,Sonet,2022,57354,A (Excellent),Delhi NCR,540100.0,499900.0,2026-05-21,1,2026-06-05,472000.0,15
102646,Hyundai,Creta,2020,83310,B (Good),Hyderabad,578900.0,452400.0,2026-06-15,1,2026-07-03,447400.0,18
102647,Maruti Suzuki,Baleno,2019,82041,A (Excellent),Mumbai,297300.0,300800.0,2026-06-26,1,2026-07-29,282800.0,33
102648,Kia,Seltos,2023,40624,B (Good),Bengaluru,804000.0,755700.0,2026-07-05,1,2026-07-27,713500.0,22
102649,Toyota,Glanza,2020,76212,B (Good),Hyderabad,329700.0,306800.0,2026-05-27,1,2026-06-12,294900.0,16
102650,Hyundai,Grand i10,2016,121025,A (Excellent),Hyderabad,171600.0,186500.0,2026-07-21,1,2026-08-20,183300.0,30
102651,Maruti Suzuki,Ertiga,2016,113102,C (Fair),Pune,225400.0,225400.0,2026-08-06,0,,,26
102652,Honda,WR-V,2020,78575,C (Fair),Ahmedabad,355200.0,371400.0,2026-05-05,1,2026-06-16,359300.0,42
102653,Hyundai,i20,2019,102710,A (Excellent),Chennai,300200.0,297900.0,2026-05-24,1,2026-06-23,284900.0,30
102654,Hyundai,Creta,2023,31545,C (Fair),Pune,730400.0,722700.0,2026-06-19,1,2026-07-07,698800.0,18
102655,Maruti Suzuki,WagonR,2024,23075,B (Good),Delhi NCR,352000.0,368900.0,2026-06-05,1,2026-07-03,363400.0,28
102656,Maruti Suzuki,Swift,2021,70836,B (Good),Ahmedabad,308400.0,361500.0,2026-07-22,1,2026-08-29,349200.0,38
102657,Mahindra,Bolero,2016,113066,B (Good),Bengaluru,233800.0,196000.0,2026-08-25,0,,,7
102658,Kia,Sonet,2024,24278,C (Fair),Hyderabad,562600.0,549000.0,2026-07-27,1,2026-08-19,532400.0,23
102659,Kia,Seltos,2016,126776,C (Fair),Chennai,340300.0,331200.0,2026-07-17,1,2026-08-23,314500.0,37
102660,Kia,Carens,2024,26559,B (Good),Mumbai,818500.0,894500.0,2026-05-24,1,2026-06-18,844900.0,25
102661,Hyundai,Grand i10,2021,45339,B (Good),Kolkata,276500.0,275500.0,2026-07-19,1,2026-08-14,264600.0,26
102662,Toyota,Glanza,2022,57113,A (Excellent),Hyderabad,438900.0,426800.0,2026-08-06,0,,,26
102663,Mahindra,XUV700,2021,59622,A (Excellent),Ahmedabad,1011200.0,1194000.0,2026-06-19,1,2026-08-04,1140900.0,46
102664,Hyundai,Creta,2019,81318,A (Excellent),Chennai,570200.0,592600.0,2026-05-26,1,2026-06-28,562800.0,33
102665,Maruti Suzuki,Dzire,2019,76978,B (Good),Bengaluru,267500.0,287300.0,2026-07-17,1,2026-08-06,279100.0,20
102666,Tata,Tiago,2018,104380,C (Fair),Pune,175900.0,166600.0,2026-05-07,1,2026-05-31,159600.0,24
102667,Tata,Harrier,2016,115400,B (Good),Mumbai,483000.0,498400.0,2026-05-10,1,2026-06-10,474200.0,31
102668,Honda,WR-V,2020,55677,A (Excellent),Mumbai,436800.0,488000.0,2026-06-04,1,2026-07-07,459400.0,33
102669,Honda,Amaze,2022,49930,A (Excellent),Kolkata,408300.0,387900.0,2026-08-25,0,,,7
102670,Mahindra,XUV300,2018,119135,A (Excellent),Bengaluru,346100.0,364400.0,2026-06-12,1,2026-07-07,351800.0,25
102671,Kia,Carens,2022,52795,A (Excellent),Mumbai,712300.0,711900.0,2026-07-20,1,2026-08-22,688500.0,33
102672,Maruti Suzuki,WagonR,2019,96409,C (Fair),Kolkata,182900.0,195500.0,2026-07-17,0,,,46
102673,Maruti Suzuki,Dzire,2018,97222,B (Good),Mumbai,238100.0,261900.0,2026-05-16,1,2026-06-20,249800.0,35
102674,Maruti Suzuki,WagonR,2018,97228,B (Good),Mumbai,184700.0,175200.0,2026-08-24,0,,,8
102675,Maruti Suzuki,WagonR,2023,32771,A (Excellent),Mumbai,342600.0,394200.0,2026-06-05,1,2026-07-15,384900.0,40
102676,Kia,Carens,2019,81536,B (Good),Delhi NCR,481900.0,452100.0,2026-06-15,1,2026-06-28,439000.0,13
102677,Hyundai,i20,2024,23881,B (Good),Ahmedabad,484600.0,602600.0,2026-07-20,0,,,43
102678,Honda,City,2024,25269,B (Good),Delhi NCR,702500.0,753200.0,2026-07-14,1,2026-08-14,737500.0,31
102679,Honda,Jazz,2020,64415,A (Excellent),Ahmedabad,344000.0,383000.0,2026-06-04,1,2026-07-25,361200.0,51
102680,Toyota,Innova,2024,29645,B (Good),Kolkata,1243300.0,1287200.0,2026-05-17,1,2026-06-30,1257100.0,44
102681,Maruti Suzuki,Ertiga,2018,100558,B (Good),Mumbai,306800.0,302900.0,2026-08-03,1,2026-08-30,292500.0,27
102682,Toyota,Innova,2023,32695,B (Good),Mumbai,1127800.0,1030700.0,2026-05-30,1,2026-06-23,991900.0,24
102683,Hyundai,Grand i10,2023,28662,B (Good),Mumbai,339800.0,354200.0,2026-05-23,1,2026-06-18,344200.0,26
102684,Toyota,Fortuner,2022,40254,A (Excellent),Kolkata,1993400.0,2182100.0,2026-06-24,1,2026-07-28,2134700.0,34
102685,Tata,Altroz,2023,26738,C (Fair),Pune,395800.0,376300.0,2026-06-16,1,2026-07-12,363500.0,26
102686,Maruti Suzuki,WagonR,2024,23441,A (Excellent),Ahmedabad,380100.0,310500.0,2026-06-10,1,2026-07-07,291900.0,27
102687,Hyundai,i20,2017,105204,A (Excellent),Chennai,247900.0,221600.0,2026-07-20,1,2026-08-16,219200.0,27
102688,Maruti Suzuki,Baleno,2020,83711,B (Good),Ahmedabad,301900.0,272500.0,2026-07-29,1,2026-08-27,259900.0,29
102689,Tata,Tiago,2018,111990,B (Good),Hyderabad,193800.0,179800.0,2026-07-06,1,2026-07-27,172600.0,21
102690,Toyota,Innova,2023,31430,B (Good),Pune,1129300.0,886700.0,2026-07-22,1,2026-08-10,840800.0,19
102691,Maruti Suzuki,Swift,2019,96433,B (Good),Bengaluru,248300.0,279600.0,2026-08-22,0,,,10
102692,Honda,Jazz,2021,51846,C (Fair),Mumbai,319300.0,350100.0,2026-08-17,0,,,15
102693,Honda,WR-V,2024,14142,B (Good),Pune,615800.0,676500.0,2026-05-23,1,2026-06-20,641700.0,28
102694,Tata,Harrier,2019,88601,B (Good),Pune,660400.0,689400.0,2026-08-04,1,2026-08-28,666000.0,24
102695,Hyundai,Verna,2020,75969,B (Good),Delhi NCR,482100.0,497300.0,2026-08-03,1,2026-08-30,482300.0,27
102696,Mahindra,XUV700,2021,63653,C (Fair),Delhi NCR,839100.0,932300.0,2026-05-15,1,2026-06-11,919800.0,27
102697,Maruti Suzuki,Swift,2022,43892,B (Good),Mumbai,348700.0,326200.0,2026-06-28,1,2026-07-23,318500.0,25
102698,Tata,Punch,2023,40386,B (Good),Pune,419600.0,452700.0,2026-08-04,0,,,28
102699,Hyundai,Venue,2017,110276,B (Good),Bengaluru,276100.0,256200.0,2026-06-09,1,2026-07-01,242600.0,22
102700,Honda,City,2024,26022,B (Good),Hyderabad,702000.0,802900.0,2026-06-25,1,2026-08-05,762600.0,41
102701,Maruti Suzuki,Baleno,2016,113038,A (Excellent),Delhi NCR,216400.0,232900.0,2026-08-06,0,,,26
102702,Hyundai,Venue,2022,52233,B (Good),Ahmedabad,471400.0,478600.0,2026-06-28,1,2026-07-14,471200.0,16
102703,Honda,Jazz,2016,119397,B (Good),Delhi NCR,205600.0,198100.0,2026-05-05,1,2026-05-27,186600.0,22
102704,Hyundai,Creta,2020,55505,A (Excellent),Ahmedabad,644200.0,718100.0,2026-06-19,1,2026-07-25,704200.0,36
102705,Tata,Harrier,2021,53265,B (Good),Ahmedabad,828400.0,636700.0,2026-08-20,0,,,12
102706,Hyundai,Verna,2024,33651,B (Good),Mumbai,735200.0,762500.0,2026-06-17,1,2026-07-19,752000.0,32
102707,Honda,City,2024,15136,C (Fair),Mumbai,638800.0,647800.0,2026-06-22,1,2026-07-09,620700.0,17
102708,Honda,WR-V,2023,30094,B (Good),Hyderabad,551300.0,562400.0,2026-08-18,0,,,14
102709,Tata,Punch,2020,72741,A (Excellent),Chennai,330000.0,341700.0,2026-07-23,1,2026-08-22,326200.0,30
102710,Hyundai,Grand i10,2020,74109,A (Excellent),Ahmedabad,263600.0,273600.0,2026-08-14,0,,,18
102711,Kia,Sonet,2020,65309,A (Excellent),Delhi NCR,443500.0,381200.0,2026-05-10,1,2026-05-30,366000.0,20
102712,Tata,Nexon,2024,22371,B (Good),Mumbai,665500.0,735800.0,2026-07-17,1,2026-08-21,696400.0,35
102713,Mahindra,Scorpio,2021,66288,B (Good),Kolkata,704300.0,708500.0,2026-05-24,1,2026-06-12,669000.0,19
102714,Tata,Nexon,2022,58121,B (Good),Kolkata,530900.0,605900.0,2026-06-16,1,2026-08-03,599000.0,48
102715,Mahindra,Scorpio,2022,42770,B (Good),Chennai,793500.0,768000.0,2026-08-17,0,,,15
102716,Tata,Altroz,2023,45143,B (Good),Ahmedabad,431400.0,437000.0,2026-05-29,1,2026-07-11,421700.0,43
102717,Maruti Suzuki,Baleno,2019,82417,B (Good),Delhi NCR,275100.0,303200.0,2026-06-05,1,2026-06-29,298800.0,24
102718,Hyundai,Grand i10,2021,58744,B (Good),Kolkata,272600.0,276100.0,2026-06-17,1,2026-07-22,271700.0,35
102719,Toyota,Innova,2022,37287,A (Excellent),Mumbai,1103200.0,1056000.0,2026-05-23,1,2026-06-06,1009900.0,14
102720,Mahindra,XUV300,2021,75295,A (Excellent),Hyderabad,482100.0,482500.0,2026-07-18,1,2026-08-25,467300.0,38
102721,Tata,Tiago,2018,113954,A (Excellent),Pune,208900.0,224200.0,2026-06-16,1,2026-07-09,218200.0,23
102722,Honda,Jazz,2017,107136,B (Good),Ahmedabad,229100.0,232000.0,2026-06-07,1,2026-06-29,220600.0,22
102723,Maruti Suzuki,Dzire,2020,64285,C (Fair),Hyderabad,268200.0,291500.0,2026-07-23,1,2026-08-20,283400.0,28
102724,Honda,City,2018,103201,B (Good),Ahmedabad,367000.0,318300.0,2026-05-23,1,2026-06-11,310000.0,19
102725,Hyundai,Venue,2019,77044,B (Good),Kolkata,345900.0,331100.0,2026-05-24,1,2026-06-28,312800.0,35
102726,Hyundai,Venue,2021,55789,A (Excellent),Pune,461500.0,480600.0,2026-06-17,1,2026-07-14,467700.0,27
102727,Kia,Carens,2022,44473,A (Excellent),Delhi NCR,718600.0,716600.0,2026-05-30,1,2026-06-23,691600.0,24
102728,Honda,Amaze,2017,113935,C (Fair),Bengaluru,198000.0,188700.0,2026-08-19,0,,,13
102729,Toyota,Innova,2024,28726,B (Good),Delhi NCR,1244500.0,1038700.0,2026-07-26,1,2026-07-31,1021900.0,5
102730,Tata,Tiago,2022,41726,C (Fair),Delhi NCR,274500.0,211600.0,2026-06-14,1,2026-06-25,203000.0,11
102731,Kia,Carens,2023,31615,C (Fair),Hyderabad,666900.0,511400.0,2026-06-13,1,2026-06-22,482100.0,9
102732,Honda,City,2022,58275,C (Fair),Pune,505800.0,551000.0,2026-08-11,0,,,21
102733,Tata,Nexon,2022,33429,A (Excellent),Ahmedabad,588400.0,503500.0,2026-08-16,0,,,16
102734,Honda,City,2024,36951,C (Fair),Hyderabad,624700.0,655800.0,2026-06-19,1,2026-07-31,647200.0,42
102735,Tata,Altroz,2022,42981,B (Good),Ahmedabad,393500.0,392500.0,2026-07-12,1,2026-08-06,381800.0,25
102736,Mahindra,XUV300,2022,38147,B (Good),Ahmedabad,510300.0,492000.0,2026-06-21,1,2026-08-01,486300.0,41
102737,Tata,Harrier,2017,104808,A (Excellent),Mumbai,580100.0,591200.0,2026-06-19,1,2026-07-17,567000.0,28
102738,Honda,Jazz,2024,22191,B (Good),Delhi NCR,485500.0,429900.0,2026-05-06,1,2026-05-22,410400.0,16
102739,Maruti Suzuki,Baleno,2020,83855,A (Excellent),Chennai,326000.0,307600.0,2026-07-02,1,2026-07-30,301100.0,28
102740,Honda,City,2022,56534,C (Fair),Hyderabad,506800.0,500200.0,2026-08-12,0,,,20
102741,Maruti Suzuki,Baleno,2022,43636,B (Good),Kolkata,380500.0,371800.0,2026-06-01,1,2026-07-03,365000.0,32
102742,Tata,Altroz,2024,16360,B (Good),Pune,488400.0,406800.0,2026-06-22,1,2026-07-09,398500.0,17
102743,Maruti Suzuki,WagonR,2018,105152,B (Good),Bengaluru,183100.0,199300.0,2026-08-21,0,,,11
102744,Tata,Nexon,2019,76181,C (Fair),Kolkata,353200.0,349900.0,2026-07-17,1,2026-08-23,339700.0,37
102745,Maruti Suzuki,Ertiga,2024,27624,A (Excellent),Chennai,630700.0,712300.0,2026-06-20,1,2026-08-02,684500.0,43
102746,Maruti Suzuki,WagonR,2016,115106,A (Excellent),Ahmedabad,162000.0,165300.0,2026-06-23,1,2026-07-21,157800.0,28
102747,Maruti Suzuki,WagonR,2020,73283,C (Fair),Chennai,206100.0,234500.0,2026-05-31,1,2026-07-02,225100.0,32
102748,Maruti Suzuki,Swift,2024,26292,C (Fair),Bengaluru,386000.0,410300.0,2026-07-05,1,2026-07-28,391800.0,23
102749,Hyundai,Creta,2023,34343,C (Fair),Bengaluru,728300.0,768500.0,2026-07-24,1,2026-08-26,747900.0,33
102750,Toyota,Glanza,2021,52639,A (Excellent),Pune,401300.0,446000.0,2026-06-23,1,2026-07-26,437500.0,33
102751,Hyundai,Verna,2022,49760,C (Fair),Chennai,538800.0,405300.0,2026-08-05,1,2026-08-24,387100.0,19
102752,Maruti Suzuki,Swift,2022,38620,B (Good),Bengaluru,350600.0,374100.0,2026-05-05,1,2026-05-20,364200.0,15
102753,Kia,Sonet,2016,119823,A (Excellent),Pune,286400.0,322900.0,2026-06-14,1,2026-07-28,310800.0,44
102754,Honda,Amaze,2020,57817,B (Good),Mumbai,310400.0,336500.0,2026-06-24,1,2026-07-31,330500.0,37
102755,Tata,Altroz,2022,47422,A (Excellent),Chennai,423000.0,470400.0,2026-08-11,0,,,21
102756,Kia,Carens,2020,63073,B (Good),Delhi NCR,540200.0,541400.0,2026-07-15,1,2026-08-16,516300.0,32
102757,Hyundai,Grand i10,2016,120624,A (Excellent),Mumbai,171700.0,180000.0,2026-06-22,1,2026-07-17,171300.0,25
102758,Toyota,Innova,2019,86456,A (Excellent),Ahmedabad,788900.0,762100.0,2026-07-09,1,2026-08-14,723800.0,36
102759,Hyundai,i20,2022,53516,B (Good),Kolkata,389100.0,426100.0,2026-06-01,1,2026-07-07,417900.0,36
102760,Maruti Suzuki,Dzire,2019,84501,A (Excellent),Bengaluru,286600.0,298200.0,2026-06-18,1,2026-07-10,288900.0,22
102761,Hyundai,Venue,2020,75341,B (Good),Bengaluru,380800.0,351900.0,2026-06-30,1,2026-07-23,343200.0,23
102762,Honda,WR-V,2019,85127,A (Excellent),Bengaluru,385100.0,370600.0,2026-06-14,1,2026-07-09,348600.0,25
102763,Maruti Suzuki,Dzire,2024,30455,B (Good),Mumbai,450300.0,388800.0,2026-07-05,1,2026-07-17,382300.0,12
102764,Hyundai,Creta,2024,24657,A (Excellent),Pune,970100.0,800500.0,2026-08-13,1,2026-08-30,790300.0,17
102765,Maruti Suzuki,Swift,2021,57841,B (Good),Pune,312700.0,297600.0,2026-07-15,1,2026-08-18,284100.0,34
102766,Tata,Harrier,2024,28442,C (Fair),Ahmedabad,1015300.0,1040700.0,2026-08-24,0,,,8
102767,Hyundai,i20,2021,62510,B (Good),Bengaluru,350800.0,370200.0,2026-05-14,1,2026-06-15,365700.0,32
102768,Tata,Harrier,2020,73991,B (Good),Mumbai,737300.0,748500.0,2026-05-28,1,2026-06-21,733400.0,24
102769,Hyundai,i20,2019,89152,A (Excellent),Mumbai,304800.0,326100.0,2026-07-26,1,2026-08-13,312300.0,18
102770,Honda,Amaze,2023,42442,A (Excellent),Ahmedabad,452200.0,486700.0,2026-08-05,0,,,27
102771,Hyundai,Creta,2018,95125,A (Excellent),Hyderabad,511100.0,530300.0,2026-05-19,1,2026-06-18,505900.0,30
102772,Tata,Harrier,2022,49429,B (Good),Bengaluru,914000.0,822900.0,2026-05-21,1,2026-06-11,804400.0,21
102773,Maruti Suzuki,Dzire,2022,52712,B (Good),Hyderabad,364300.0,359900.0,2026-08-24,0,,,8
102774,Hyundai,Creta,2024,30484,B (Good),Bengaluru,892800.0,1051900.0,2026-06-15,1,2026-07-25,1022300.0,40
102775,Maruti Suzuki,Swift,2022,47993,C (Fair),Hyderabad,312500.0,338400.0,2026-06-05,1,2026-07-12,334800.0,37
102776,Hyundai,Venue,2019,82301,A (Excellent),Hyderabad,371500.0,287100.0,2026-05-12,1,2026-06-07,279400.0,26
102777,Toyota,Fortuner,2023,46104,B (Good),Pune,2015900.0,2211400.0,2026-07-07,1,2026-08-19,2120300.0,43
102778,Tata,Harrier,2021,75250,B (Good),Chennai,809200.0,647500.0,2026-08-23,0,,,9
102779,Hyundai,Grand i10,2017,102533,A (Excellent),Delhi NCR,192500.0,182700.0,2026-08-22,0,,,10
102780,Hyundai,Verna,2024,21463,B (Good),Chennai,744400.0,673300.0,2026-05-29,1,2026-06-29,656300.0,31
102781,Maruti Suzuki,Baleno,2018,105678,C (Fair),Kolkata,219600.0,191000.0,2026-05-16,1,2026-06-10,186800.0,25
102782,Honda,City,2020,73716,A (Excellent),Chennai,494400.0,477600.0,2026-05-31,1,2026-06-24,450800.0,24
102783,Tata,Nexon,2018,96927,B (Good),Chennai,349100.0,339500.0,2026-07-16,1,2026-08-17,335200.0,32
102784,Maruti Suzuki,Dzire,2020,76063,A (Excellent),Ahmedabad,317800.0,301500.0,2026-07-03,1,2026-08-02,283600.0,30
102785,Honda,City,2024,21625,B (Good),Pune,705100.0,686500.0,2026-08-29,0,,,3
102786,Tata,Altroz,2018,99681,B (Good),Delhi NCR,253800.0,276400.0,2026-06-06,1,2026-06-28,270600.0,22
102787,Mahindra,XUV700,2020,70833,A (Excellent),Ahmedabad,909300.0,989600.0,2026-08-22,0,,,10
102788,Kia,Sonet,2022,51547,C (Fair),Hyderabad,452900.0,481500.0,2026-05-05,1,2026-06-07,456000.0,33
102789,Hyundai,i20,2023,28083,B (Good),Pune,439100.0,414900.0,2026-05-16,1,2026-06-08,393700.0,23
102790,Maruti Suzuki,Swift,2020,64355,B (Good),Delhi NCR,282600.0,276600.0,2026-08-16,0,,,16
102791,Maruti Suzuki,Ertiga,2020,67856,A (Excellent),Chennai,414600.0,451900.0,2026-06-26,1,2026-08-04,435300.0,39
102792,Tata,Altroz,2022,49486,B (Good),Mumbai,390800.0,400000.0,2026-07-01,1,2026-08-05,376800.0,35
102793,Kia,Sonet,2022,44698,C (Fair),Delhi NCR,456100.0,441900.0,2026-08-24,0,,,8
102794,Tata,Tiago,2023,42328,A (Excellent),Pune,361800.0,376300.0,2026-07-03,1,2026-08-06,367500.0,34
102795,Hyundai,Grand i10,2024,22399,C (Fair),Pune,338200.0,285900.0,2026-05-25,1,2026-06-11,272600.0,17
102796,Honda,City,2016,109937,B (Good),Bengaluru,301700.0,331400.0,2026-08-03,1,2026-08-30,327300.0,27
102797,Honda,Amaze,2024,16831,C (Fair),Hyderabad,425200.0,409700.0,2026-05-21,1,2026-06-16,405000.0,26
102798,Kia,Sonet,2022,47544,C (Fair),Hyderabad,454800.0,398600.0,2026-05-12,1,2026-06-08,376100.0,27
102799,Hyundai,Venue,2019,87440,B (Good),Delhi NCR,342000.0,358000.0,2026-07-10,1,2026-08-05,346400.0,26
102800,Toyota,Fortuner,2017,98120,A (Excellent),Mumbai,1168900.0,1332300.0,2026-05-26,1,2026-06-25,1277800.0,30
102801,Honda,Amaze,2022,44790,B (Good),Chennai,380100.0,408200.0,2026-05-17,1,2026-06-26,398800.0,40
102802,Hyundai,Venue,2023,44845,B (Good),Delhi NCR,522000.0,502900.0,2026-06-16,1,2026-07-13,483300.0,27
102803,Maruti Suzuki,Baleno,2017,111509,B (Good),Hyderabad,220600.0,217500.0,2026-07-16,1,2026-08-14,204700.0,29
102804,Kia,Seltos,2023,34092,C (Fair),Hyderabad,728500.0,797000.0,2026-05-14,1,2026-06-16,771400.0,33
102805,Hyundai,Grand i10,2022,37452,A (Excellent),Kolkata,330900.0,358500.0,2026-06-08,1,2026-07-12,352200.0,34
102806,Tata,Altroz,2019,89731,B (Good),Delhi NCR,282000.0,294800.0,2026-08-21,0,,,11
102807,Honda,Amaze,2023,46882,B (Good),Mumbai,416700.0,453700.0,2026-08-15,0,,,17
102808,Honda,Amaze,2016,115084,C (Fair),Hyderabad,179900.0,195200.0,2026-06-10,1,2026-07-15,189400.0,35
102809,Hyundai,Creta,2020,72130,A (Excellent),Kolkata,632800.0,720200.0,2026-08-20,0,,,12
102810,Toyota,Innova,2021,41946,C (Fair),Kolkata,832500.0,848100.0,2026-06-01,1,2026-07-16,826800.0,45
102811,Mahindra,XUV300,2018,95352,B (Good),Ahmedabad,329100.0,320900.0,2026-05-22,1,2026-06-15,317200.0,24
102812,Honda,WR-V,2016,114732,A (Excellent),Chennai,280800.0,322200.0,2026-08-06,0,,,26
102813,Maruti Suzuki,WagonR,2021,55290,B (Good),Ahmedabad,256500.0,241900.0,2026-08-15,0,,,17
102814,Tata,Harrier,2018,102185,B (Good),Ahmedabad,592000.0,698600.0,2026-08-30,0,,,2
102815,Hyundai,Verna,2022,53818,B (Good),Delhi NCR,596100.0,572400.0,2026-07-21,1,2026-08-19,547800.0,29
102816,Kia,Carens,2019,98759,A (Excellent),Mumbai,510700.0,594600.0,2026-05-18,1,2026-06-13,565300.0,26
102817,Honda,WR-V,2024,11154,C (Fair),Hyderabad,555900.0,503800.0,2026-07-22,1,2026-08-25,479000.0,34
102818,Honda,City,2022,42631,B (Good),Kolkata,571400.0,564500.0,2026-07-07,1,2026-08-02,550900.0,26
102819,Toyota,Fortuner,2021,47799,A (Excellent),Delhi NCR,1799700.0,1815900.0,2026-06-23,1,2026-07-22,1736000.0,29
102820,Kia,Seltos,2019,79575,B (Good),Ahmedabad,529000.0,543300.0,2026-06-16,1,2026-08-03,528900.0,48
102821,Hyundai,Grand i10,2023,36491,B (Good),Pune,337000.0,316500.0,2026-05-12,1,2026-05-28,301400.0,16
102822,Tata,Harrier,2022,65571,B (Good),Hyderabad,898500.0,900800.0,2026-08-08,0,,,24
102823,Kia,Seltos,2021,62504,C (Fair),Pune,585500.0,603000.0,2026-05-21,1,2026-06-22,596800.0,32
102824,Maruti Suzuki,Dzire,2022,50038,A (Excellent),Ahmedabad,394600.0,455600.0,2026-07-26,0,,,37
102825,Tata,Punch,2024,2000,A (Excellent),Chennai,517900.0,531600.0,2026-06-10,1,2026-07-15,513400.0,35
102826,Mahindra,XUV300,2020,67227,B (Good),Ahmedabad,409800.0,389600.0,2026-06-16,1,2026-07-14,374700.0,28
102827,Mahindra,Bolero,2022,29401,B (Good),Mumbai,450600.0,443500.0,2026-05-29,1,2026-06-26,428400.0,28
102828,Maruti Suzuki,WagonR,2020,85795,A (Excellent),Kolkata,244000.0,248400.0,2026-06-14,1,2026-07-19,236300.0,35
102829,Maruti Suzuki,Swift,2020,76431,A (Excellent),Delhi NCR,301300.0,268000.0,2026-08-23,0,,,9
102830,Maruti Suzuki,Dzire,2021,57822,A (Excellent),Hyderabad,356200.0,360300.0,2026-05-06,1,2026-05-27,350900.0,21
102831,Hyundai,Creta,2020,63379,A (Excellent),Ahmedabad,638800.0,636400.0,2026-08-21,0,,,11
102832,Hyundai,i20,2019,91533,B (Good),Kolkata,281500.0,294900.0,2026-06-17,1,2026-08-02,281300.0,46
102833,Honda,Jazz,2021,48608,A (Excellent),Delhi NCR,384400.0,424300.0,2026-08-02,1,2026-08-28,413300.0,26
102834,Mahindra,XUV700,2020,65712,B (Good),Delhi NCR,846600.0,759700.0,2026-06-15,1,2026-06-28,715700.0,13
102835,Hyundai,i20,2016,128181,B (Good),Ahmedabad,203600.0,186800.0,2026-06-04,1,2026-07-03,177900.0,29
102836,Hyundai,Venue,2024,21569,C (Fair),Chennai,528900.0,542200.0,2026-07-21,1,2026-08-16,525600.0,26
102837,Maruti Suzuki,WagonR,2022,50963,A (Excellent),Mumbai,305900.0,369300.0,2026-07-14,1,2026-08-25,352500.0,42
102838,Mahindra,XUV300,2022,44992,B (Good),Bengaluru,506600.0,519100.0,2026-05-26,1,2026-06-15,492200.0,20
102839,Toyota,Innova,2024,17423,B (Good),Chennai,1259000.0,1139200.0,2026-05-16,1,2026-06-08,1103300.0,23
102840,Mahindra,Bolero,2022,56361,B (Good),Chennai,438000.0,431900.0,2026-08-19,0,,,13
102841,Maruti Suzuki,WagonR,2019,93006,A (Excellent),Chennai,220300.0,264700.0,2026-07-14,1,2026-08-27,253400.0,44
102842,Maruti Suzuki,Ertiga,2023,50381,C (Fair),Chennai,467100.0,465800.0,2026-07-01,1,2026-08-01,448000.0,31
102843,Mahindra,XUV300,2018,91190,C (Fair),Mumbai,297600.0,305600.0,2026-08-20,0,,,12
102844,Honda,Amaze,2022,29236,A (Excellent),Mumbai,417200.0,363700.0,2026-06-03,1,2026-06-22,351000.0,19
102845,Tata,Harrier,2021,54718,A (Excellent),Ahmedabad,893300.0,919200.0,2026-06-16,1,2026-07-22,902400.0,36
102846,Honda,Jazz,2018,97622,C (Fair),Chennai,229000.0,179100.0,2026-08-29,0,,,3
102847,Tata,Harrier,2019,77221,C (Fair),Pune,601800.0,687800.0,2026-07-28,0,,,35
102848,Maruti Suzuki,Ertiga,2020,69608,A (Excellent),Kolkata,413800.0,403000.0,2026-05-27,1,2026-07-01,394400.0,35
102849,Hyundai,Verna,2018,104059,A (Excellent),Kolkata,418000.0,480600.0,2026-08-16,0,,,16
102850,Maruti Suzuki,Dzire,2018,96066,B (Good),Pune,238400.0,250000.0,2026-06-09,1,2026-07-10,236800.0,31
102851,Honda,Jazz,2022,53420,A (Excellent),Bengaluru,420300.0,454800.0,2026-07-06,1,2026-08-10,442800.0,35
102852,Toyota,Innova,2021,59232,B (Good),Pune,908300.0,767800.0,2026-06-19,1,2026-07-11,738600.0,22
102853,Maruti Suzuki,Swift,2024,28112,A (Excellent),Pune,462300.0,367600.0,2026-05-06,1,2026-05-24,361400.0,18
102854,Hyundai,Creta,2024,25054,B (Good),Kolkata,897800.0,922600.0,2026-08-23,0,,,9
102855,Hyundai,Verna,2018,87606,B (Good),Mumbai,394200.0,349100.0,2026-08-19,0,,,13
102856,Hyundai,Grand i10,2024,14805,A (Excellent),Mumbai,409000.0,464100.0,2026-07-26,1,2026-08-29,449100.0,34
102857,Kia,Sonet,2017,107747,A (Excellent),Bengaluru,319000.0,351600.0,2026-06-05,1,2026-07-06,340500.0,31
102858,Honda,Amaze,2016,121605,B (Good),Bengaluru,198500.0,181500.0,2026-08-06,1,2026-08-26,174400.0,20
102859,Hyundai,Venue,2021,59544,A (Excellent),Mumbai,459700.0,463500.0,2026-05-21,1,2026-06-08,442800.0,18
102860,Mahindra,Scorpio,2017,112706,C (Fair),Hyderabad,413100.0,373700.0,2026-07-16,1,2026-08-16,352000.0,31
102861,Mahindra,XUV300,2024,30237,B (Good),Delhi NCR,621300.0,619500.0,2026-06-30,1,2026-07-23,598400.0,23
102862,Maruti Suzuki,Swift,2022,62314,C (Fair),Ahmedabad,307800.0,314100.0,2026-08-10,0,,,22
102863,Tata,Tiago,2021,56217,B (Good),Kolkata,273400.0,290200.0,2026-05-14,1,2026-06-27,275900.0,44
102864,Mahindra,XUV700,2024,25272,B (Good),Kolkata,1287900.0,1343100.0,2026-07-26,0,,,37
102865,Maruti Suzuki,Baleno,2022,43887,A (Excellent),Ahmedabad,410900.0,460200.0,2026-07-25,0,,,38
102866,Tata,Punch,2023,44832,A (Excellent),Mumbai,451000.0,463700.0,2026-07-31,1,2026-08-30,451000.0,30
102867,Honda,WR-V,2018,92147,B (Good),Bengaluru,322000.0,317900.0,2026-08-10,0,,,22
102868,Hyundai,Verna,2018,94324,B (Good),Kolkata,391300.0,423200.0,2026-05-14,1,2026-07-04,404900.0,51
102869,Tata,Punch,2020,69632,B (Good),Kolkata,306500.0,337900.0,2026-07-06,1,2026-08-22,320400.0,47
102870,Honda,WR-V,2021,72671,B (Good),Bengaluru,436500.0,384700.0,2026-05-18,1,2026-06-05,363600.0,18
102871,Kia,Sonet,2022,46590,A (Excellent),Mumbai,546300.0,462000.0,2026-05-17,1,2026-06-05,444500.0,19
102872,Mahindra,XUV300,2019,97075,B (Good),Ahmedabad,361000.0,380300.0,2026-07-06,1,2026-08-15,360500.0,40
102873,Hyundai,Grand i10,2021,54046,A (Excellent),Ahmedabad,295900.0,301300.0,2026-06-21,1,2026-08-06,288100.0,46
102874,Maruti Suzuki,Dzire,2024,8508,B (Good),Chennai,460500.0,464900.0,2026-07-24,1,2026-08-20,439100.0,27
102875,Kia,Sonet,2022,48354,A (Excellent),Mumbai,545300.0,553700.0,2026-05-14,1,2026-06-04,524200.0,21
102876,Hyundai,Creta,2019,85227,A (Excellent),Delhi NCR,567800.0,506500.0,2026-08-29,0,,,3
102877,Kia,Carens,2020,79526,B (Good),Delhi NCR,530800.0,531800.0,2026-06-18,1,2026-07-11,507800.0,23
102878,Toyota,Glanza,2023,45592,C (Fair),Delhi NCR,406900.0,364800.0,2026-05-24,1,2026-06-22,344400.0,29
102879,Maruti Suzuki,Baleno,2020,76107,B (Good),Kolkata,304400.0,305200.0,2026-07-22,1,2026-08-19,292100.0,28
102880,Tata,Nexon,2020,75379,A (Excellent),Chennai,466100.0,416600.0,2026-06-20,1,2026-07-07,401800.0,17
102881,Honda,Amaze,2023,23853,A (Excellent),Bengaluru,461000.0,489800.0,2026-08-18,0,,,14
102882,Honda,Amaze,2018,98418,A (Excellent),Kolkata,265700.0,253000.0,2026-08-30,0,,,2
102883,Toyota,Innova,2018,107672,A (Excellent),Hyderabad,701200.0,690100.0,2026-08-15,0,,,17
102884,Kia,Carens,2024,15330,C (Fair),Bengaluru,745200.0,692700.0,2026-05-16,1,2026-06-09,655500.0,24
102885,Maruti Suzuki,WagonR,2022,46456,C (Fair),Chennai,256100.0,315200.0,2026-08-20,0,,,12
102886,Tata,Nexon,2023,33570,A (Excellent),Kolkata,646500.0,690900.0,2026-05-22,1,2026-07-12,662900.0,51
102887,Tata,Altroz,2024,37704,C (Fair),Pune,430000.0,407500.0,2026-08-30,0,,,2
102888,Maruti Suzuki,Swift,2023,42830,C (Fair),Ahmedabad,345300.0,355200.0,2026-08-06,0,,,26
102889,Tata,Altroz,2021,55533,B (Good),Delhi NCR,353400.0,340400.0,2026-05-14,1,2026-06-10,328000.0,27
102890,Maruti Suzuki,WagonR,2022,44043,A (Excellent),Hyderabad,308100.0,286300.0,2026-08-28,0,,,4
102891,Mahindra,Bolero,2024,29761,A (Excellent),Bengaluru,587400.0,580400.0,2026-07-01,1,2026-07-20,545900.0,19
102892,Tata,Punch,2024,28831,A (Excellent),Kolkata,504000.0,604200.0,2026-08-15,0,,,17
102893,Tata,Tiago,2019,88216,B (Good),Chennai,218700.0,199700.0,2026-07-08,1,2026-08-03,192900.0,26
102894,Hyundai,Creta,2024,34276,B (Good),Hyderabad,889400.0,889400.0,2026-07-28,1,2026-08-30,846800.0,33
102895,Honda,Jazz,2020,75814,B (Good),Ahmedabad,314700.0,322100.0,2026-08-18,0,,,14
102896,Honda,Amaze,2016,119684,B (Good),Delhi NCR,198900.0,221500.0,2026-08-19,0,,,13
102897,Mahindra,Bolero,2024,26476,C (Fair),Chennai,491100.0,531500.0,2026-06-27,1,2026-08-08,506100.0,42
102898,Hyundai,i20,2022,57626,C (Fair),Chennai,348700.0,377200.0,2026-05-18,1,2026-06-27,362300.0,40
102899,Maruti Suzuki,Baleno,2022,44002,B (Good),Bengaluru,380400.0,319700.0,2026-06-03,1,2026-06-25,307300.0,22
102900,Honda,Jazz,2023,41205,C (Fair),Chennai,389900.0,404400.0,2026-05-06,1,2026-06-04,392800.0,29
102901,Kia,Carens,2020,70646,A (Excellent),Delhi NCR,578700.0,634400.0,2026-07-18,1,2026-08-25,614300.0,38
102902,Maruti Suzuki,Baleno,2021,51264,B (Good),Pune,343500.0,377300.0,2026-08-25,0,,,7
102903,Tata,Nexon,2024,30566,A (Excellent),Pune,712700.0,739100.0,2026-06-15,1,2026-07-15,714500.0,30
102904,Maruti Suzuki,Dzire,2023,21446,A (Excellent),Mumbai,446700.0,450200.0,2026-08-04,0,,,28
102905,Maruti Suzuki,Baleno,2023,37056,B (Good),Bengaluru,421000.0,418200.0,2026-07-28,1,2026-08-15,398900.0,18
102906,Maruti Suzuki,Swift,2024,20359,A (Excellent),Bengaluru,466000.0,480400.0,2026-06-20,1,2026-07-18,456700.0,28
102907,Honda,Amaze,2017,107469,B (Good),Ahmedabad,221600.0,214400.0,2026-08-21,0,,,11
102908,Maruti Suzuki,Dzire,2024,39085,A (Excellent),Ahmedabad,482000.0,402300.0,2026-06-06,1,2026-06-28,388500.0,22
102909,Maruti Suzuki,Baleno,2023,40372,A (Excellent),Chennai,453200.0,467700.0,2026-06-16,1,2026-07-24,442000.0,38
102910,Hyundai,Verna,2020,81808,B (Good),Chennai,479000.0,492000.0,2026-08-08,0,,,24
102911,Maruti Suzuki,Ertiga,2016,115367,B (Good),Kolkata,249900.0,238400.0,2026-07-12,1,2026-08-08,234700.0,27
102912,Tata,Altroz,2019,74205,B (Good),Pune,286800.0,287000.0,2026-06-16,1,2026-07-18,283400.0,32
102913,Hyundai,Grand i10,2020,79447,B (Good),Bengaluru,242600.0,225900.0,2026-08-13,0,,,19
102914,Tata,Tiago,2021,60687,B (Good),Pune,272100.0,262800.0,2026-07-22,1,2026-08-03,253500.0,12
102915,Hyundai,i20,2021,50402,C (Fair),Mumbai,319800.0,289700.0,2026-08-23,0,,,9
102916,Maruti Suzuki,WagonR,2023,44196,A (Excellent),Pune,338500.0,333700.0,2026-08-24,0,,,8
102917,Kia,Seltos,2024,25364,A (Excellent),Kolkata,969400.0,957400.0,2026-06-25,1,2026-07-21,921700.0,26
102918,Mahindra,XUV700,2022,46645,C (Fair),Pune,938800.0,889200.0,2026-08-13,0,,,19
102919,Maruti Suzuki,WagonR,2022,36754,A (Excellent),Hyderabad,310400.0,280500.0,2026-07-30,1,2026-08-19,276900.0,20
102920,Mahindra,Bolero,2023,16420,C (Fair),Ahmedabad,451600.0,447600.0,2026-07-15,1,2026-08-09,430500.0,25
102921,Maruti Suzuki,WagonR,2023,30997,B (Good),Hyderabad,317800.0,325600.0,2026-08-12,0,,,20
102922,Maruti Suzuki,Baleno,2023,58778,B (Good),Hyderabad,411500.0,426500.0,2026-07-03,1,2026-07-31,404900.0,28
102923,Honda,WR-V,2017,101109,A (Excellent),Kolkata,313400.0,300000.0,2026-05-11,1,2026-06-10,290600.0,30
102924,Tata,Harrier,2024,29041,C (Fair),Mumbai,1014700.0,962800.0,2026-08-28,0,,,4
102925,Maruti Suzuki,Ertiga,2020,71699,C (Fair),Hyderabad,344100.0,355200.0,2026-05-24,1,2026-06-23,341200.0,30
102926,Honda,WR-V,2021,55723,B (Good),Hyderabad,444500.0,468400.0,2026-07-30,0,,,33
102927,Mahindra,XUV700,2023,31950,B (Good),Chennai,1164000.0,1205300.0,2026-05-26,1,2026-06-26,1167600.0,31
102928,Tata,Harrier,2021,49050,C (Fair),Delhi NCR,748900.0,818000.0,2026-06-16,1,2026-07-07,772500.0,21
102929,Kia,Seltos,2023,42159,B (Good),Mumbai,802700.0,748800.0,2026-08-20,0,,,12
102930,Hyundai,i20,2019,87383,A (Excellent),Kolkata,305400.0,346600.0,2026-08-28,0,,,4
102931,Maruti Suzuki,Baleno,2023,46899,B (Good),Ahmedabad,416700.0,415200.0,2026-05-16,1,2026-06-23,408700.0,38
102932,Maruti Suzuki,WagonR,2017,119238,C (Fair),Kolkata,147600.0,160200.0,2026-06-19,1,2026-07-31,158200.0,42
102933,Kia,Seltos,2023,50966,B (Good),Pune,795300.0,826800.0,2026-05-25,1,2026-07-02,804300.0,38
102934,Hyundai,i20,2020,68284,C (Fair),Ahmedabad,285500.0,325900.0,2026-07-31,0,,,32
102935,Hyundai,i20,2022,43468,B (Good),Bengaluru,393300.0,410200.0,2026-05-09,1,2026-05-31,396500.0,22
102936,Tata,Nexon,2023,20313,B (Good),Bengaluru,606800.0,609000.0,2026-06-15,1,2026-07-11,574200.0,26
102937,Maruti Suzuki,WagonR,2020,65607,C (Fair),Kolkata,207800.0,230600.0,2026-05-28,1,2026-07-17,217900.0,50
102938,Tata,Tiago,2018,105580,C (Fair),Pune,175700.0,159800.0,2026-07-10,1,2026-08-11,151500.0,32
102939,Hyundai,Grand i10,2022,47983,A (Excellent),Chennai,327300.0,332300.0,2026-05-05,1,2026-06-01,328300.0,27
102940,Mahindra,Scorpio,2016,124247,C (Fair),Hyderabad,371000.0,433000.0,2026-05-24,1,2026-06-23,423800.0,30
102941,Toyota,Innova,2019,85439,B (Good),Mumbai,731200.0,738400.0,2026-08-10,0,,,22
102942,Honda,Jazz,2016,106257,C (Fair),Mumbai,187800.0,178200.0,2026-05-22,1,2026-06-10,171400.0,19
102943,Hyundai,Grand i10,2024,30602,B (Good),Hyderabad,372600.0,352300.0,2026-07-28,1,2026-08-14,342900.0,17
102944,Mahindra,Scorpio,2020,76902,A (Excellent),Hyderabad,684300.0,814400.0,2026-08-21,0,,,11
102945,Honda,Jazz,2017,108354,B (Good),Kolkata,228800.0,191800.0,2026-05-05,1,2026-05-30,184200.0,25
102946,Maruti Suzuki,Dzire,2017,100121,C (Fair),Delhi NCR,194400.0,186700.0,2026-05-16,1,2026-06-03,182900.0,18
102947,Hyundai,Venue,2020,77154,B (Good),Mumbai,380100.0,360500.0,2026-08-01,1,2026-08-22,354000.0,21
102948,Honda,Jazz,2023,30918,B (Good),Kolkata,437800.0,386500.0,2026-07-18,1,2026-08-13,367600.0,26
102949,Tata,Tiago,2023,55131,A (Excellent),Delhi NCR,356900.0,401100.0,2026-06-15,1,2026-07-09,390500.0,24
102950,Honda,WR-V,2024,29389,B (Good),Pune,606300.0,519100.0,2026-05-16,1,2026-06-09,498200.0,24
102951,Tata,Punch,2022,54510,C (Fair),Bengaluru,338600.0,316600.0,2026-08-29,0,,,3
102952,Mahindra,Bolero,2024,12181,B (Good),Pune,553700.0,506700.0,2026-05-15,1,2026-05-26,482200.0,11
102953,Tata,Tiago,2022,40760,A (Excellent),Bengaluru,329800.0,350600.0,2026-07-19,1,2026-08-10,332500.0,22
102954,Tata,Altroz,2016,127182,B (Good),Delhi NCR,203800.0,192700.0,2026-06-07,1,2026-06-26,181700.0,19
102955,Honda,WR-V,2021,66406,C (Fair),Ahmedabad,395500.0,378200.0,2026-05-11,1,2026-06-08,365600.0,28
102956,Tata,Nexon,2020,80209,B (Good),Bengaluru,429300.0,389900.0,2026-05-07,1,2026-05-26,367700.0,19
102957,Hyundai,Grand i10,2020,67153,B (Good),Delhi NCR,245900.0,268200.0,2026-07-13,1,2026-08-13,256800.0,31
102958,Tata,Nexon,2022,40029,B (Good),Ahmedabad,541100.0,554000.0,2026-05-18,1,2026-06-17,537100.0,30
102959,Honda,City,2023,40102,C (Fair),Pune,566600.0,517800.0,2026-07-17,1,2026-08-06,488600.0,20
102960,Toyota,Fortuner,2021,65859,B (Good),Chennai,1634800.0,1826400.0,2026-05-19,1,2026-07-06,1787300.0,48
102961,Kia,Carens,2020,78011,B (Good),Pune,531600.0,485600.0,2026-08-10,0,,,22
102962,Maruti Suzuki,Swift,2021,56830,B (Good),Kolkata,313000.0,310500.0,2026-08-25,0,,,7
102963,Maruti Suzuki,Baleno,2021,63887,B (Good),Kolkata,338900.0,343400.0,2026-06-25,1,2026-07-22,330100.0,27
102964,Hyundai,Verna,2024,38772,A (Excellent),Chennai,789800.0,697200.0,2026-08-29,0,,,3
102965,Kia,Sonet,2023,36173,B (Good),Chennai,561900.0,596800.0,2026-07-05,1,2026-08-19,578000.0,45
102966,Tata,Harrier,2022,38894,A (Excellent),Hyderabad,998100.0,1063700.0,2026-05-18,1,2026-06-15,1016200.0,28
102967,Maruti Suzuki,Swift,2016,120923,A (Excellent),Kolkata,196600.0,205700.0,2026-07-21,1,2026-08-30,199100.0,40
102968,Honda,Amaze,2022,52277,A (Excellent),Chennai,407300.0,421100.0,2026-08-28,0,,,4
102969,Maruti Suzuki,Swift,2018,99789,C (Fair),Hyderabad,202600.0,201300.0,2026-08-23,0,,,9
102970,Maruti Suzuki,Baleno,2021,57422,B (Good),Ahmedabad,341300.0,370700.0,2026-08-19,0,,,13
102971,Maruti Suzuki,WagonR,2022,48740,A (Excellent),Kolkata,306600.0,314700.0,2026-08-17,0,,,15
102972,Kia,Carens,2017,112338,A (Excellent),Kolkata,416600.0,428600.0,2026-08-09,0,,,23
102973,Tata,Punch,2019,77715,A (Excellent),Pune,298700.0,243000.0,2026-07-16,1,2026-08-02,233900.0,17
102974,Toyota,Innova,2024,27977,C (Fair),Kolkata,1120900.0,918800.0,2026-08-08,0,,,24
102975,Hyundai,Creta,2021,77695,C (Fair),Chennai,576100.0,596700.0,2026-08-19,0,,,13
102976,Maruti Suzuki,WagonR,2017,110533,A (Excellent),Kolkata,178900.0,184800.0,2026-05-19,1,2026-07-01,181100.0,43
102977,Maruti Suzuki,Dzire,2016,110781,B (Good),Delhi NCR,194200.0,200400.0,2026-06-20,1,2026-07-25,193100.0,35
102978,Hyundai,Creta,2021,64245,B (Good),Hyderabad,649400.0,638700.0,2026-05-21,1,2026-06-09,628000.0,19
102979,Hyundai,Venue,2021,64724,C (Fair),Bengaluru,381000.0,377200.0,2026-06-28,1,2026-07-23,370600.0,25
102980,Hyundai,Grand i10,2019,83113,C (Fair),Chennai,197900.0,207800.0,2026-05-12,1,2026-06-22,199800.0,41
102981,Kia,Seltos,2024,23027,A (Excellent),Chennai,971700.0,852500.0,2026-07-04,1,2026-07-26,834800.0,22
102982,Mahindra,XUV300,2022,31685,C (Fair),Ahmedabad,462300.0,488600.0,2026-08-23,0,,,9
102983,Hyundai,Verna,2018,108095,B (Good),Delhi NCR,385300.0,355300.0,2026-08-17,0,,,15
102984,Honda,Jazz,2023,35127,A (Excellent),Chennai,470800.0,385500.0,2026-08-06,1,2026-08-24,366500.0,18
102985,Maruti Suzuki,Baleno,2017,109652,B (Good),Ahmedabad,221100.0,224100.0,2026-06-14,1,2026-07-18,219900.0,34
102986,Maruti Suzuki,Ertiga,2022,50845,C (Fair),Kolkata,424900.0,456600.0,2026-07-20,1,2026-08-24,435400.0,35
102987,Honda,WR-V,2020,58348,B (Good),Chennai,403300.0,367300.0,2026-07-17,1,2026-08-01,351800.0,15
102988,Maruti Suzuki,Swift,2023,33433,B (Good),Kolkata,387400.0,377300.0,2026-08-21,0,,,11
102989,Toyota,Innova,2021,48823,A (Excellent),Ahmedabad,991900.0,1205400.0,2026-05-28,1,2026-07-06,1145800.0,39
102990,Hyundai,Verna,2016,116107,B (Good),Pune,316200.0,336400.0,2026-08-15,0,,,17
102991,Maruti Suzuki,Baleno,2016,127589,B (Good),Chennai,197100.0,180100.0,2026-06-17,1,2026-07-14,172900.0,27
102992,Tata,Tiago,2020,66528,B (Good),Chennai,246100.0,224900.0,2026-05-20,1,2026-06-01,221500.0,12
102993,Hyundai,Venue,2020,75259,B (Good),Delhi NCR,380900.0,367400.0,2026-06-02,1,2026-06-13,353100.0,11
102994,Maruti Suzuki,Swift,2021,59263,B (Good),Mumbai,312200.0,306200.0,2026-05-05,1,2026-05-19,299600.0,14
102995,Honda,Jazz,2021,56758,B (Good),Chennai,352900.0,353300.0,2026-08-26,0,,,6
102996,Hyundai,Venue,2021,64215,B (Good),Delhi NCR,423500.0,427400.0,2026-07-03,1,2026-07-25,417500.0,22
102997,Hyundai,Grand i10,2017,104390,C (Fair),Hyderabad,160100.0,164900.0,2026-08-12,0,,,20
102998,Honda,City,2024,29740,C (Fair),Delhi NCR,629400.0,573200.0,2026-06-17,1,2026-07-05,559700.0,18
102999,Tata,Harrier,2023,37678,B (Good),Mumbai,1016800.0,977200.0,2026-07-10,1,2026-07-19,944500.0,9
103000,Tata,Punch,2022,57894,A (Excellent),Mumbai,404800.0,461300.0,2026-08-21,0,,,11
103001,Tata,Harrier,2024,18202,A (Excellent),Ahmedabad,1231200.0,1152100.0,2026-06-19,1,2026-07-17,1129900.0,28
103002,Kia,Sonet,2019,77889,A (Excellent),Hyderabad,398100.0,379400.0,2026-07-31,1,2026-08-23,363500.0,23
103003,Tata,Altroz,2022,40669,A (Excellent),Mumbai,426000.0,438900.0,2026-05-10,1,2026-06-12,412900.0,33
103004,Maruti Suzuki,Ertiga,2020,70144,B (Good),Ahmedabad,383000.0,385400.0,2026-06-28,1,2026-07-23,367200.0,25
103005,Hyundai,i20,2022,37820,B (Good),Delhi NCR,395600.0,325800.0,2026-08-05,1,2026-08-09,314500.0,4
103006,Tata,Tiago,2021,64752,C (Fair),Hyderabad,243800.0,240400.0,2026-06-15,1,2026-07-18,234200.0,33
103007,Toyota,Fortuner,2021,73336,B (Good),Bengaluru,1621700.0,1646700.0,2026-06-04,1,2026-06-25,1571200.0,21
103008,Tata,Nexon,2021,51606,C (Fair),Pune,437800.0,420400.0,2026-06-04,1,2026-06-25,414100.0,21
103009,Hyundai,i20,2021,58728,A (Excellent),Kolkata,380300.0,346700.0,2026-06-16,1,2026-07-09,328200.0,23
103010,Mahindra,Bolero,2023,38665,B (Good),Delhi NCR,490400.0,563100.0,2026-05-12,1,2026-06-15,536000.0,34
103011,Hyundai,i20,2022,62317,B (Good),Mumbai,385500.0,306700.0,2026-08-23,1,2026-08-29,294600.0,6
103012,Tata,Altroz,2024,13461,B (Good),Mumbai,489800.0,485000.0,2026-05-05,1,2026-05-20,462500.0,15
103013,Tata,Altroz,2020,73031,A (Excellent),Chennai,340900.0,310000.0,2026-07-15,1,2026-08-14,304500.0,30
103014,Honda,WR-V,2020,77422,A (Excellent),Ahmedabad,426800.0,437000.0,2026-06-11,1,2026-07-08,413900.0,27
103015,Hyundai,Creta,2016,121638,A (Excellent),Kolkata,410800.0,426300.0,2026-08-31,0,,,1
103016,Tata,Harrier,2022,49606,B (Good),Bengaluru,913900.0,835900.0,2026-07-11,1,2026-07-28,808800.0,17
103017,Toyota,Glanza,2016,110122,A (Excellent),Bengaluru,235200.0,240100.0,2026-05-28,1,2026-06-17,229000.0,20
103018,Tata,Altroz,2023,31535,B (Good),Chennai,437600.0,383800.0,2026-08-27,0,,,5
103019,Hyundai,Grand i10,2018,95024,C (Fair),Hyderabad,177800.0,176600.0,2026-05-26,1,2026-06-09,173400.0,14
103020,Toyota,Glanza,2019,83767,A (Excellent),Chennai,321400.0,295000.0,2026-07-11,1,2026-08-07,289800.0,27
103021,Toyota,Fortuner,2020,80265,A (Excellent),Kolkata,1581900.0,1576400.0,2026-05-22,1,2026-06-19,1539400.0,28
103022,Toyota,Innova,2018,109407,B (Good),Delhi NCR,648000.0,640400.0,2026-06-28,1,2026-07-29,629500.0,31
103023,Maruti Suzuki,Dzire,2024,15668,B (Good),Pune,457200.0,469400.0,2026-06-24,1,2026-07-31,456700.0,37
103024,Mahindra,Bolero,2020,72687,C (Fair),Chennai,320800.0,380200.0,2026-07-26,1,2026-08-31,369600.0,36
103025,Hyundai,Verna,2023,46612,B (Good),Bengaluru,660000.0,703100.0,2026-08-02,1,2026-08-30,689700.0,28
103026,Hyundai,Creta,2019,74565,B (Good),Mumbai,531800.0,502500.0,2026-07-31,0,,,32
103027,Maruti Suzuki,WagonR,2024,24324,B (Good),Kolkata,351600.0,320800.0,2026-07-30,1,2026-08-25,305400.0,26
103028,Hyundai,Grand i10,2023,33664,B (Good),Ahmedabad,338000.0,311800.0,2026-05-06,1,2026-06-08,300900.0,33
103029,Kia,Seltos,2022,26145,A (Excellent),Pune,802100.0,712000.0,2026-05-07,1,2026-05-20,682100.0,13
103030,Maruti Suzuki,Ertiga,2020,77439,B (Good),Delhi NCR,380000.0,386600.0,2026-05-05,1,2026-06-04,370100.0,30
103031,Maruti Suzuki,Swift,2020,68600,B (Good),Chennai,281300.0,260800.0,2026-07-20,1,2026-08-11,246100.0,22
103032,Mahindra,Bolero,2023,45280,B (Good),Kolkata,487000.0,479900.0,2026-06-17,1,2026-07-30,468000.0,43
103033,Hyundai,Creta,2020,97093,B (Good),Delhi NCR,570200.0,601800.0,2026-07-14,1,2026-07-28,590900.0,14
103034,Maruti Suzuki,Ertiga,2023,34013,B (Good),Mumbai,528000.0,562200.0,2026-06-01,1,2026-07-03,545700.0,32
103035,Tata,Harrier,2019,90073,A (Excellent),Bengaluru,712100.0,772800.0,2026-07-24,1,2026-08-15,728600.0,22
103036,Maruti Suzuki,Ertiga,2019,80929,A (Excellent),Delhi NCR,372000.0,366600.0,2026-06-25,1,2026-07-17,344700.0,22
103037,Maruti Suzuki,WagonR,2016,131780,C (Fair),Mumbai,132400.0,124600.0,2026-06-16,1,2026-07-17,117800.0,31
103038,Honda,WR-V,2022,48872,A (Excellent),Kolkata,531300.0,563000.0,2026-05-14,1,2026-06-29,536600.0,46
103039,Mahindra,Bolero,2020,67091,C (Fair),Delhi NCR,322800.0,358400.0,2026-06-30,1,2026-07-30,339100.0,30
103040,Hyundai,Creta,2017,110629,B (Good),Bengaluru,423200.0,431000.0,2026-08-16,0,,,16
103041,Honda,City,2019,92584,B (Good),Delhi NCR,408100.0,463600.0,2026-08-21,0,,,11
103042,Toyota,Innova,2022,57103,B (Good),Ahmedabad,1000400.0,970700.0,2026-05-16,1,2026-06-05,927600.0,20
103043,Hyundai,i20,2018,103158,C (Fair),Kolkata,227600.0,251500.0,2026-06-14,1,2026-08-01,246000.0,48
103044,Maruti Suzuki,Swift,2018,97452,A (Excellent),Chennai,243800.0,220700.0,2026-08-03,1,2026-08-31,215500.0,28
103045,Maruti Suzuki,WagonR,2020,67104,B (Good),Bengaluru,230500.0,225900.0,2026-05-11,1,2026-06-16,218200.0,36
103046,Maruti Suzuki,WagonR,2021,55964,A (Excellent),Bengaluru,276900.0,288700.0,2026-05-26,1,2026-06-13,274500.0,18
103047,Kia,Carens,2023,32863,A (Excellent),Mumbai,799200.0,762800.0,2026-05-05,1,2026-06-06,725700.0,32
103048,Hyundai,Verna,2023,38081,C (Fair),Chennai,599300.0,663000.0,2026-06-03,1,2026-07-21,629400.0,48
103049,Maruti Suzuki,Baleno,2022,52108,A (Excellent),Bengaluru,407300.0,424300.0,2026-07-23,1,2026-08-18,414900.0,26
103050,Tata,Punch,2022,42722,B (Good),Chennai,380900.0,381300.0,2026-07-08,1,2026-08-04,361500.0,27
103051,Honda,WR-V,2023,34487,B (Good),Mumbai,548800.0,572000.0,2026-05-28,1,2026-06-15,552300.0,18
103052,Kia,Sonet,2024,30479,C (Fair),Ahmedabad,559000.0,451700.0,2026-08-19,0,,,13
103053,Kia,Sonet,2020,73630,A (Excellent),Pune,439500.0,455900.0,2026-07-20,1,2026-08-24,444100.0,35
103054,Maruti Suzuki,Baleno,2018,102489,B (Good),Kolkata,244900.0,256800.0,2026-08-29,0,,,3
103055,Hyundai,Grand i10,2023,29525,B (Good),Chennai,339500.0,287300.0,2026-05-12,1,2026-05-27,273800.0,15
103056,Hyundai,Grand i10,2019,78408,C (Fair),Chennai,199000.0,181100.0,2026-08-15,0,,,17
103057,Maruti Suzuki,Swift,2017,93304,B (Good),Bengaluru,206400.0,214100.0,2026-07-23,1,2026-08-18,203000.0,26
103058,Toyota,Innova,2018,90067,A (Excellent),Bengaluru,715000.0,660100.0,2026-07-09,1,2026-07-27,624700.0,18
103059,Hyundai,Verna,2019,90307,A (Excellent),Chennai,466400.0,511400.0,2026-08-19,0,,,13
103060,Toyota,Glanza,2017,102241,B (Good),Pune,241500.0,250200.0,2026-07-15,1,2026-08-13,239300.0,29
103061,Kia,Carens,2023,28265,C (Fair),Delhi NCR,669200.0,724500.0,2026-07-03,1,2026-08-03,686800.0,31
103062,Mahindra,XUV300,2023,41495,B (Good),Delhi NCR,558800.0,545200.0,2026-06-10,1,2026-07-10,532200.0,30
103063,Tata,Nexon,2021,46167,B (Good),Hyderabad,489300.0,542100.0,2026-08-01,0,,,31
103064,Mahindra,XUV300,2022,38972,B (Good),Chennai,509800.0,606900.0,2026-06-15,1,2026-08-03,580900.0,49
103065,Toyota,Innova,2022,62368,A (Excellent),Ahmedabad,1074400.0,1037900.0,2026-08-23,0,,,9
103066,Maruti Suzuki,Ertiga,2018,99128,B (Good),Kolkata,307300.0,301400.0,2026-07-08,1,2026-08-23,289200.0,46
103067,Tata,Tiago,2016,121389,B (Good),Delhi NCR,158800.0,162800.0,2026-05-23,1,2026-06-24,159700.0,32
103068,Mahindra,XUV300,2016,130697,C (Fair),Kolkata,235700.0,217800.0,2026-07-21,1,2026-08-18,213500.0,28
103069,Toyota,Glanza,2021,56368,B (Good),Kolkata,370100.0,389000.0,2026-08-24,0,,,8
103070,Maruti Suzuki,Dzire,2022,44032,A (Excellent),Delhi NCR,397100.0,402200.0,2026-07-14,1,2026-08-16,379600.0,33
103071,Honda,Amaze,2020,69244,A (Excellent),Delhi NCR,331200.0,345200.0,2026-05-22,1,2026-06-22,329500.0,31
103072,Tata,Altroz,2023,38709,B (Good),Mumbai,434300.0,391900.0,2026-05-25,1,2026-06-18,377000.0,24
103073,Kia,Sonet,2018,107433,A (Excellent),Hyderabad,350700.0,384900.0,2026-06-09,1,2026-07-01,378700.0,22
103074,Kia,Carens,2021,73325,C (Fair),Mumbai,528500.0,563200.0,2026-06-11,1,2026-07-20,533200.0,39
103075,Maruti Suzuki,Baleno,2016,126406,A (Excellent),Kolkata,213200.0,232600.0,2026-06-12,1,2026-08-01,221700.0,50
103076,Tata,Nexon,2017,113599,A (Excellent),Ahmedabad,336700.0,290500.0,2026-05-06,1,2026-05-29,278000.0,23
103077,Kia,Sonet,2018,98233,C (Fair),Bengaluru,295300.0,272900.0,2026-07-02,1,2026-07-21,261000.0,19
103078,Hyundai,Venue,2021,64237,B (Good),Mumbai,423500.0,449100.0,2026-08-28,0,,,4
103079,Toyota,Fortuner,2022,48518,B (Good),Mumbai,1829800.0,1875200.0,2026-08-24,0,,,8
103080,Honda,WR-V,2019,78983,B (Good),Mumbai,359000.0,390900.0,2026-08-17,0,,,15
103081,Maruti Suzuki,Baleno,2022,48446,B (Good),Bengaluru,378600.0,400400.0,2026-07-31,1,2026-08-15,384500.0,15
103082,Hyundai,Grand i10,2024,21101,B (Good),Hyderabad,376300.0,428600.0,2026-07-04,1,2026-08-10,422900.0,37
103083,Mahindra,Scorpio,2022,46095,A (Excellent),Mumbai,854000.0,943900.0,2026-05-11,1,2026-06-14,914200.0,34
103084,Maruti Suzuki,Ertiga,2018,78844,B (Good),Kolkata,314200.0,241900.0,2026-07-05,1,2026-07-21,229400.0,16
103085,Maruti Suzuki,Ertiga,2022,45433,B (Good),Mumbai,474800.0,425900.0,2026-08-08,1,2026-08-29,408700.0,21
103086,Maruti Suzuki,Swift,2022,41034,B (Good),Kolkata,349800.0,347300.0,2026-05-26,1,2026-06-24,329600.0,29
103087,Maruti Suzuki,Ertiga,2024,32467,C (Fair),Bengaluru,523000.0,512900.0,2026-05-15,1,2026-06-08,505300.0,24
103088,Kia,Carens,2020,70121,B (Good),Delhi NCR,536200.0,472900.0,2026-06-03,1,2026-06-15,446300.0,12
103089,Tata,Tiago,2020,80551,A (Excellent),Hyderabad,261700.0,252700.0,2026-08-26,0,,,6
103090,Toyota,Innova,2019,82425,A (Excellent),Kolkata,792300.0,683100.0,2026-07-11,1,2026-08-07,657700.0,27
103091,Maruti Suzuki,Baleno,2024,15839,C (Fair),Pune,425600.0,367200.0,2026-07-21,1,2026-08-19,350800.0,29
103092,Honda,Jazz,2022,40724,B (Good),Delhi NCR,394400.0,391400.0,2026-08-22,0,,,10
103093,Tata,Nexon,2020,67913,B (Good),Hyderabad,435100.0,498800.0,2026-07-21,1,2026-08-26,488500.0,36
103094,Kia,Carens,2023,50465,C (Fair),Pune,653900.0,664400.0,2026-05-23,1,2026-06-20,633000.0,28
103095,Maruti Suzuki,Dzire,2016,130977,B (Good),Delhi NCR,189800.0,167900.0,2026-06-18,1,2026-07-05,161600.0,17
103096,Maruti Suzuki,Swift,2016,112965,B (Good),Ahmedabad,183700.0,170100.0,2026-08-29,0,,,3
103097,Tata,Harrier,2023,27263,B (Good),Delhi NCR,1027800.0,876000.0,2026-08-22,0,,,10
103098,Hyundai,Verna,2019,83036,C (Fair),Delhi NCR,391800.0,404400.0,2026-08-21,0,,,11
103099,Tata,Altroz,2021,60754,A (Excellent),Chennai,379500.0,374100.0,2026-06-15,1,2026-07-11,370200.0,26
103100,Maruti Suzuki,Ertiga,2021,75931,B (Good),Chennai,418200.0,392400.0,2026-05-12,1,2026-05-31,374200.0,19
103101,Hyundai,Verna,2021,65734,A (Excellent),Hyderabad,578500.0,552100.0,2026-08-22,0,,,10
103102,Maruti Suzuki,Baleno,2020,82391,A (Excellent),Ahmedabad,326500.0,319800.0,2026-06-01,1,2026-06-30,304800.0,29
103103,Hyundai,i20,2018,93668,C (Fair),Pune,230000.0,232200.0,2026-08-26,0,,,6
103104,Tata,Nexon,2021,56834,A (Excellent),Hyderabad,522500.0,541500.0,2026-06-27,1,2026-07-22,523100.0,25
103105,Tata,Punch,2023,32098,A (Excellent),Delhi NCR,457100.0,474700.0,2026-07-24,1,2026-08-14,465200.0,21
103106,Kia,Sonet,2024,26516,B (Good),Kolkata,623700.0,632200.0,2026-07-07,1,2026-08-18,623200.0,42
103107,Toyota,Innova,2024,29384,C (Fair),Kolkata,1119300.0,1082500.0,2026-06-16,1,2026-07-08,1034400.0,22
103108,Maruti Suzuki,Dzire,2024,29610,B (Good),Pune,450700.0,424900.0,2026-07-02,1,2026-08-01,405600.0,30
103109,Hyundai,Verna,2019,84871,B (Good),Kolkata,434400.0,479700.0,2026-06-12,1,2026-07-28,462500.0,46
103110,Kia,Sonet,2018,93692,A (Excellent),Kolkata,356100.0,289600.0,2026-08-08,1,2026-08-23,283300.0,15
103111,Toyota,Innova,2023,33901,B (Good),Pune,1126400.0,1011800.0,2026-05-24,1,2026-06-03,979600.0,10
103112,Hyundai,i20,2021,57860,A (Excellent),Hyderabad,380700.0,380500.0,2026-05-25,1,2026-06-16,361700.0,22
103113,Kia,Carens,2022,42313,C (Fair),Pune,600200.0,651400.0,2026-05-25,1,2026-07-08,639500.0,44
103114,Tata,Tiago,2022,58406,C (Fair),Ahmedabad,269700.0,274400.0,2026-06-24,1,2026-07-31,261900.0,37
103115,Maruti Suzuki,WagonR,2016,108844,C (Fair),Ahmedabad,135900.0,140200.0,2026-05-28,1,2026-06-26,137400.0,29
103116,Toyota,Glanza,2019,86017,C (Fair),Bengaluru,267200.0,246500.0,2026-07-05,1,2026-07-29,235700.0,24
103117,Honda,WR-V,2023,40048,A (Excellent),Chennai,589300.0,629600.0,2026-07-23,1,2026-08-26,595500.0,34
103118,Honda,WR-V,2023,28505,A (Excellent),Bengaluru,596400.0,687500.0,2026-06-07,1,2026-07-07,665300.0,30
103119,Maruti Suzuki,Dzire,2020,84003,B (Good),Ahmedabad,291800.0,328700.0,2026-06-24,1,2026-08-05,324700.0,42
103120,Hyundai,Verna,2023,29573,A (Excellent),Delhi NCR,725600.0,773600.0,2026-06-24,1,2026-08-03,744100.0,40
103121,Tata,Nexon,2021,58223,B (Good),Ahmedabad,483100.0,445000.0,2026-07-07,1,2026-08-17,439800.0,41
103122,Honda,WR-V,2023,33070,B (Good),Chennai,549600.0,626900.0,2026-05-24,1,2026-07-01,612400.0,38
103123,Mahindra,XUV300,2024,11801,B (Good),Bengaluru,633100.0,580900.0,2026-07-26,1,2026-08-06,553300.0,11
103124,Toyota,Glanza,2022,36271,B (Good),Hyderabad,415400.0,443900.0,2026-06-23,1,2026-07-19,432300.0,26
103125,Honda,City,2018,90614,A (Excellent),Ahmedabad,402000.0,391000.0,2026-05-18,1,2026-06-15,374200.0,28
103126,Mahindra,Bolero,2020,83235,A (Excellent),Pune,380600.0,327300.0,2026-07-05,1,2026-07-27,308500.0,22
103127,Maruti Suzuki,Dzire,2019,82273,B (Good),Hyderabad,266000.0,270900.0,2026-05-28,1,2026-06-28,262600.0,31
103128,Honda,Amaze,2023,24922,C (Fair),Bengaluru,383700.0,360200.0,2026-07-07,1,2026-07-30,346500.0,23
103129,Toyota,Glanza,2023,31872,B (Good),Ahmedabad,458600.0,440600.0,2026-08-21,0,,,11
103130,Mahindra,XUV300,2023,31247,C (Fair),Bengaluru,508300.0,427700.0,2026-08-13,1,2026-08-29,414300.0,16
103131,Maruti Suzuki,Baleno,2017,111021,B (Good),Kolkata,220700.0,209300.0,2026-07-19,1,2026-08-12,204500.0,24
103132,Tata,Nexon,2024,23728,B (Good),Hyderabad,664500.0,711000.0,2026-06-07,1,2026-07-09,699500.0,32
103133,Maruti Suzuki,Ertiga,2023,47323,B (Good),Ahmedabad,520700.0,539700.0,2026-05-20,1,2026-06-17,518900.0,28
103134,Tata,Nexon,2023,31313,B (Good),Kolkata,600000.0,590300.0,2026-06-05,1,2026-07-14,575600.0,39
103135,Toyota,Innova,2021,63959,A (Excellent),Mumbai,976100.0,1078600.0,2026-07-24,0,,,39
103136,Maruti Suzuki,Baleno,2023,47318,C (Fair),Delhi NCR,374900.0,345600.0,2026-06-21,1,2026-07-21,330500.0,30
103137,Mahindra,XUV700,2023,60306,B (Good),Kolkata,1129900.0,1158900.0,2026-06-27,1,2026-07-28,1141400.0,31
103138,Mahindra,Scorpio,2022,37617,A (Excellent),Chennai,861600.0,962800.0,2026-06-16,1,2026-07-31,915600.0,45
103139,Maruti Suzuki,Baleno,2020,84826,A (Excellent),Bengaluru,325700.0,279400.0,2026-07-25,1,2026-08-05,265600.0,11
103140,Hyundai,i20,2022,52011,C (Fair),Bengaluru,350800.0,380000.0,2026-08-30,0,,,2
103141,Mahindra,XUV300,2022,38895,A (Excellent),Kolkata,550700.0,543200.0,2026-05-12,1,2026-06-17,527900.0,36
103142,Kia,Carens,2017,107265,B (Good),Pune,387900.0,405900.0,2026-06-01,1,2026-07-14,397800.0,43
103143,Mahindra,Scorpio,2020,72029,A (Excellent),Mumbai,688000.0,736000.0,2026-05-06,1,2026-06-08,696100.0,33
103144,Hyundai,Grand i10,2022,42415,C (Fair),Delhi NCR,274300.0,289700.0,2026-08-16,0,,,16
103145,Toyota,Innova,2024,18085,A (Excellent),Kolkata,1358800.0,1375100.0,2026-05-31,1,2026-06-27,1309600.0,27
103146,Hyundai,Creta,2023,55063,A (Excellent),Mumbai,855200.0,916200.0,2026-08-02,0,,,30
103147,Honda,Amaze,2023,40290,A (Excellent),Bengaluru,453200.0,452600.0,2026-05-29,1,2026-07-01,440400.0,33
103148,Toyota,Glanza,2024,26628,A (Excellent),Pune,547200.0,530500.0,2026-06-18,1,2026-07-06,523700.0,18
103149,Maruti Suzuki,WagonR,2023,37038,A (Excellent),Pune,341000.0,317300.0,2026-07-01,1,2026-07-27,306400.0,26
103150,Honda,WR-V,2023,35861,A (Excellent),Chennai,591900.0,610800.0,2026-08-09,0,,,23
103151,Tata,Punch,2019,86325,A (Excellent),Mumbai,295900.0,298600.0,2026-05-09,1,2026-06-13,280800.0,35
103152,Mahindra,Bolero,2023,33198,A (Excellent),Mumbai,532600.0,561600.0,2026-05-29,1,2026-07-06,554700.0,38
103153,Toyota,Fortuner,2023,30157,B (Good),Hyderabad,2049600.0,2272200.0,2026-08-12,0,,,20
103154,Maruti Suzuki,Baleno,2021,66597,A (Excellent),Mumbai,365000.0,397200.0,2026-06-18,1,2026-07-10,376800.0,22
103155,Hyundai,Venue,2023,25227,B (Good),Pune,532800.0,489800.0,2026-05-10,1,2026-06-03,466400.0,24
103156,Kia,Seltos,2023,43447,A (Excellent),Kolkata,865800.0,955000.0,2026-06-21,1,2026-07-30,912700.0,39
103157,Kia,Sonet,2020,67009,C (Fair),Chennai,368900.0,327000.0,2026-05-07,1,2026-05-26,307800.0,19
103158,Toyota,Glanza,2023,44394,C (Fair),Mumbai,407400.0,387000.0,2026-08-16,0,,,16
103159,Toyota,Fortuner,2018,82427,B (Good),Mumbai,1210100.0,1103700.0,2026-07-30,1,2026-08-21,1059800.0,22
103160,Tata,Altroz,2020,72374,A (Excellent),Bengaluru,341100.0,263000.0,2026-06-20,1,2026-06-23,254300.0,3
103161,Maruti Suzuki,Dzire,2020,72955,A (Excellent),Kolkata,318900.0,285400.0,2026-07-22,1,2026-08-24,270200.0,33
103162,Tata,Harrier,2019,77910,A (Excellent),Delhi NCR,721600.0,791200.0,2026-05-16,1,2026-06-04,774100.0,19
103163,Tata,Nexon,2019,84464,C (Fair),Hyderabad,350000.0,353100.0,2026-05-21,1,2026-06-13,347200.0,23
103164,Honda,Amaze,2019,88708,B (Good),Bengaluru,273200.0,222200.0,2026-06-23,1,2026-07-04,218900.0,11
103165,Mahindra,Scorpio,2022,56998,A (Excellent),Bengaluru,844200.0,876600.0,2026-06-20,1,2026-07-09,858000.0,19
103166,Tata,Altroz,2023,23655,C (Fair),Ahmedabad,397000.0,361200.0,2026-07-28,1,2026-08-19,342400.0,22
103167,Mahindra,XUV300,2024,17591,B (Good),Hyderabad,629400.0,763700.0,2026-07-18,1,2026-08-30,736800.0,43
103168,Tata,Nexon,2020,71192,C (Fair),Pune,390200.0,390100.0,2026-07-11,1,2026-08-06,376800.0,26
103169,Kia,Sonet,2019,76007,B (Good),Bengaluru,369400.0,369400.0,2026-07-16,1,2026-08-05,357500.0,20
103170,Hyundai,Verna,2022,49423,B (Good),Delhi NCR,598800.0,632000.0,2026-06-09,1,2026-07-06,615800.0,27
103171,Maruti Suzuki,Swift,2020,72510,C (Fair),Bengaluru,252100.0,230400.0,2026-08-08,1,2026-08-24,225500.0,16
103172,Hyundai,Grand i10,2017,106436,A (Excellent),Hyderabad,191700.0,193900.0,2026-06-06,1,2026-07-09,191600.0,33
103173,Maruti Suzuki,Dzire,2019,75496,A (Excellent),Delhi NCR,289400.0,341000.0,2026-07-10,1,2026-08-15,325900.0,36
103174,Hyundai,Grand i10,2023,42177,B (Good),Pune,335000.0,355500.0,2026-08-25,0,,,7
103175,Mahindra,XUV700,2022,58758,C (Fair),Pune,926900.0,814300.0,2026-07-03,1,2026-07-17,786900.0,14
103176,Hyundai,Grand i10,2017,117013,A (Excellent),Pune,189400.0,164100.0,2026-06-25,1,2026-07-16,158600.0,21
103177,Kia,Carens,2024,18191,C (Fair),Mumbai,743000.0,672100.0,2026-06-24,1,2026-07-09,642900.0,15
103178,Honda,City,2024,37606,B (Good),Chennai,693600.0,616500.0,2026-07-27,1,2026-08-25,587900.0,29
103179,Tata,Punch,2019,92387,C (Fair),Delhi NCR,244900.0,215600.0,2026-06-01,1,2026-06-14,205100.0,13
103180,Tata,Harrier,2020,70317,B (Good),Mumbai,740300.0,713000.0,2026-08-04,0,,,28
103181,Tata,Harrier,2022,38650,B (Good),Hyderabad,924400.0,976000.0,2026-05-06,1,2026-06-07,922400.0,32
103182,Mahindra,XUV300,2022,42910,B (Good),Delhi NCR,507700.0,507500.0,2026-08-09,0,,,23
103183,Tata,Harrier,2023,53835,B (Good),Delhi NCR,999800.0,1012900.0,2026-08-15,0,,,17
103184,Tata,Punch,2020,79938,B (Good),Ahmedabad,303200.0,344100.0,2026-05-29,1,2026-06-30,334100.0,32
103185,Maruti Suzuki,Baleno,2021,55139,B (Good),Bengaluru,342100.0,386100.0,2026-08-22,0,,,10
103186,Hyundai,Creta,2021,61289,C (Fair),Bengaluru,586300.0,632100.0,2026-08-15,0,,,17
103187,Mahindra,Bolero,2024,11598,B (Good),Delhi NCR,554100.0,552800.0,2026-08-20,0,,,12
103188,Maruti Suzuki,Ertiga,2021,71288,B (Good),Chennai,420300.0,371800.0,2026-05-21,1,2026-06-08,352100.0,18
103189,Mahindra,XUV700,2019,99539,C (Fair),Delhi NCR,668200.0,623300.0,2026-05-21,1,2026-06-20,595700.0,30
103190,Hyundai,Venue,2017,115087,A (Excellent),Chennai,296600.0,304800.0,2026-06-27,1,2026-07-28,288500.0,31
103191,Mahindra,XUV700,2022,50547,A (Excellent),Delhi NCR,1122000.0,880600.0,2026-07-15,1,2026-07-22,830700.0,7
103192,Kia,Carens,2024,16960,B (Good),Delhi NCR,826600.0,841100.0,2026-07-18,1,2026-08-11,812000.0,24
103193,Toyota,Glanza,2018,96593,C (Fair),Bengaluru,240300.0,223400.0,2026-08-10,1,2026-08-28,215500.0,18
103194,Tata,Tiago,2020,69049,B (Good),Kolkata,245400.0,257100.0,2026-05-07,1,2026-06-21,249500.0,45
103195,Maruti Suzuki,Baleno,2019,81262,B (Good),Delhi NCR,275500.0,286700.0,2026-05-30,1,2026-07-02,281000.0,33
103196,Mahindra,Scorpio,2017,95419,C (Fair),Pune,421100.0,472800.0,2026-05-23,1,2026-06-30,450700.0,38
103197,Hyundai,Grand i10,2023,40774,A (Excellent),Pune,362400.0,383600.0,2026-08-17,0,,,15
103198,Maruti Suzuki,Dzire,2020,84581,B (Good),Bengaluru,291600.0,300000.0,2026-05-16,1,2026-06-07,285300.0,22
103199,Honda,City,2023,26821,C (Fair),Chennai,574400.0,568600.0,2026-06-10,1,2026-07-14,551600.0,34
103200,Maruti Suzuki,Ertiga,2021,64492,A (Excellent),Hyderabad,457300.0,490500.0,2026-06-18,1,2026-07-11,461200.0,23
103201,Kia,Seltos,2019,93581,A (Excellent),Mumbai,562600.0,539400.0,2026-08-11,1,2026-08-31,525200.0,20
103202,Hyundai,Grand i10,2024,33730,B (Good),Bengaluru,371400.0,329400.0,2026-06-12,1,2026-07-07,318700.0,25
103203,Kia,Carens,2019,92587,B (Good),Ahmedabad,476100.0,480800.0,2026-07-25,1,2026-08-22,464600.0,28
103204,Maruti Suzuki,WagonR,2023,39358,B (Good),Pune,315000.0,284100.0,2026-06-18,1,2026-07-06,277100.0,18
103205,Toyota,Fortuner,2023,41946,B (Good),Mumbai,2024700.0,2065000.0,2026-05-21,1,2026-06-08,2040900.0,18
103206,Toyota,Fortuner,2016,125714,B (Good),Ahmedabad,954800.0,1142400.0,2026-05-29,1,2026-07-16,1095100.0,48
103207,Hyundai,Grand i10,2021,67264,B (Good),Ahmedabad,270200.0,302100.0,2026-08-20,0,,,12
103208,Honda,Jazz,2024,30361,B (Good),Kolkata,481400.0,539200.0,2026-07-04,1,2026-08-08,523900.0,35
103209,Maruti Suzuki,Baleno,2022,40426,A (Excellent),Ahmedabad,412300.0,448700.0,2026-07-11,1,2026-08-17,441000.0,37
103210,Maruti Suzuki,Swift,2019,90496,A (Excellent),Ahmedabad,270000.0,268600.0,2026-05-05,1,2026-06-07,262400.0,33
103211,Honda,Amaze,2019,88737,B (Good),Delhi NCR,273200.0,250600.0,2026-06-02,1,2026-06-25,245500.0,23
103212,Maruti Suzuki,Swift,2023,37550,B (Good),Chennai,385800.0,381300.0,2026-07-18,1,2026-08-11,370600.0,24
103213,Tata,Nexon,2021,56724,C (Fair),Kolkata,435500.0,407600.0,2026-06-23,1,2026-07-23,391100.0,30
103214,Maruti Suzuki,WagonR,2019,91248,C (Fair),Chennai,183900.0,192800.0,2026-06-02,1,2026-07-06,184200.0,34
103215,Maruti Suzuki,Baleno,2024,24705,B (Good),Chennai,468600.0,427300.0,2026-08-30,0,,,2
103216,Mahindra,XUV700,2021,59957,A (Excellent),Bengaluru,1010900.0,1045000.0,2026-07-13,1,2026-08-09,1020300.0,27
103217,Tata,Altroz,2022,51141,B (Good),Ahmedabad,390100.0,418300.0,2026-07-02,1,2026-08-07,402600.0,36
103218,Mahindra,XUV300,2021,67747,B (Good),Pune,450100.0,410400.0,2026-07-27,1,2026-08-23,405000.0,27
103219,Hyundai,i20,2024,19284,B (Good),Bengaluru,486900.0,486700.0,2026-08-06,1,2026-08-26,457700.0,20
103220,Hyundai,Creta,2022,49043,B (Good),Delhi NCR,725200.0,728600.0,2026-08-15,0,,,17
103221,Tata,Nexon,2023,48918,C (Fair),Ahmedabad,530200.0,476100.0,2026-05-17,1,2026-06-05,451800.0,19
103222,Tata,Tiago,2023,48457,B (Good),Delhi NCR,332800.0,322300.0,2026-06-26,1,2026-07-26,318200.0,30
103223,Mahindra,Scorpio,2024,24791,B (Good),Chennai,976200.0,974500.0,2026-05-26,1,2026-07-08,925000.0,43
103224,Hyundai,i20,2019,82982,A (Excellent),Kolkata,306800.0,314900.0,2026-08-15,0,,,17
103225,Tata,Tiago,2020,84590,A (Excellent),Delhi NCR,260600.0,274800.0,2026-07-02,1,2026-07-21,258600.0,19
103226,Maruti Suzuki,Ertiga,2024,18167,B (Good),Bengaluru,589700.0,511600.0,2026-05-08,1,2026-05-21,501200.0,13
103227,Hyundai,Venue,2017,106925,B (Good),Hyderabad,277200.0,308600.0,2026-07-15,0,,,48
103228,Honda,WR-V,2021,52493,A (Excellent),Pune,481700.0,398400.0,2026-07-14,1,2026-08-11,389100.0,28
103229,Maruti Suzuki,Baleno,2023,41246,C (Fair),Chennai,377300.0,404200.0,2026-05-22,1,2026-06-16,394100.0,25
103230,Tata,Tiago,2024,35332,A (Excellent),Ahmedabad,400500.0,411400.0,2026-05-14,1,2026-06-02,388200.0,19
103231,Kia,Sonet,2018,77969,A (Excellent),Mumbai,362300.0,319000.0,2026-06-20,1,2026-07-16,311200.0,26
103232,Maruti Suzuki,Dzire,2021,66064,C (Fair),Chennai,294200.0,261100.0,2026-08-21,0,,,11
103233,Maruti Suzuki,WagonR,2024,21852,B (Good),Pune,352500.0,321100.0,2026-06-26,1,2026-07-28,316800.0,32
103234,Hyundai,Verna,2024,24178,C (Fair),Chennai,668100.0,660600.0,2026-05-31,1,2026-06-30,627200.0,30
103235,Tata,Altroz,2021,67940,A (Excellent),Pune,376600.0,388000.0,2026-06-08,1,2026-06-30,370600.0,22
103236,Maruti Suzuki,Dzire,2023,24143,B (Good),Chennai,412500.0,360200.0,2026-06-23,1,2026-07-11,342200.0,18
103237,Maruti Suzuki,Dzire,2019,83356,B (Good),Pune,265700.0,246600.0,2026-08-06,1,2026-08-31,239400.0,25
103238,Hyundai,Grand i10,2019,97633,A (Excellent),Ahmedabad,233800.0,209700.0,2026-05-28,1,2026-06-19,200500.0,22
103239,Tata,Altroz,2020,68138,A (Excellent),Mumbai,342700.0,333200.0,2026-07-24,1,2026-08-22,328500.0,29
103240,Maruti Suzuki,Baleno,2018,100793,B (Good),Hyderabad,245300.0,227000.0,2026-06-17,1,2026-07-21,218500.0,34
103241,Maruti Suzuki,WagonR,2020,73392,A (Excellent),Chennai,247300.0,255400.0,2026-08-03,0,,,29
103242,Mahindra,XUV700,2021,59929,A (Excellent),Ahmedabad,1010900.0,1114200.0,2026-07-18,1,2026-08-28,1101400.0,41
103243,Mahindra,Bolero,2019,68355,A (Excellent),Mumbai,352000.0,368100.0,2026-08-03,1,2026-08-28,348700.0,25
103244,Maruti Suzuki,WagonR,2019,80807,B (Good),Chennai,206700.0,221500.0,2026-05-18,1,2026-06-10,209100.0,23
103245,Mahindra,Scorpio,2022,45802,A (Excellent),Kolkata,854200.0,858100.0,2026-05-06,1,2026-06-04,808100.0,29
103246,Tata,Punch,2020,77747,A (Excellent),Delhi NCR,328200.0,319100.0,2026-06-19,1,2026-07-13,311500.0,24
103247,Honda,City,2018,102714,A (Excellent),Pune,396600.0,404100.0,2026-08-16,0,,,16
103248,Toyota,Innova,2023,39153,B (Good),Chennai,1120300.0,1172200.0,2026-06-01,1,2026-06-29,1124200.0,28
103249,Maruti Suzuki,Swift,2021,59222,C (Fair),Kolkata,281000.0,274300.0,2026-08-15,0,,,17
103250,Mahindra,Bolero,2019,80704,B (Good),Bengaluru,321600.0,373000.0,2026-07-23,1,2026-08-19,366800.0,27
103251,Mahindra,XUV700,2021,72943,A (Excellent),Delhi NCR,996900.0,934800.0,2026-06-20,1,2026-07-13,879900.0,23
103252,Honda,Jazz,2019,90189,B (Good),Ahmedabad,281900.0,264600.0,2026-08-20,0,,,12
103253,Maruti Suzuki,WagonR,2024,27031,C (Fair),Delhi NCR,315600.0,341600.0,2026-08-10,1,2026-08-31,330400.0,21
103254,Kia,Carens,2016,122136,A (Excellent),Ahmedabad,374900.0,435300.0,2026-05-13,1,2026-07-12,417700.0,60
103255,Maruti Suzuki,Baleno,2024,25036,B (Good),Ahmedabad,468500.0,388000.0,2026-08-19,0,,,13
103256,Maruti Suzuki,Ertiga,2021,57538,B (Good),Delhi NCR,426600.0,452300.0,2026-05-13,1,2026-06-14,439300.0,32
103257,Mahindra,XUV300,2022,62154,C (Fair),Chennai,447800.0,426000.0,2026-06-28,1,2026-07-21,403100.0,23
103258,Toyota,Innova,2020,71425,B (Good),Ahmedabad,815900.0,812800.0,2026-06-15,1,2026-07-22,784100.0,37
103259,Mahindra,XUV300,2023,25657,A (Excellent),Delhi NCR,613500.0,563300.0,2026-06-13,1,2026-06-23,554600.0,10
103260,Maruti Suzuki,Swift,2023,27225,C (Fair),Pune,350900.0,350400.0,2026-08-21,0,,,11
103261,Hyundai,Creta,2019,84908,C (Fair),Bengaluru,473300.0,428300.0,2026-07-31,1,2026-08-08,413900.0,8
103262,Maruti Suzuki,Swift,2017,107305,C (Fair),Mumbai,182900.0,206100.0,2026-08-29,0,,,3
103263,Tata,Punch,2017,102055,B (Good),Chennai,223000.0,198700.0,2026-06-27,1,2026-07-23,192300.0,26
103264,Maruti Suzuki,WagonR,2022,46520,B (Good),Chennai,284500.0,272700.0,2026-08-12,1,2026-08-30,265700.0,18
103265,Tata,Nexon,2023,41621,B (Good),Kolkata,593600.0,544000.0,2026-06-25,1,2026-07-27,536800.0,32
103266,Hyundai,Grand i10,2022,60548,A (Excellent),Bengaluru,323000.0,291000.0,2026-07-09,1,2026-07-24,276200.0,15
103267,Maruti Suzuki,Baleno,2021,59334,B (Good),Mumbai,340600.0,337000.0,2026-08-12,0,,,20
103268,Honda,WR-V,2022,44306,B (Good),Chennai,494300.0,516700.0,2026-07-09,1,2026-08-07,511000.0,29
103269,Mahindra,Bolero,2024,29615,C (Fair),Hyderabad,489600.0,456200.0,2026-05-05,1,2026-06-05,435200.0,31
103270,Tata,Harrier,2018,80551,B (Good),Hyderabad,606300.0,654800.0,2026-07-08,1,2026-08-07,630000.0,30
103271,Mahindra,Bolero,2021,63506,B (Good),Pune,395600.0,397100.0,2026-06-25,1,2026-08-06,374200.0,42
103272,Toyota,Fortuner,2021,58930,B (Good),Ahmedabad,1646900.0,1886900.0,2026-07-12,1,2026-08-19,1867700.0,38
103273,Maruti Suzuki,Dzire,2021,66589,B (Good),Delhi NCR,326700.0,321000.0,2026-06-11,1,2026-07-11,309500.0,30
103274,Hyundai,Venue,2022,29859,B (Good),Mumbai,482500.0,496900.0,2026-05-11,1,2026-06-06,480400.0,26
103275,Hyundai,Creta,2022,37164,B (Good),Chennai,734300.0,778400.0,2026-05-16,1,2026-06-16,747000.0,31
103276,Tata,Altroz,2017,116496,A (Excellent),Hyderabad,244800.0,267500.0,2026-06-08,1,2026-07-12,255500.0,34
103277,Mahindra,Bolero,2022,43868,B (Good),Pune,443800.0,430700.0,2026-08-28,0,,,4
103278,Toyota,Fortuner,2022,45678,C (Fair),Chennai,1651700.0,1578800.0,2026-06-18,1,2026-07-18,1516900.0,30
103279,Mahindra,XUV300,2024,23387,B (Good),Kolkata,625700.0,569200.0,2026-08-24,0,,,8
103280,Toyota,Fortuner,2023,33240,B (Good),Delhi NCR,2043100.0,2240600.0,2026-07-13,1,2026-08-23,2178600.0,41
103281,Hyundai,Verna,2023,36989,C (Fair),Ahmedabad,600000.0,656300.0,2026-08-28,0,,,4
103282,Maruti Suzuki,Dzire,2018,92353,A (Excellent),Ahmedabad,258500.0,281300.0,2026-08-16,0,,,16
103283,Maruti Suzuki,Swift,2021,50240,B (Good),Mumbai,315200.0,339800.0,2026-08-23,0,,,9
103284,Tata,Harrier,2022,52627,B (Good),Chennai,911000.0,857200.0,2026-06-05,1,2026-07-08,840800.0,33
103285,Hyundai,Creta,2023,22775,B (Good),Chennai,819000.0,888200.0,2026-06-29,1,2026-08-13,843000.0,45
103286,Maruti Suzuki,WagonR,2018,110903,B (Good),Delhi NCR,181900.0,198100.0,2026-07-27,1,2026-08-20,194700.0,24
103287,Hyundai,Grand i10,2020,91695,A (Excellent),Hyderabad,258600.0,224500.0,2026-07-03,1,2026-07-12,212200.0,9
103288,Maruti Suzuki,Baleno,2021,43398,C (Fair),Hyderabad,311700.0,295700.0,2026-05-26,1,2026-06-22,287500.0,27
103289,Tata,Punch,2018,102111,A (Excellent),Hyderabad,264600.0,230900.0,2026-06-11,1,2026-07-16,224000.0,35
103290,Maruti Suzuki,Swift,2023,43636,C (Fair),Chennai,345000.0,318700.0,2026-08-31,0,,,1
103291,Hyundai,i20,2018,104923,B (Good),Kolkata,252400.0,251600.0,2026-05-08,1,2026-06-15,241700.0,38
103292,Maruti Suzuki,Swift,2022,66403,B (Good),Delhi NCR,340500.0,296300.0,2026-06-12,1,2026-07-03,279800.0,21
103293,Honda,Amaze,2023,31009,A (Excellent),Delhi NCR,457600.0,458400.0,2026-06-30,1,2026-07-10,448600.0,10
103294,Tata,Nexon,2020,78458,B (Good),Mumbai,430200.0,485800.0,2026-07-25,1,2026-08-25,473800.0,31
103295,Hyundai,Verna,2020,61476,B (Good),Pune,489600.0,536900.0,2026-08-31,0,,,1
103296,Honda,Jazz,2020,79249,C (Fair),Bengaluru,282100.0,267100.0,2026-08-17,0,,,15
103297,Hyundai,Creta,2022,47024,C (Fair),Chennai,654100.0,707200.0,2026-05-25,1,2026-07-02,691900.0,38
103298,Maruti Suzuki,Baleno,2022,75057,A (Excellent),Delhi NCR,397500.0,407900.0,2026-07-14,1,2026-08-06,384500.0,23
103299,Honda,Amaze,2019,71882,A (Excellent),Kolkata,300500.0,251900.0,2026-05-14,1,2026-05-27,242000.0,13
103300,Tata,Harrier,2016,122660,B (Good),Ahmedabad,479100.0,451700.0,2026-07-25,1,2026-08-16,425300.0,22
103301,Honda,City,2018,101610,B (Good),Ahmedabad,367700.0,386700.0,2026-08-15,0,,,17
103302,Hyundai,Venue,2021,55752,A (Excellent),Pune,461600.0,479600.0,2026-07-22,1,2026-08-24,468400.0,33
103303,Tata,Altroz,2021,54525,A (Excellent),Mumbai,382000.0,380200.0,2026-08-23,0,,,9
103304,Tata,Punch,2016,117940,C (Fair),Kolkata,179400.0,208600.0,2026-07-29,0,,,34
103305,Toyota,Innova,2021,79603,B (Good),Delhi NCR,888700.0,1009800.0,2026-06-19,1,2026-07-15,980400.0,26
103306,Mahindra,XUV300,2022,53414,B (Good),Delhi NCR,502200.0,582400.0,2026-07-13,1,2026-08-09,550900.0,27
103307,Honda,Jazz,2024,39362,A (Excellent),Kolkata,515100.0,486000.0,2026-08-29,0,,,3
103308,Hyundai,Grand i10,2021,70054,C (Fair),Ahmedabad,242400.0,225900.0,2026-05-23,1,2026-06-15,219100.0,23
103309,Mahindra,XUV300,2016,121447,A (Excellent),Bengaluru,285800.0,293700.0,2026-07-07,1,2026-08-02,279100.0,26
103310,Mahindra,XUV700,2018,92042,A (Excellent),Hyderabad,735800.0,706500.0,2026-07-02,1,2026-07-22,691200.0,20
103311,Toyota,Innova,2021,69391,C (Fair),Bengaluru,808700.0,760700.0,2026-07-18,1,2026-08-10,748200.0,23
103312,Kia,Carens,2022,61267,B (Good),Kolkata,653600.0,584600.0,2026-05-06,1,2026-06-10,567900.0,35
103313,Kia,Seltos,2021,73471,B (Good),Delhi NCR,643000.0,553200.0,2026-06-09,1,2026-06-26,520800.0,17
103314,Honda,City,2018,86713,C (Fair),Kolkata,336400.0,371200.0,2026-05-26,1,2026-07-05,363600.0,40
103315,Mahindra,Bolero,2022,63297,C (Fair),Chennai,391300.0,451000.0,2026-08-05,0,,,27
103316,Maruti Suzuki,Swift,2024,36960,B (Good),Hyderabad,424200.0,456800.0,2026-05-15,1,2026-06-10,441700.0,26
103317,Kia,Seltos,2018,102692,B (Good),Bengaluru,469300.0,432800.0,2026-07-18,1,2026-08-10,426500.0,23
103318,Maruti Suzuki,Swift,2024,31212,C (Fair),Delhi NCR,384000.0,395400.0,2026-05-24,1,2026-06-12,376300.0,19
103319,Tata,Punch,2018,87013,A (Excellent),Kolkata,269000.0,248200.0,2026-06-13,1,2026-07-05,234200.0,22
103320,Honda,Amaze,2016,129160,C (Fair),Delhi NCR,177100.0,171600.0,2026-06-21,1,2026-07-10,164700.0,19
103321,Maruti Suzuki,WagonR,2023,27887,B (Good),Kolkata,318800.0,323500.0,2026-07-28,0,,,35
103322,Maruti Suzuki,Dzire,2024,9017,B (Good),Chennai,460300.0,507500.0,2026-08-13,0,,,19
103323,Maruti Suzuki,WagonR,2023,43854,B (Good),Delhi NCR,313500.0,287800.0,2026-05-24,1,2026-06-17,277300.0,24
103324,Hyundai,Creta,2023,34102,C (Fair),Delhi NCR,728500.0,729000.0,2026-08-29,0,,,3
103325,Honda,City,2021,61532,A (Excellent),Delhi NCR,550500.0,529300.0,2026-07-11,1,2026-08-07,503200.0,27
103326,Mahindra,Bolero,2022,46905,B (Good),Ahmedabad,442400.0,439700.0,2026-07-02,1,2026-08-04,421200.0,33
103327,Honda,Jazz,2020,63370,A (Excellent),Pune,344400.0,393000.0,2026-08-21,0,,,11
103328,Maruti Suzuki,Dzire,2016,115672,A (Excellent),Ahmedabad,208600.0,197200.0,2026-05-31,1,2026-06-23,192800.0,23
103329,Hyundai,Creta,2020,69852,A (Excellent),Kolkata,634400.0,632200.0,2026-06-16,1,2026-07-19,597100.0,33
103330,Tata,Nexon,2020,74286,B (Good),Mumbai,432100.0,439400.0,2026-08-07,1,2026-08-30,417000.0,23
103331,Tata,Harrier,2021,62357,A (Excellent),Chennai,886100.0,947100.0,2026-08-19,0,,,13
103332,Kia,Carens,2021,72023,B (Good),Hyderabad,588000.0,542800.0,2026-08-23,0,,,9
103333,Kia,Seltos,2022,41151,A (Excellent),Mumbai,789700.0,779000.0,2026-08-31,0,,,1
103334,Maruti Suzuki,Baleno,2021,56118,C (Fair),Bengaluru,307600.0,312200.0,2026-06-02,1,2026-06-18,308000.0,16
103335,Mahindra,XUV300,2018,88266,A (Excellent),Kolkata,358200.0,364400.0,2026-05-08,1,2026-06-12,355200.0,35
103336,Maruti Suzuki,Baleno,2018,101512,A (Excellent),Bengaluru,264800.0,260900.0,2026-06-09,1,2026-07-02,250100.0,23
103337,Tata,Altroz,2021,68945,B (Good),Delhi NCR,348300.0,364700.0,2026-06-13,1,2026-07-12,345700.0,29
103338,Hyundai,i20,2020,67829,A (Excellent),Hyderabad,342800.0,342600.0,2026-08-06,1,2026-08-30,329900.0,24
103339,Tata,Nexon,2017,112023,A (Excellent),Delhi NCR,337300.0,339000.0,2026-07-01,1,2026-07-23,330400.0,22
103340,Honda,City,2024,29211,A (Excellent),Ahmedabad,755600.0,730500.0,2026-07-24,0,,,39
103341,Maruti Suzuki,Ertiga,2024,25773,B (Good),Chennai,585100.0,413200.0,2026-06-21,1,2026-06-24,389000.0,3
103342,Kia,Seltos,2020,75714,A (Excellent),Hyderabad,630400.0,635600.0,2026-07-17,1,2026-08-08,616300.0,22
103343,Honda,City,2024,18149,A (Excellent),Ahmedabad,764300.0,710500.0,2026-06-27,1,2026-07-26,688700.0,29
103344,Maruti Suzuki,Ertiga,2023,34303,C (Fair),Pune,475000.0,426400.0,2026-08-09,1,2026-08-30,413900.0,21
103345,Tata,Harrier,2018,98600,B (Good),Pune,594400.0,634300.0,2026-05-05,1,2026-06-07,621000.0,33
103346,Honda,WR-V,2019,87320,B (Good),Hyderabad,355700.0,332900.0,2026-06-03,1,2026-06-24,319600.0,21
103347,Maruti Suzuki,Baleno,2023,51401,C (Fair),Bengaluru,373300.0,357400.0,2026-05-13,1,2026-05-26,338200.0,13
103348,Hyundai,Verna,2023,37802,B (Good),Kolkata,666100.0,663700.0,2026-07-02,1,2026-08-07,640200.0,36
103349,Maruti Suzuki,Baleno,2017,101316,A (Excellent),Kolkata,241000.0,276900.0,2026-08-30,0,,,2
103350,Maruti Suzuki,Baleno,2019,93222,C (Fair),Bengaluru,244700.0,223000.0,2026-07-21,1,2026-08-06,218900.0,16
103351,Maruti Suzuki,Baleno,2019,92138,B (Good),Bengaluru,272200.0,239100.0,2026-06-10,1,2026-06-24,227700.0,14
103352,Kia,Carens,2022,56737,C (Fair),Delhi NCR,591100.0,561800.0,2026-08-01,1,2026-08-22,541500.0,21
103353,Hyundai,i20,2021,54799,B (Good),Pune,353600.0,362200.0,2026-07-14,1,2026-08-10,343200.0,27
103354,Kia,Seltos,2018,94067,B (Good),Pune,473800.0,450000.0,2026-05-13,1,2026-06-10,435400.0,28
103355,Tata,Tiago,2021,64136,B (Good),Pune,271100.0,251800.0,2026-08-16,0,,,16
103356,Hyundai,Creta,2020,77723,A (Excellent),Pune,629000.0,643300.0,2026-08-04,1,2026-08-30,606300.0,26
103357,Maruti Suzuki,WagonR,2021,65188,B (Good),Hyderabad,253900.0,314500.0,2026-08-09,0,,,23
103358,Honda,City,2017,103318,B (Good),Pune,334000.0,301700.0,2026-06-23,1,2026-07-11,289900.0,18
103359,Tata,Harrier,2023,21164,A (Excellent),Pune,1117000.0,1229600.0,2026-08-31,0,,,1
103360,Kia,Sonet,2022,41984,A (Excellent),Mumbai,548900.0,661400.0,2026-08-09,0,,,23
103361,Mahindra,XUV700,2018,104236,B (Good),Ahmedabad,672100.0,694600.0,2026-08-20,0,,,12
103362,Kia,Carens,2023,42332,B (Good),Mumbai,732800.0,751300.0,2026-05-12,1,2026-06-10,740100.0,29
103363,Maruti Suzuki,Swift,2020,61592,C (Fair),Ahmedabad,255100.0,267000.0,2026-07-22,1,2026-08-31,256100.0,40
103364,Honda,WR-V,2024,28067,A (Excellent),Bengaluru,655700.0,465200.0,2026-06-17,1,2026-06-26,441300.0,9
103365,Maruti Suzuki,Ertiga,2021,70618,B (Good),Mumbai,420600.0,413800.0,2026-07-08,1,2026-08-07,398700.0,30
103366,Hyundai,Grand i10,2023,42928,B (Good),Mumbai,334800.0,323700.0,2026-08-17,0,,,15
103367,Tata,Harrier,2020,79255,B (Good),Delhi NCR,733200.0,803700.0,2026-07-11,1,2026-08-07,755700.0,27
103368,Maruti Suzuki,Baleno,2024,15146,B (Good),Hyderabad,473200.0,415700.0,2026-06-21,1,2026-07-17,399900.0,26
103369,Maruti Suzuki,Dzire,2022,47562,B (Good),Ahmedabad,366300.0,412500.0,2026-06-08,1,2026-07-16,399700.0,38
103370,Tata,Punch,2023,29982,C (Fair),Pune,381700.0,373300.0,2026-07-24,1,2026-08-24,352700.0,31
103371,Tata,Punch,2018,104981,B (Good),Mumbai,244200.0,225700.0,2026-07-05,1,2026-07-24,221500.0,19
103372,Mahindra,XUV700,2024,34290,C (Fair),Delhi NCR,1148400.0,1154300.0,2026-05-16,1,2026-06-16,1141100.0,31
103373,Hyundai,Verna,2023,27645,B (Good),Ahmedabad,673200.0,712300.0,2026-06-11,1,2026-07-20,685300.0,39
103374,Kia,Seltos,2023,41207,A (Excellent),Kolkata,867800.0,975700.0,2026-05-22,1,2026-07-15,928000.0,54
103375,Honda,Jazz,2024,22003,C (Fair),Kolkata,437000.0,414200.0,2026-08-06,0,,,26
103376,Mahindra,Scorpio,2021,47878,C (Fair),Chennai,646400.0,673200.0,2026-06-07,1,2026-07-13,645400.0,36
103377,Hyundai,Grand i10,2022,62022,B (Good),Ahmedabad,298600.0,277300.0,2026-08-06,0,,,26
103378,Maruti Suzuki,Swift,2023,24992,A (Excellent),Delhi NCR,422000.0,410000.0,2026-07-19,1,2026-08-07,390400.0,19
103379,Honda,City,2020,72225,C (Fair),Hyderabad,412700.0,444000.0,2026-06-21,1,2026-07-24,428700.0,33
103380,Mahindra,XUV700,2018,101701,B (Good),Hyderabad,674000.0,687300.0,2026-05-28,1,2026-06-27,673900.0,30
103381,Maruti Suzuki,WagonR,2021,67170,C (Fair),Kolkata,228000.0,237700.0,2026-08-07,0,,,25
103382,Maruti Suzuki,WagonR,2023,19767,C (Fair),Ahmedabad,289300.0,277200.0,2026-05-09,1,2026-06-09,267500.0,31
103383,Toyota,Innova,2020,53045,B (Good),Chennai,832000.0,779500.0,2026-08-27,0,,,5
103384,Hyundai,i20,2023,37478,B (Good),Mumbai,434900.0,481500.0,2026-06-19,1,2026-07-18,455500.0,29
103385,Tata,Altroz,2018,96842,B (Good),Chennai,254600.0,235800.0,2026-05-11,1,2026-06-17,224700.0,37
103386,Honda,Amaze,2024,39936,C (Fair),Chennai,415200.0,369200.0,2026-08-10,1,2026-08-19,355300.0,9
103387,Hyundai,i20,2023,32196,C (Fair),Chennai,393500.0,403900.0,2026-08-21,0,,,11
103388,Maruti Suzuki,Dzire,2021,66495,C (Fair),Delhi NCR,294100.0,322600.0,2026-06-27,1,2026-07-25,308400.0,28
103389,Hyundai,Creta,2017,111303,C (Fair),Bengaluru,380600.0,382500.0,2026-06-29,1,2026-07-25,360200.0,26
103390,Mahindra,XUV700,2021,48457,C (Fair),Bengaluru,852700.0,804500.0,2026-06-01,1,2026-06-16,793200.0,15
103391,Kia,Sonet,2022,49515,A (Excellent),Hyderabad,544600.0,546000.0,2026-06-06,1,2026-07-10,519600.0,34
103392,Tata,Harrier,2022,61751,B (Good),Mumbai,902200.0,816500.0,2026-07-03,1,2026-07-26,788300.0,23
103393,Hyundai,Grand i10,2016,109454,A (Excellent),Bengaluru,173900.0,184400.0,2026-08-05,1,2026-08-28,180400.0,23
103394,Honda,City,2022,46087,B (Good),Bengaluru,569300.0,598800.0,2026-05-23,1,2026-06-26,587900.0,34
103395,Honda,City,2019,83830,A (Excellent),Pune,445000.0,494100.0,2026-08-24,0,,,8
103396,Hyundai,Venue,2023,41090,A (Excellent),Kolkata,566000.0,523100.0,2026-06-17,1,2026-07-10,495800.0,23
103397,Tata,Punch,2019,84772,C (Fair),Ahmedabad,247000.0,262700.0,2026-05-12,1,2026-06-26,259000.0,45
103398,Toyota,Fortuner,2022,55466,B (Good),Hyderabad,1816400.0,2065900.0,2026-08-21,0,,,11
103399,Tata,Tiago,2016,123358,A (Excellent),Delhi NCR,171100.0,184400.0,2026-05-21,1,2026-06-16,176500.0,26
103400,Maruti Suzuki,Ertiga,2023,34200,A (Excellent),Chennai,570100.0,604900.0,2026-08-23,0,,,9
103401,Hyundai,Venue,2016,108661,B (Good),Delhi NCR,251700.0,213200.0,2026-06-07,1,2026-07-01,207500.0,24
103402,Mahindra,Scorpio,2023,42066,B (Good),Hyderabad,872600.0,856100.0,2026-06-28,1,2026-07-13,809300.0,15
103403,Maruti Suzuki,Ertiga,2018,98907,A (Excellent),Delhi NCR,331900.0,313800.0,2026-05-09,1,2026-05-20,305200.0,11
103404,Toyota,Glanza,2019,70529,B (Good),Mumbai,301900.0,274600.0,2026-05-06,1,2026-06-01,262800.0,26
103405,Honda,WR-V,2019,80782,A (Excellent),Hyderabad,387000.0,409300.0,2026-07-21,1,2026-08-16,392200.0,26
103406,Tata,Nexon,2024,17424,B (Good),Ahmedabad,668800.0,725600.0,2026-06-04,1,2026-07-16,715300.0,42
103407,Toyota,Glanza,2022,51385,A (Excellent),Hyderabad,441600.0,457100.0,2026-08-11,0,,,21
103408,Maruti Suzuki,WagonR,2023,32677,A (Excellent),Mumbai,342600.0,345500.0,2026-08-07,0,,,25
103409,Maruti Suzuki,WagonR,2020,77791,A (Excellent),Mumbai,246100.0,189300.0,2026-06-07,1,2026-06-18,185100.0,11
103410,Toyota,Fortuner,2023,37619,B (Good),Pune,2033800.0,1964400.0,2026-05-28,1,2026-06-20,1851800.0,23
103411,Mahindra,XUV700,2016,117611,A (Excellent),Delhi NCR,592100.0,599600.0,2026-06-21,1,2026-07-10,573100.0,19
103412,Hyundai,Creta,2022,56169,A (Excellent),Chennai,777400.0,823700.0,2026-07-24,1,2026-08-30,782000.0,37
103413,Hyundai,Creta,2022,40059,A (Excellent),Bengaluru,790600.0,782400.0,2026-06-15,1,2026-06-26,756700.0,11
103414,Honda,WR-V,2022,51806,B (Good),Kolkata,490500.0,434100.0,2026-07-31,1,2026-08-26,428800.0,26
103415,Maruti Suzuki,WagonR,2016,118268,B (Good),Mumbai,149400.0,164300.0,2026-06-29,1,2026-08-02,158900.0,34
103416,Tata,Harrier,2019,81319,C (Fair),Pune,599100.0,637600.0,2026-05-14,1,2026-06-11,625800.0,28
103417,Hyundai,Grand i10,2021,62811,B (Good),Kolkata,271500.0,295100.0,2026-06-06,1,2026-07-23,279900.0,47
103418,Hyundai,i20,2024,21292,B (Good),Delhi NCR,485900.0,529200.0,2026-06-29,1,2026-08-03,506800.0,35
103419,Mahindra,Scorpio,2024,40152,C (Fair),Kolkata,864700.0,764200.0,2026-05-21,1,2026-06-22,739100.0,32
103420,Maruti Suzuki,Swift,2020,74296,C (Fair),Pune,251600.0,261000.0,2026-07-05,1,2026-08-06,252900.0,32
103421,Toyota,Glanza,2023,40839,B (Good),Delhi NCR,454300.0,529000.0,2026-05-21,1,2026-06-27,507200.0,37
103422,Kia,Sonet,2022,44207,A (Excellent),Bengaluru,547600.0,559200.0,2026-06-28,1,2026-07-19,547100.0,21
103423,Kia,Carens,2024,27215,A (Excellent),Chennai,883400.0,847100.0,2026-06-17,1,2026-07-02,803100.0,15
103424,Mahindra,XUV700,2018,99512,C (Fair),Kolkata,608100.0,524100.0,2026-05-21,1,2026-06-12,493400.0,22
103425,Honda,Jazz,2018,96396,A (Excellent),Kolkata,275100.0,256700.0,2026-07-07,1,2026-07-26,246900.0,19
103426,Tata,Nexon,2019,82637,C (Fair),Hyderabad,350700.0,287600.0,2026-07-22,1,2026-08-15,276500.0,24
103427,Mahindra,XUV300,2017,102866,B (Good),Mumbai,297000.0,342100.0,2026-06-07,1,2026-07-14,330700.0,37
103428,Tata,Tiago,2017,123879,A (Excellent),Ahmedabad,188000.0,167300.0,2026-05-07,1,2026-06-03,161100.0,27
103429,Toyota,Innova,2022,42456,B (Good),Hyderabad,1016000.0,862000.0,2026-08-16,0,,,16
103430,Honda,Amaze,2020,66655,A (Excellent),Ahmedabad,332100.0,355000.0,2026-08-04,0,,,28
103431,Mahindra,Scorpio,2022,42391,A (Excellent),Bengaluru,857300.0,889900.0,2026-07-31,0,,,32
103432,Honda,Amaze,2021,66417,A (Excellent),Kolkata,365100.0,339700.0,2026-08-10,0,,,22
103433,Maruti Suzuki,WagonR,2021,54619,B (Good),Bengaluru,256700.0,282700.0,2026-08-14,0,,,18
103434,Hyundai,Creta,2022,46851,C (Fair),Delhi NCR,654200.0,819500.0,2026-06-04,1,2026-07-07,775100.0,33
103435,Kia,Seltos,2018,90178,B (Good),Kolkata,475800.0,420000.0,2026-07-31,1,2026-08-19,400000.0,19
103436,Toyota,Glanza,2017,127017,A (Excellent),Pune,253600.0,260900.0,2026-08-17,0,,,15
103437,Honda,Jazz,2020,69736,A (Excellent),Hyderabad,342100.0,334800.0,2026-06-01,1,2026-06-20,330700.0,19
103438,Mahindra,Scorpio,2024,24974,A (Excellent),Bengaluru,1054100.0,1068700.0,2026-05-21,1,2026-06-09,1016600.0,19
103439,Hyundai,Grand i10,2022,54705,B (Good),Mumbai,300900.0,326200.0,2026-05-09,1,2026-06-08,320600.0,30
103440,Tata,Altroz,2021,53690,A (Excellent),Mumbai,382400.0,360100.0,2026-05-06,1,2026-06-01,344500.0,26
103441,Hyundai,Creta,2024,27004,A (Excellent),Hyderabad,967700.0,888000.0,2026-07-18,1,2026-08-03,853400.0,16
103442,Tata,Punch,2021,56419,B (Good),Mumbai,341600.0,354700.0,2026-06-10,1,2026-07-14,338400.0,34
103443,Tata,Altroz,2023,43878,A (Excellent),Chennai,466500.0,419500.0,2026-08-13,0,,,19
103444,Honda,WR-V,2023,44597,B (Good),Chennai,543100.0,481100.0,2026-07-25,1,2026-08-17,462600.0,23
103445,Toyota,Innova,2020,97146,B (Good),Chennai,793300.0,766400.0,2026-05-13,1,2026-06-15,722600.0,33
103446,Maruti Suzuki,Dzire,2017,116963,C (Fair),Ahmedabad,190700.0,190400.0,2026-07-01,1,2026-07-24,184000.0,23
103447,Toyota,Innova,2023,34103,B (Good),Kolkata,1126200.0,1193800.0,2026-06-30,1,2026-08-16,1142800.0,47
103448,Toyota,Innova,2021,65268,B (Good),Delhi NCR,902500.0,757200.0,2026-07-25,1,2026-08-12,736000.0,18
103449,Tata,Nexon,2024,35069,A (Excellent),Kolkata,709400.0,757300.0,2026-05-10,1,2026-06-23,732700.0,44
103450,Tata,Altroz,2023,41854,B (Good),Delhi NCR,432900.0,458900.0,2026-08-16,0,,,16
103451,Tata,Punch,2022,53652,B (Good),Chennai,376500.0,392900.0,2026-06-01,1,2026-07-06,371700.0,35
103452,Tata,Nexon,2022,34186,B (Good),Pune,544400.0,520700.0,2026-07-21,1,2026-08-29,489900.0,39
103453,Maruti Suzuki,WagonR,2021,69086,B (Good),Bengaluru,252800.0,263900.0,2026-05-11,1,2026-05-30,252800.0,19
103454,Toyota,Innova,2021,58766,A (Excellent),Delhi NCR,981500.0,1101000.0,2026-05-06,1,2026-06-01,1055300.0,26
103455,Hyundai,Verna,2017,93600,B (Good),Hyderabad,356300.0,411400.0,2026-08-26,0,,,6
103456,Hyundai,i20,2019,73591,B (Good),Ahmedabad,287000.0,311700.0,2026-06-26,1,2026-08-18,304300.0,53
103457,Kia,Carens,2022,61647,C (Fair),Pune,588000.0,570800.0,2026-06-24,1,2026-07-15,565100.0,21
103458,Maruti Suzuki,Ertiga,2017,104554,A (Excellent),Mumbai,300100.0,331000.0,2026-07-27,1,2026-08-27,320500.0,31
103459,Tata,Punch,2024,25476,A (Excellent),Delhi NCR,505700.0,527500.0,2026-07-29,1,2026-08-17,513200.0,19
103460,Tata,Nexon,2017,106235,B (Good),Delhi NCR,314400.0,286200.0,2026-08-23,0,,,9
103461,Tata,Nexon,2024,34250,A (Excellent),Chennai,710000.0,797400.0,2026-06-12,1,2026-07-28,753900.0,46
103462,Maruti Suzuki,Dzire,2020,68119,A (Excellent),Mumbai,320600.0,330400.0,2026-06-03,1,2026-06-15,316900.0,12
103463,Honda,City,2017,98436,B (Good),Chennai,335800.0,352700.0,2026-05-24,1,2026-07-04,342800.0,41
103464,Maruti Suzuki,Swift,2017,110117,B (Good),Ahmedabad,202500.0,204100.0,2026-08-20,0,,,12
103465,Honda,Jazz,2023,36156,B (Good),Mumbai,435500.0,420500.0,2026-08-31,0,,,1
103466,Mahindra,XUV300,2021,50410,A (Excellent),Mumbai,495100.0,516000.0,2026-07-09,1,2026-08-09,491000.0,31
103467,Mahindra,XUV700,2016,115674,B (Good),Mumbai,549500.0,571100.0,2026-05-18,1,2026-06-22,564000.0,35
103468,Kia,Seltos,2020,77102,A (Excellent),Delhi NCR,629500.0,601600.0,2026-05-30,1,2026-06-22,590500.0,23
103469,Honda,Jazz,2020,61041,B (Good),Kolkata,319700.0,308800.0,2026-08-26,0,,,6
103470,Honda,Jazz,2022,43466,B (Good),Kolkata,393300.0,451100.0,2026-06-12,1,2026-08-04,445400.0,53
103471,Hyundai,Verna,2024,31909,A (Excellent),Chennai,795400.0,833300.0,2026-06-26,1,2026-07-20,807000.0,24
103472,Toyota,Fortuner,2022,49417,C (Fair),Bengaluru,1645300.0,1692800.0,2026-06-06,1,2026-07-11,1639000.0,35
103473,Hyundai,i20,2020,73079,C (Fair),Kolkata,284000.0,272700.0,2026-05-28,1,2026-06-26,259700.0,29
103474,Maruti Suzuki,Ertiga,2018,105109,B (Good),Kolkata,305200.0,264000.0,2026-08-18,0,,,14
103475,Maruti Suzuki,Swift,2021,63790,A (Excellent),Hyderabad,335600.0,322100.0,2026-05-26,1,2026-06-13,312800.0,18
103476,Kia,Sonet,2017,112381,B (Good),Chennai,293900.0,273100.0,2026-08-17,0,,,15
103477,Maruti Suzuki,Swift,2018,96379,C (Fair),Chennai,203400.0,187200.0,2026-07-19,1,2026-08-07,180700.0,19
103478,Honda,Jazz,2017,104143,B (Good),Bengaluru,229800.0,232400.0,2026-05-13,1,2026-06-14,226800.0,32
103479,Toyota,Innova,2018,89107,A (Excellent),Chennai,715800.0,727000.0,2026-06-29,1,2026-08-09,711000.0,41
103480,Mahindra,XUV700,2018,88106,A (Excellent),Kolkata,739000.0,754800.0,2026-08-27,0,,,5
103481,Mahindra,Scorpio,2019,85236,A (Excellent),Hyderabad,617100.0,635400.0,2026-05-23,1,2026-06-24,602900.0,32
103482,Hyundai,Venue,2024,21933,A (Excellent),Kolkata,634400.0,577300.0,2026-08-15,0,,,17
103483,Hyundai,Verna,2023,39030,A (Excellent),Mumbai,718500.0,668600.0,2026-06-25,1,2026-07-16,641300.0,21
103484,Maruti Suzuki,Swift,2023,35562,C (Fair),Mumbai,347900.0,387500.0,2026-08-01,0,,,31
103485,Maruti Suzuki,Swift,2022,61731,C (Fair),Bengaluru,308000.0,290700.0,2026-05-29,1,2026-06-21,278600.0,23
103486,Toyota,Glanza,2023,30828,B (Good),Delhi NCR,459100.0,485600.0,2026-08-22,0,,,10
103487,Tata,Punch,2023,34821,C (Fair),Ahmedabad,379800.0,335200.0,2026-06-24,1,2026-07-14,324200.0,20
103488,Mahindra,XUV300,2018,121271,C (Fair),Hyderabad,287700.0,280900.0,2026-07-18,1,2026-08-15,276600.0,28
103489,Mahindra,XUV300,2020,86613,A (Excellent),Ahmedabad,433400.0,439300.0,2026-08-09,0,,,23
103490,Honda,Jazz,2023,40613,B (Good),Chennai,433500.0,454900.0,2026-05-14,1,2026-06-17,432300.0,34
103491,Maruti Suzuki,WagonR,2023,45755,B (Good),Ahmedabad,312900.0,318600.0,2026-05-26,1,2026-07-07,312400.0,42
103492,Maruti Suzuki,WagonR,2024,27430,A (Excellent),Pune,378500.0,349600.0,2026-06-25,1,2026-07-12,339400.0,17
103493,Hyundai,i20,2018,104477,B (Good),Delhi NCR,252500.0,256300.0,2026-07-09,1,2026-08-04,253500.0,26
103494,Mahindra,XUV700,2020,60334,A (Excellent),Mumbai,919500.0,896900.0,2026-06-02,1,2026-06-25,867100.0,23
103495,Hyundai,Creta,2016,123146,C (Fair),Pune,341800.0,345800.0,2026-07-27,1,2026-08-22,333500.0,26
103496,Maruti Suzuki,WagonR,2020,92524,B (Good),Delhi NCR,224300.0,219200.0,2026-06-22,1,2026-07-14,214600.0,22
103497,Maruti Suzuki,Baleno,2019,84256,B (Good),Delhi NCR,274600.0,317900.0,2026-07-08,1,2026-08-09,300800.0,32
103498,Hyundai,Venue,2023,35468,B (Good),Ahmedabad,527200.0,467000.0,2026-05-21,1,2026-06-07,447000.0,17
103499,Mahindra,XUV700,2020,80680,B (Good),Bengaluru,833000.0,793900.0,2026-05-11,1,2026-06-08,783700.0,28
103500,Honda,Jazz,2024,21895,A (Excellent),Kolkata,524500.0,501500.0,2026-08-17,0,,,15
103501,Mahindra,Bolero,2020,71292,B (Good),Hyderabad,357000.0,349500.0,2026-05-28,1,2026-06-21,331200.0,24
103502,Hyundai,i20,2019,83438,A (Excellent),Chennai,306700.0,299900.0,2026-06-29,1,2026-07-25,282100.0,26
103503,Toyota,Innova,2023,25555,B (Good),Mumbai,1136200.0,1274800.0,2026-07-22,1,2026-08-25,1255500.0,34
103504,Mahindra,Bolero,2023,24458,A (Excellent),Bengaluru,537400.0,522100.0,2026-05-15,1,2026-06-07,503500.0,23
103505,Maruti Suzuki,Baleno,2018,97560,B (Good),Delhi NCR,246200.0,245000.0,2026-08-16,1,2026-08-27,242300.0,11
103506,Maruti Suzuki,Ertiga,2023,34515,C (Fair),Chennai,474900.0,508300.0,2026-08-03,0,,,29
103507,Mahindra,Scorpio,2020,71915,B (Good),Kolkata,637100.0,631800.0,2026-08-01,1,2026-08-27,595600.0,26
103508,Hyundai,Creta,2018,97297,A (Excellent),Chennai,509800.0,531000.0,2026-05-06,1,2026-06-08,516000.0,33
103509,Hyundai,i20,2021,57018,A (Excellent),Ahmedabad,381000.0,352000.0,2026-07-19,1,2026-08-26,332300.0,38
103510,Hyundai,Creta,2023,42446,A (Excellent),Hyderabad,866700.0,767900.0,2026-07-19,1,2026-08-09,735800.0,21
103511,Honda,Amaze,2021,57695,B (Good),Chennai,341200.0,350000.0,2026-06-21,1,2026-08-06,329300.0,46
103512,Maruti Suzuki,Ertiga,2023,26911,B (Good),Pune,531800.0,508800.0,2026-06-07,1,2026-07-10,482600.0,33
103513,Tata,Tiago,2022,70849,B (Good),Ahmedabad,295800.0,303900.0,2026-08-09,0,,,23
103514,Hyundai,i20,2020,76749,B (Good),Kolkata,314300.0,272300.0,2026-07-07,1,2026-07-30,261900.0,23
103515,Honda,WR-V,2021,53556,C (Fair),Ahmedabad,400900.0,357500.0,2026-07-02,1,2026-08-06,349400.0,35
103516,Maruti Suzuki,Baleno,2023,23375,B (Good),Ahmedabad,427000.0,431900.0,2026-07-31,0,,,32
103517,Mahindra,Scorpio,2021,53348,B (Good),Mumbai,714100.0,794400.0,2026-08-24,0,,,8
103518,Kia,Sonet,2021,55665,C (Fair),Kolkata,410300.0,397700.0,2026-08-11,0,,,21
103519,Maruti Suzuki,Swift,2020,73103,B (Good),Bengaluru,280000.0,308000.0,2026-08-07,1,2026-08-28,303200.0,21
103520,Hyundai,Verna,2016,123695,B (Good),Mumbai,313500.0,336700.0,2026-05-19,1,2026-06-21,318300.0,33
103521,Tata,Tiago,2018,102467,C (Fair),Ahmedabad,176300.0,161200.0,2026-07-15,1,2026-08-04,154800.0,20
103522,Toyota,Glanza,2018,104764,A (Excellent),Kolkata,285800.0,335500.0,2026-05-15,1,2026-07-06,325100.0,52
103523,Hyundai,i20,2024,30033,B (Good),Ahmedabad,481600.0,424300.0,2026-05-26,1,2026-06-22,412600.0,27
103524,Maruti Suzuki,Swift,2016,120125,B (Good),Mumbai,182200.0,198700.0,2026-05-21,1,2026-06-21,187600.0,31
103525,Mahindra,Scorpio,2022,48976,B (Good),Hyderabad,788300.0,734500.0,2026-06-24,1,2026-07-16,703100.0,22
103526,Mahindra,XUV700,2022,40086,A (Excellent),Hyderabad,1134300.0,1149500.0,2026-08-19,0,,,13
103527,Tata,Punch,2018,94040,A (Excellent),Bengaluru,267000.0,289500.0,2026-05-17,1,2026-06-08,282100.0,22
103528,Mahindra,Bolero,2023,40685,B (Good),Bengaluru,489400.0,497900.0,2026-08-05,0,,,27
103529,Honda,Amaze,2024,26043,B (Good),Bengaluru,468000.0,450500.0,2026-05-19,1,2026-06-06,438700.0,18
103530,Tata,Punch,2020,62756,B (Good),Hyderabad,308800.0,315700.0,2026-06-19,1,2026-07-14,298300.0,25
103531,Maruti Suzuki,Ertiga,2022,49145,A (Excellent),Kolkata,510700.0,484600.0,2026-08-26,0,,,6
103532,Honda,WR-V,2023,31263,A (Excellent),Mumbai,594700.0,651800.0,2026-06-11,1,2026-07-05,635400.0,24
103533,Maruti Suzuki,WagonR,2022,48375,B (Good),Pune,284000.0,276200.0,2026-06-17,1,2026-07-19,268400.0,32
103534,Maruti Suzuki,Swift,2023,26166,A (Excellent),Hyderabad,421500.0,403400.0,2026-07-22,1,2026-08-17,395500.0,26
103535,Tata,Altroz,2024,17433,A (Excellent),Mumbai,526900.0,524000.0,2026-05-13,1,2026-06-14,497800.0,32
103536,Tata,Punch,2016,110052,A (Excellent),Chennai,217200.0,197900.0,2026-06-25,1,2026-07-22,190500.0,27
103537,Maruti Suzuki,Swift,2023,29565,B (Good),Chennai,389000.0,370500.0,2026-07-29,1,2026-08-19,349100.0,21
103538,Maruti Suzuki,Ertiga,2023,32550,B (Good),Delhi NCR,528800.0,477800.0,2026-08-06,1,2026-08-16,462400.0,10
103539,Mahindra,Bolero,2019,88055,B (Good),Ahmedabad,319000.0,279400.0,2026-08-08,1,2026-08-27,265400.0,19
103540,Maruti Suzuki,WagonR,2023,33828,A (Excellent),Bengaluru,342200.0,325100.0,2026-06-02,1,2026-06-28,311100.0,26
103541,Maruti Suzuki,Dzire,2019,81792,C (Fair),Mumbai,239500.0,283100.0,2026-05-13,1,2026-06-19,274500.0,37
103542,Honda,WR-V,2022,31944,B (Good),Pune,500700.0,470500.0,2026-05-27,1,2026-06-06,464700.0,10
103543,Hyundai,i20,2023,26598,C (Fair),Bengaluru,395800.0,378400.0,2026-07-06,1,2026-07-31,371700.0,25
103544,Kia,Seltos,2016,121909,C (Fair),Ahmedabad,342200.0,359100.0,2026-05-09,1,2026-06-17,341400.0,39
103545,Toyota,Innova,2023,39308,A (Excellent),Mumbai,1209700.0,1013900.0,2026-07-31,1,2026-08-19,977800.0,19
103546,Tata,Tiago,2019,79729,A (Excellent),Bengaluru,238400.0,251100.0,2026-07-31,1,2026-08-25,237900.0,25
103547,Hyundai,Venue,2024,20768,C (Fair),Delhi NCR,529300.0,531900.0,2026-08-31,0,,,1
103548,Toyota,Innova,2021,67022,B (Good),Delhi NCR,900800.0,996600.0,2026-05-31,1,2026-06-22,950500.0,22
103549,Maruti Suzuki,Swift,2023,36137,A (Excellent),Mumbai,417200.0,401500.0,2026-07-26,1,2026-08-14,393500.0,19
103550,Mahindra,XUV700,2024,32827,B (Good),Hyderabad,1277900.0,1327200.0,2026-08-24,0,,,8
103551,Honda,City,2018,100301,B (Good),Chennai,368200.0,384400.0,2026-06-04,1,2026-07-03,377500.0,29
103552,Hyundai,Creta,2023,15471,A (Excellent),Chennai,891100.0,992600.0,2026-08-12,0,,,20
103553,Honda,City,2024,44746,B (Good),Hyderabad,688500.0,686700.0,2026-06-09,1,2026-06-30,648500.0,21
103554,Mahindra,Bolero,2022,40445,C (Fair),Ahmedabad,400900.0,445200.0,2026-07-23,0,,,40
103555,Tata,Tiago,2021,58320,B (Good),Chennai,272800.0,226400.0,2026-07-06,1,2026-07-30,216200.0,24
103556,Hyundai,Creta,2022,51611,B (Good),Mumbai,723300.0,744600.0,2026-05-30,1,2026-06-24,720300.0,25
103557,Mahindra,XUV700,2020,73034,A (Excellent),Bengaluru,907100.0,917200.0,2026-06-02,1,2026-06-24,874600.0,22
103558,Mahindra,XUV300,2020,79953,A (Excellent),Delhi NCR,436500.0,398400.0,2026-08-05,1,2026-08-24,379800.0,19
103559,Maruti Suzuki,Ertiga,2021,57214,A (Excellent),Bengaluru,460800.0,498900.0,2026-08-03,1,2026-08-23,469700.0,20
103560,Maruti Suzuki,Baleno,2016,119981,C (Fair),Pune,179000.0,151000.0,2026-08-19,1,2026-08-27,148400.0,8
103561,Maruti Suzuki,Dzire,2024,23522,A (Excellent),Hyderabad,489800.0,533000.0,2026-06-01,1,2026-07-01,514100.0,30
103562,Honda,Jazz,2023,44659,A (Excellent),Chennai,466200.0,464900.0,2026-07-03,1,2026-08-24,448600.0,52
103563,Toyota,Innova,2024,24229,B (Good),Hyderabad,1250200.0,1229200.0,2026-06-16,1,2026-07-20,1210200.0,34
103564,Toyota,Fortuner,2021,61511,C (Fair),Kolkata,1478100.0,1546900.0,2026-08-15,0,,,17
103565,Mahindra,Scorpio,2023,39283,B (Good),Chennai,875100.0,841400.0,2026-05-21,1,2026-06-16,795600.0,26
103566,Maruti Suzuki,Ertiga,2022,45161,B (Good),Delhi NCR,474900.0,435100.0,2026-08-26,0,,,6
103567,Maruti Suzuki,Dzire,2020,66863,B (Good),Mumbai,297200.0,289500.0,2026-05-11,1,2026-06-02,274300.0,22
103568,Toyota,Glanza,2020,67301,A (Excellent),Kolkata,359600.0,354900.0,2026-06-08,1,2026-07-19,345700.0,41
103569,Tata,Nexon,2018,70729,B (Good),Ahmedabad,359200.0,378700.0,2026-07-15,1,2026-08-28,367000.0,44
103570,Tata,Nexon,2021,53152,C (Fair),Delhi NCR,437100.0,496200.0,2026-06-08,1,2026-07-02,483800.0,24
103571,Tata,Tiago,2024,13813,C (Fair),Kolkata,341200.0,323400.0,2026-06-18,1,2026-08-01,315000.0,44
103572,Honda,Amaze,2023,22750,B (Good),Kolkata,427300.0,430900.0,2026-06-11,1,2026-07-18,407700.0,37
103573,Hyundai,Venue,2016,105554,B (Good),Ahmedabad,252600.0,285800.0,2026-06-06,1,2026-07-25,281000.0,49
103574,Hyundai,i20,2022,49459,B (Good),Delhi NCR,390800.0,453500.0,2026-06-07,1,2026-07-15,436100.0,38
103575,Mahindra,XUV700,2022,38452,B (Good),Pune,1052100.0,917700.0,2026-06-05,1,2026-06-14,891000.0,9
103576,Maruti Suzuki,WagonR,2016,114369,A (Excellent),Bengaluru,162100.0,156000.0,2026-08-01,1,2026-08-20,152800.0,19
103577,Maruti Suzuki,Dzire,2024,18767,B (Good),Mumbai,455700.0,490200.0,2026-05-21,1,2026-06-25,484100.0,35
103578,Tata,Altroz,2021,69295,C (Fair),Mumbai,313400.0,332400.0,2026-06-01,1,2026-06-30,323200.0,29
103579,Tata,Altroz,2018,99495,B (Good),Bengaluru,253900.0,299700.0,2026-07-05,1,2026-08-09,289300.0,35
103580,Honda,WR-V,2020,68654,B (Good),Hyderabad,398900.0,342200.0,2026-08-30,0,,,2
103581,Hyundai,Venue,2022,40173,A (Excellent),Hyderabad,515600.0,508100.0,2026-05-22,1,2026-06-26,499800.0,35
103582,Hyundai,Venue,2021,56378,B (Good),Bengaluru,427100.0,343000.0,2026-06-13,1,2026-06-27,332200.0,14
103583,Honda,Jazz,2021,51044,B (Good),Kolkata,355000.0,364900.0,2026-05-06,1,2026-06-11,358100.0,36
103584,Maruti Suzuki,Dzire,2020,71596,A (Excellent),Kolkata,319400.0,278700.0,2026-07-09,1,2026-08-13,272000.0,35
103585,Mahindra,Scorpio,2019,93891,B (Good),Chennai,566000.0,502800.0,2026-07-20,1,2026-08-09,478600.0,20
103586,Kia,Carens,2024,25824,A (Excellent),Mumbai,884700.0,931100.0,2026-07-28,1,2026-08-31,911500.0,34
103587,Toyota,Glanza,2017,122176,C (Fair),Chennai,212500.0,228800.0,2026-07-21,1,2026-08-18,226100.0,28
103588,Maruti Suzuki,Dzire,2021,65588,A (Excellent),Bengaluru,353200.0,399300.0,2026-08-28,0,,,4
103589,Hyundai,Venue,2023,27610,A (Excellent),Mumbai,574000.0,504400.0,2026-06-14,1,2026-06-27,475500.0,13
103590,Mahindra,XUV300,2017,106836,B (Good),Chennai,295700.0,339900.0,2026-06-06,1,2026-07-13,321900.0,37
103591,Maruti Suzuki,Swift,2018,91871,B (Good),Ahmedabad,227100.0,192200.0,2026-07-22,1,2026-08-15,182700.0,24
103592,Tata,Tiago,2018,110248,A (Excellent),Ahmedabad,209800.0,204100.0,2026-06-28,1,2026-08-02,193000.0,35
103593,Hyundai,Creta,2024,20867,B (Good),Pune,901700.0,972200.0,2026-06-07,1,2026-07-07,942100.0,30
103594,Honda,City,2017,115107,A (Excellent),Mumbai,355900.0,328000.0,2026-05-09,1,2026-06-03,313400.0,25
103595,Maruti Suzuki,WagonR,2023,28708,A (Excellent),Kolkata,344000.0,349100.0,2026-07-18,1,2026-08-20,331700.0,33
103596,Mahindra,Scorpio,2023,38184,C (Fair),Bengaluru,788500.0,652200.0,2026-08-04,1,2026-08-23,640900.0,19
103597,Toyota,Fortuner,2024,34942,A (Excellent),Bengaluru,2420500.0,2537100.0,2026-05-22,1,2026-06-21,2449300.0,30
103598,Honda,WR-V,2020,78450,A (Excellent),Delhi NCR,426300.0,437900.0,2026-07-29,1,2026-08-19,424500.0,21
103599,Mahindra,Scorpio,2022,38960,C (Fair),Delhi NCR,717000.0,636400.0,2026-07-19,1,2026-08-09,623300.0,21
103600,Toyota,Innova,2018,91069,B (Good),Delhi NCR,661300.0,719100.0,2026-08-11,0,,,21
103601,Mahindra,XUV300,2022,33022,B (Good),Kolkata,513000.0,451600.0,2026-06-16,1,2026-07-06,438900.0,20
103602,Maruti Suzuki,Ertiga,2021,56515,A (Excellent),Kolkata,461200.0,524000.0,2026-05-05,1,2026-06-17,509800.0,43
103603,Mahindra,XUV700,2021,55478,B (Good),Pune,940500.0,950100.0,2026-06-17,1,2026-07-21,913400.0,34
103604,Mahindra,XUV300,2020,73638,B (Good),Hyderabad,407000.0,424400.0,2026-06-14,1,2026-07-07,400300.0,23
103605,Kia,Carens,2021,55890,B (Good),Mumbai,598200.0,605800.0,2026-05-27,1,2026-06-26,574800.0,30
103606,Tata,Nexon,2022,39012,A (Excellent),Chennai,585000.0,505800.0,2026-05-14,1,2026-06-02,489700.0,19
103607,Hyundai,Verna,2018,88913,A (Excellent),Ahmedabad,425100.0,519700.0,2026-06-18,1,2026-07-31,507600.0,43
103608,Maruti Suzuki,Dzire,2020,65228,C (Fair),Mumbai,268000.0,264600.0,2026-06-29,1,2026-08-01,251600.0,33
103609,Tata,Tiago,2024,18886,C (Fair),Delhi NCR,339400.0,363900.0,2026-05-15,1,2026-06-12,342300.0,28
103610,Maruti Suzuki,Ertiga,2023,27721,A (Excellent),Chennai,573900.0,605600.0,2026-08-06,1,2026-08-31,581500.0,25
103611,Honda,City,2024,11663,B (Good),Mumbai,712300.0,619400.0,2026-07-16,1,2026-08-08,599300.0,23
103612,Honda,Amaze,2021,55791,B (Good),Delhi NCR,341900.0,348100.0,2026-06-02,1,2026-06-26,334800.0,24
103613,Kia,Sonet,2023,22370,A (Excellent),Kolkata,615500.0,632400.0,2026-06-12,1,2026-07-23,620000.0,41
103614,Honda,Amaze,2020,74446,B (Good),Bengaluru,305000.0,321700.0,2026-08-18,0,,,14
103615,Toyota,Glanza,2022,47393,B (Good),Ahmedabad,410600.0,421300.0,2026-07-17,1,2026-08-18,413100.0,32
103616,Toyota,Innova,2017,115581,A (Excellent),Delhi NCR,632400.0,603900.0,2026-06-16,1,2026-07-10,589900.0,24
103617,Maruti Suzuki,Baleno,2023,20761,C (Fair),Mumbai,385300.0,389600.0,2026-07-10,1,2026-07-30,383700.0,20
103618,Toyota,Fortuner,2024,33682,B (Good),Chennai,2244100.0,2200700.0,2026-07-04,1,2026-07-26,2148400.0,22
103619,Maruti Suzuki,Baleno,2022,53894,B (Good),Ahmedabad,376400.0,308300.0,2026-06-23,1,2026-07-26,305200.0,33
103620,Honda,Jazz,2023,32926,A (Excellent),Delhi NCR,471900.0,494000.0,2026-06-24,1,2026-07-18,486300.0,24
103621,Toyota,Fortuner,2024,8133,C (Fair),Chennai,2073100.0,1990300.0,2026-08-21,0,,,11
103622,Honda,WR-V,2023,42337,A (Excellent),Hyderabad,587900.0,579600.0,2026-05-27,1,2026-06-30,565500.0,34
103623,Maruti Suzuki,Dzire,2020,67914,B (Good),Hyderabad,296900.0,261100.0,2026-06-21,1,2026-06-28,248900.0,7
103624,Toyota,Innova,2018,99659,B (Good),Delhi NCR,655100.0,741000.0,2026-07-17,1,2026-08-18,705400.0,32
103625,Maruti Suzuki,Ertiga,2024,28534,B (Good),Kolkata,583500.0,593100.0,2026-06-05,1,2026-07-18,567900.0,43
103626,Toyota,Innova,2024,27182,A (Excellent),Mumbai,1346200.0,1458900.0,2026-05-30,1,2026-06-21,1440500.0,22
103627,Mahindra,Scorpio,2022,44479,B (Good),Hyderabad,792100.0,784700.0,2026-07-07,1,2026-08-14,772200.0,38
103628,Mahindra,XUV300,2020,75628,B (Good),Kolkata,406100.0,405700.0,2026-05-26,1,2026-06-21,398300.0,26
103629,Kia,Sonet,2023,43829,B (Good),Pune,557400.0,608700.0,2026-05-05,1,2026-06-05,592000.0,31
103630,Kia,Sonet,2022,53138,B (Good),Bengaluru,502300.0,432000.0,2026-05-26,1,2026-06-22,416000.0,27
103631,Kia,Sonet,2017,112817,B (Good),Bengaluru,293700.0,296400.0,2026-06-05,1,2026-07-11,284800.0,36
103632,Maruti Suzuki,Dzire,2019,78631,B (Good),Chennai,267100.0,256700.0,2026-07-30,1,2026-08-28,250600.0,29
103633,Maruti Suzuki,Ertiga,2022,40336,B (Good),Ahmedabad,477300.0,453800.0,2026-06-29,1,2026-07-31,431000.0,32
103634,Honda,City,2020,81208,A (Excellent),Delhi NCR,490400.0,481000.0,2026-08-26,0,,,6
103635,Hyundai,Venue,2024,43766,B (Good),Mumbai,574300.0,598700.0,2026-07-02,1,2026-08-07,584700.0,36
103636,Kia,Seltos,2016,115647,A (Excellent),Hyderabad,413600.0,386200.0,2026-06-27,1,2026-07-21,375600.0,24
103637,Hyundai,Creta,2024,44236,B (Good),Mumbai,880200.0,958500.0,2026-06-23,1,2026-07-11,912900.0,18
103638,Mahindra,Scorpio,2021,53271,A (Excellent),Ahmedabad,771300.0,837100.0,2026-05-11,1,2026-06-18,814000.0,38
103639,Mahindra,Scorpio,2019,88393,B (Good),Pune,569400.0,513700.0,2026-07-08,1,2026-07-31,507400.0,23
103640,Hyundai,Venue,2018,98007,A (Excellent),Bengaluru,332200.0,358700.0,2026-07-16,1,2026-08-22,339000.0,37
103641,Hyundai,Creta,2020,69556,A (Excellent),Bengaluru,634600.0,569100.0,2026-07-01,1,2026-07-17,561500.0,16
103642,Tata,Harrier,2022,50822,B (Good),Hyderabad,912700.0,923800.0,2026-05-29,1,2026-06-20,878700.0,22
103643,Tata,Tiago,2021,46355,A (Excellent),Pune,298300.0,269500.0,2026-05-16,1,2026-06-03,253300.0,18
103644,Honda,Jazz,2022,52644,C (Fair),Delhi NCR,350600.0,402800.0,2026-05-30,1,2026-07-01,395500.0,32
103645,Tata,Harrier,2024,22326,B (Good),Kolkata,1135200.0,1213700.0,2026-08-13,0,,,19
103646,Maruti Suzuki,WagonR,2021,67782,B (Good),Hyderabad,253200.0,269300.0,2026-07-29,0,,,34
103647,Maruti Suzuki,Baleno,2017,107823,A (Excellent),Hyderabad,239200.0,228800.0,2026-08-12,1,2026-08-23,216100.0,11
103648,Toyota,Innova,2020,70854,B (Good),Ahmedabad,816400.0,816900.0,2026-07-12,1,2026-08-16,775400.0,35
103649,Kia,Seltos,2020,68120,B (Good),Ahmedabad,588500.0,599400.0,2026-07-31,0,,,32
103650,Hyundai,Venue,2018,87931,A (Excellent),Mumbai,336000.0,296000.0,2026-08-02,1,2026-08-24,287900.0,22
103651,Maruti Suzuki,Baleno,2023,49404,B (Good),Kolkata,415600.0,405800.0,2026-08-10,0,,,22
103652,Honda,WR-V,2021,68406,B (Good),Delhi NCR,438500.0,514300.0,2026-08-12,0,,,20
103653,Tata,Tiago,2024,21024,C (Fair),Kolkata,338700.0,290400.0,2026-07-31,1,2026-08-19,286800.0,19
103654,Maruti Suzuki,Baleno,2018,100947,A (Excellent),Delhi NCR,264900.0,286000.0,2026-05-06,1,2026-06-10,272600.0,35
103655,Maruti Suzuki,WagonR,2022,36293,C (Fair),Delhi NCR,258800.0,285100.0,2026-08-11,0,,,21
103656,Hyundai,Verna,2020,75864,B (Good),Delhi NCR,482100.0,416000.0,2026-06-26,1,2026-07-09,404800.0,13
103657,Hyundai,Venue,2022,42722,C (Fair),Mumbai,428500.0,417900.0,2026-05-27,1,2026-06-17,399600.0,21
103658,Maruti Suzuki,Ertiga,2018,112028,B (Good),Hyderabad,302900.0,293600.0,2026-07-14,1,2026-07-26,282300.0,12
103659,Hyundai,Venue,2021,66121,A (Excellent),Pune,456500.0,427100.0,2026-08-26,0,,,6
103660,Toyota,Innova,2022,54198,B (Good),Kolkata,1003500.0,758300.0,2026-08-24,0,,,8
103661,Toyota,Fortuner,2020,64335,A (Excellent),Pune,1609300.0,1554100.0,2026-05-19,1,2026-06-14,1507000.0,26
103662,Tata,Harrier,2022,61586,B (Good),Bengaluru,902300.0,899700.0,2026-05-26,1,2026-06-19,886500.0,24
103663,Toyota,Innova,2024,19768,B (Good),Pune,1256000.0,1367400.0,2026-08-23,0,,,9
103664,Maruti Suzuki,Dzire,2022,45283,B (Good),Delhi NCR,367200.0,358900.0,2026-05-26,1,2026-06-23,355100.0,28
103665,Honda,WR-V,2023,63822,B (Good),Mumbai,532100.0,539000.0,2026-07-21,1,2026-08-17,523600.0,27
103666,Tata,Tiago,2016,126293,C (Fair),Pune,142100.0,163500.0,2026-07-24,0,,,39
103667,Tata,Altroz,2023,41966,B (Good),Bengaluru,432900.0,439100.0,2026-07-16,1,2026-08-03,413500.0,18
103668,Hyundai,Grand i10,2024,17162,B (Good),Chennai,377800.0,338500.0,2026-08-31,0,,,1
103669,Toyota,Glanza,2024,22821,B (Good),Pune,508600.0,447200.0,2026-07-01,1,2026-07-25,433300.0,24
103670,Maruti Suzuki,Dzire,2023,38051,B (Good),Delhi NCR,406600.0,396100.0,2026-07-29,1,2026-08-22,383000.0,24
103671,Toyota,Glanza,2022,44248,C (Fair),Delhi NCR,370800.0,399900.0,2026-05-21,1,2026-06-17,377000.0,27
103672,Honda,Amaze,2024,22674,B (Good),Chennai,469600.0,544400.0,2026-08-24,0,,,8
103673,Honda,Jazz,2016,112336,B (Good),Kolkata,207300.0,169200.0,2026-07-17,1,2026-07-30,160900.0,13
103674,Maruti Suzuki,Swift,2019,83342,C (Fair),Hyderabad,226700.0,226700.0,2026-06-25,1,2026-07-29,217200.0,34
103675,Hyundai,i20,2021,62089,A (Excellent),Bengaluru,379000.0,415500.0,2026-05-07,1,2026-06-07,395800.0,31
103676,Maruti Suzuki,WagonR,2016,128526,B (Good),Hyderabad,147700.0,153200.0,2026-06-10,1,2026-07-15,150400.0,35
103677,Hyundai,Creta,2023,31650,A (Excellent),Mumbai,876400.0,956200.0,2026-06-30,1,2026-07-25,902600.0,25
103678,Maruti Suzuki,Baleno,2017,96361,A (Excellent),Hyderabad,242300.0,221200.0,2026-08-31,0,,,1
103679,Maruti Suzuki,Dzire,2023,38981,C (Fair),Delhi NCR,365600.0,332400.0,2026-08-13,1,2026-08-30,318500.0,17
103680,Toyota,Glanza,2024,23782,C (Fair),Ahmedabad,457300.0,402600.0,2026-08-09,0,,,23
103681,Tata,Tiago,2024,21324,A (Excellent),Chennai,406300.0,411100.0,2026-06-30,1,2026-08-09,401800.0,40
103682,Hyundai,Grand i10,2019,83044,B (Good),Delhi NCR,219900.0,245800.0,2026-05-16,1,2026-06-20,243300.0,35
103683,Tata,Tiago,2018,94628,B (Good),Hyderabad,197600.0,207500.0,2026-05-14,1,2026-06-05,204900.0,22
103684,Maruti Suzuki,Ertiga,2020,85863,B (Good),Chennai,376500.0,410500.0,2026-07-08,1,2026-08-02,399300.0,25
103685,Hyundai,Venue,2020,65424,C (Fair),Delhi NCR,346400.0,349600.0,2026-05-19,1,2026-06-15,330400.0,27
103686,Hyundai,Grand i10,2021,62565,C (Fair),Delhi NCR,244400.0,295600.0,2026-05-05,1,2026-06-10,286300.0,36
103687,Maruti Suzuki,Dzire,2023,27076,B (Good),Chennai,411200.0,335700.0,2026-07-29,1,2026-08-17,331200.0,19
103688,Mahindra,XUV300,2020,66921,C (Fair),Pune,368900.0,362300.0,2026-05-17,1,2026-06-24,351200.0,38
103689,Toyota,Innova,2021,57615,C (Fair),Chennai,818900.0,779200.0,2026-06-28,1,2026-08-04,768400.0,37
103690,Honda,WR-V,2020,81155,A (Excellent),Ahmedabad,425100.0,443500.0,2026-06-26,1,2026-07-23,420300.0,27
103691,Tata,Tiago,2021,63943,B (Good),Kolkata,271100.0,252200.0,2026-07-03,1,2026-07-25,240200.0,22
103692,Toyota,Fortuner,2018,85825,B (Good),Delhi NCR,1205600.0,1267100.0,2026-06-10,1,2026-07-09,1245500.0,29
103693,Maruti Suzuki,Swift,2022,47132,B (Good),Bengaluru,347500.0,335800.0,2026-07-16,1,2026-07-26,327900.0,10
103694,Hyundai,Grand i10,2020,75789,B (Good),Pune,243600.0,246800.0,2026-08-11,0,,,21
103695,Toyota,Fortuner,2022,54565,C (Fair),Pune,1636400.0,1527100.0,2026-06-06,1,2026-07-01,1487800.0,25
103696,Honda,Jazz,2022,42396,A (Excellent),Ahmedabad,425200.0,472300.0,2026-05-12,1,2026-06-18,446100.0,37
103697,Maruti Suzuki,Dzire,2019,96206,C (Fair),Delhi NCR,235800.0,225400.0,2026-05-18,1,2026-06-14,212300.0,27
103698,Tata,Tiago,2023,27238,A (Excellent),Delhi NCR,367500.0,351000.0,2026-08-29,0,,,3
103699,Honda,Jazz,2021,53372,A (Excellent),Kolkata,382500.0,406500.0,2026-07-31,0,,,32
103700,Maruti Suzuki,WagonR,2018,92423,B (Good),Pune,185700.0,193900.0,2026-08-12,0,,,20
103701,Tata,Tiago,2016,125616,B (Good),Delhi NCR,158100.0,139300.0,2026-07-17,1,2026-08-01,137800.0,15
103702,Toyota,Glanza,2020,63627,B (Good),Kolkata,334200.0,347800.0,2026-07-09,1,2026-08-26,336100.0,48
103703,Honda,WR-V,2024,27244,C (Fair),Delhi NCR,546800.0,573200.0,2026-05-23,1,2026-06-22,546800.0,30
103704,Hyundai,Grand i10,2021,52202,B (Good),Hyderabad,274500.0,290500.0,2026-05-10,1,2026-06-12,276300.0,33
103705,Mahindra,Scorpio,2023,48660,B (Good),Bengaluru,866600.0,852600.0,2026-07-20,1,2026-08-07,808300.0,18
103706,Mahindra,Scorpio,2019,95364,B (Good),Kolkata,565100.0,583400.0,2026-05-18,1,2026-07-01,566600.0,44
103707,Maruti Suzuki,Ertiga,2024,27080,B (Good),Kolkata,584300.0,638600.0,2026-05-08,1,2026-06-17,603000.0,40
103708,Toyota,Innova,2018,108791,B (Good),Ahmedabad,648400.0,662600.0,2026-05-22,1,2026-06-27,644300.0,36
103709,Hyundai,Venue,2022,39940,B (Good),Bengaluru,477500.0,504100.0,2026-08-01,1,2026-08-31,477600.0,30
103710,Tata,Harrier,2022,54092,B (Good),Mumbai,909500.0,1033700.0,2026-06-26,1,2026-08-02,988500.0,37
103711,Tata,Tiago,2022,45089,B (Good),Mumbai,304000.0,318900.0,2026-06-06,1,2026-07-09,310500.0,33
103712,Maruti Suzuki,Dzire,2019,83550,B (Good),Mumbai,265600.0,281600.0,2026-07-18,1,2026-08-24,265800.0,37
103713,Honda,Amaze,2020,73719,C (Fair),Kolkata,274700.0,269500.0,2026-07-06,1,2026-08-04,263900.0,29
103714,Hyundai,Venue,2020,79877,A (Excellent),Delhi NCR,409300.0,474000.0,2026-08-13,0,,,19
103715,Hyundai,Verna,2018,99816,B (Good),Kolkata,388900.0,378300.0,2026-06-16,1,2026-07-31,358100.0,45
103716,Maruti Suzuki,Dzire,2024,20526,B (Good),Bengaluru,454900.0,420000.0,2026-06-03,1,2026-06-23,395400.0,20
103717,Hyundai,i20,2023,51756,C (Fair),Delhi NCR,385600.0,357800.0,2026-07-19,1,2026-08-11,337300.0,23
103718,Honda,City,2020,53180,A (Excellent),Pune,505400.0,516200.0,2026-07-25,1,2026-08-31,500600.0,37
103719,Honda,City,2019,85434,B (Good),Kolkata,411300.0,411800.0,2026-07-23,1,2026-08-18,396100.0,26
103720,Maruti Suzuki,WagonR,2023,32715,B (Good),Ahmedabad,317200.0,306900.0,2026-05-05,1,2026-05-28,300200.0,23
103721,Mahindra,XUV300,2022,41275,A (Excellent),Delhi NCR,549300.0,533700.0,2026-08-10,1,2026-08-24,506400.0,14
103722,Maruti Suzuki,Dzire,2024,10181,A (Excellent),Kolkata,496500.0,551900.0,2026-06-02,1,2026-07-24,519700.0,52
103723,Hyundai,Verna,2020,65458,A (Excellent),Ahmedabad,526500.0,435300.0,2026-07-02,1,2026-07-22,415300.0,20
103724,Kia,Carens,2019,83800,B (Good),Ahmedabad,480700.0,425400.0,2026-07-08,1,2026-08-13,401600.0,36
103725,Maruti Suzuki,Dzire,2017,108952,C (Fair),Delhi NCR,192500.0,219300.0,2026-05-26,1,2026-06-22,211400.0,27
103726,Maruti Suzuki,Ertiga,2021,58010,A (Excellent),Chennai,460400.0,414600.0,2026-06-14,1,2026-07-10,397100.0,26
103727,Maruti Suzuki,Baleno,2019,83642,B (Good),Chennai,274800.0,247500.0,2026-05-19,1,2026-06-23,239500.0,35
103728,Toyota,Fortuner,2021,58330,B (Good),Ahmedabad,1648000.0,1560800.0,2026-06-24,1,2026-07-25,1505300.0,31
103729,Hyundai,Creta,2022,52893,B (Good),Kolkata,722300.0,737300.0,2026-06-04,1,2026-07-07,713700.0,33
103730,Maruti Suzuki,Dzire,2021,38992,A (Excellent),Hyderabad,363300.0,310300.0,2026-08-17,0,,,15
103731,Maruti Suzuki,Ertiga,2020,77596,A (Excellent),Mumbai,410300.0,365700.0,2026-05-23,1,2026-06-05,355200.0,13
103732,Hyundai,Creta,2022,53484,B (Good),Hyderabad,721800.0,685600.0,2026-05-30,1,2026-06-11,646600.0,12
103733,Honda,WR-V,2016,136742,A (Excellent),Bengaluru,273900.0,293300.0,2026-05-17,1,2026-06-06,281900.0,20
103734,Tata,Nexon,2023,46797,B (Good),Chennai,590400.0,581600.0,2026-06-24,1,2026-07-21,548600.0,27
103735,Hyundai,Grand i10,2019,88108,B (Good),Bengaluru,218700.0,233700.0,2026-08-06,0,,,26
103736,Hyundai,Grand i10,2021,55511,C (Fair),Ahmedabad,246200.0,255700.0,2026-08-17,0,,,15
103737,Mahindra,Bolero,2020,68231,B (Good),Chennai,358200.0,379000.0,2026-08-16,0,,,16
103738,Maruti Suzuki,WagonR,2018,94633,B (Good),Kolkata,185300.0,175800.0,2026-05-12,1,2026-06-11,171200.0,30
103739,Honda,Amaze,2018,90801,A (Excellent),Hyderabad,267900.0,308300.0,2026-06-26,1,2026-08-03,296200.0,38
103740,Mahindra,XUV700,2019,68332,A (Excellent),Chennai,829700.0,851500.0,2026-07-28,1,2026-08-17,825800.0,20
103741,Tata,Tiago,2018,99255,B (Good),Ahmedabad,196600.0,228800.0,2026-06-21,1,2026-08-08,226300.0,48
103742,Kia,Sonet,2023,22701,B (Good),Hyderabad,569700.0,558100.0,2026-08-25,0,,,7
103743,Tata,Nexon,2020,64942,C (Fair),Bengaluru,392800.0,354600.0,2026-06-05,1,2026-06-26,342100.0,21
103744,Tata,Tiago,2024,22251,B (Good),Chennai,375800.0,332700.0,2026-05-17,1,2026-06-08,325300.0,22
103745,Tata,Harrier,2023,32312,B (Good),Hyderabad,1022500.0,1249400.0,2026-06-07,1,2026-07-25,1233700.0,48
103746,Hyundai,i20,2023,37114,C (Fair),Ahmedabad,391500.0,365500.0,2026-06-11,1,2026-07-02,345900.0,21
103747,Hyundai,Verna,2021,59547,B (Good),Chennai,539100.0,496000.0,2026-05-19,1,2026-06-08,480800.0,20
103748,Toyota,Glanza,2023,41392,B (Good),Kolkata,454100.0,376800.0,2026-06-19,1,2026-07-07,370600.0,18
103749,Honda,Amaze,2023,38080,B (Good),Ahmedabad,420600.0,462300.0,2026-05-30,1,2026-07-07,453500.0,38
103750,Kia,Seltos,2023,55110,C (Fair),Pune,712700.0,767600.0,2026-05-11,1,2026-06-16,730200.0,36
103751,Tata,Tiago,2016,123379,A (Excellent),Chennai,171100.0,182900.0,2026-06-01,1,2026-06-30,177200.0,29
103752,Hyundai,Verna,2023,39213,B (Good),Kolkata,665100.0,777400.0,2026-08-04,0,,,28
103753,Kia,Carens,2017,98464,C (Fair),Chennai,352600.0,341700.0,2026-06-16,1,2026-07-23,326100.0,37
103754,Maruti Suzuki,WagonR,2021,46372,B (Good),Hyderabad,259000.0,239700.0,2026-07-22,1,2026-08-09,234300.0,18
103755,Honda,Amaze,2022,52639,B (Good),Delhi NCR,376900.0,366800.0,2026-07-09,1,2026-07-29,359300.0,20
103756,Hyundai,Venue,2019,96428,A (Excellent),Pune,365700.0,383400.0,2026-06-04,1,2026-07-14,368400.0,40
103757,Maruti Suzuki,Ertiga,2021,54694,A (Excellent),Kolkata,462100.0,465700.0,2026-07-21,1,2026-08-27,453900.0,37
103758,Hyundai,Grand i10,2023,43775,B (Good),Hyderabad,334500.0,328000.0,2026-05-27,1,2026-06-30,324600.0,34
103759,Maruti Suzuki,WagonR,2022,52160,C (Fair),Delhi NCR,254600.0,248800.0,2026-07-25,1,2026-08-16,246100.0,22
103760,Mahindra,XUV300,2017,105520,B (Good),Kolkata,296100.0,334900.0,2026-05-21,1,2026-07-01,325100.0,41
103761,Kia,Carens,2024,19180,B (Good),Kolkata,824700.0,799200.0,2026-07-20,1,2026-08-24,757000.0,35
103762,Toyota,Fortuner,2017,91898,A (Excellent),Kolkata,1177000.0,1049500.0,2026-05-07,1,2026-05-27,989700.0,20
103763,Hyundai,Verna,2020,67572,B (Good),Kolkata,486400.0,531000.0,2026-07-22,0,,,41
103764,Hyundai,Grand i10,2018,115401,A (Excellent),Ahmedabad,208500.0,212900.0,2026-05-13,1,2026-06-04,210300.0,22
103765,Hyundai,Grand i10,2022,53695,A (Excellent),Mumbai,325300.0,319900.0,2026-08-28,0,,,4
103766,Maruti Suzuki,Dzire,2024,13916,B (Good),Ahmedabad,458000.0,494700.0,2026-07-28,0,,,35
103767,Honda,Amaze,2023,41288,A (Excellent),Ahmedabad,452700.0,388800.0,2026-07-15,1,2026-08-04,370400.0,20
103768,Maruti Suzuki,Dzire,2022,42711,A (Excellent),Hyderabad,397700.0,381900.0,2026-05-13,1,2026-06-08,360400.0,26
103769,Hyundai,Grand i10,2021,55437,B (Good),Pune,273600.0,284900.0,2026-05-10,1,2026-06-07,278700.0,28
103770,Kia,Carens,2019,79808,A (Excellent),Chennai,521500.0,488700.0,2026-08-28,0,,,4
103771,Tata,Harrier,2024,28209,B (Good),Ahmedabad,1128400.0,1198500.0,2026-05-05,1,2026-06-13,1150100.0,39
103772,Hyundai,Creta,2021,55040,B (Good),Bengaluru,655800.0,796500.0,2026-08-09,0,,,23
103773,Mahindra,Bolero,2020,68566,A (Excellent),Kolkata,386700.0,397600.0,2026-07-20,1,2026-08-28,385400.0,39
103774,Maruti Suzuki,Dzire,2021,66604,B (Good),Pune,326700.0,386100.0,2026-05-13,1,2026-06-27,363000.0,45
103775,Maruti Suzuki,Dzire,2021,55005,B (Good),Delhi NCR,330800.0,339200.0,2026-08-01,1,2026-08-31,332200.0,30
103776,Maruti Suzuki,Baleno,2021,60698,B (Good),Bengaluru,340100.0,293400.0,2026-05-30,1,2026-06-23,284500.0,24
103777,Hyundai,Verna,2024,32113,A (Excellent),Hyderabad,795200.0,696600.0,2026-06-20,1,2026-07-15,666700.0,25
103778,Honda,Amaze,2023,39366,B (Good),Bengaluru,420000.0,400300.0,2026-07-16,1,2026-07-30,376500.0,14
103779,Kia,Seltos,2017,100529,B (Good),Delhi NCR,428100.0,355200.0,2026-05-08,1,2026-06-02,342600.0,25
103780,Honda,City,2017,103892,B (Good),Bengaluru,333700.0,352500.0,2026-06-19,1,2026-07-03,337000.0,14
103781,Hyundai,i20,2018,104990,A (Excellent),Chennai,272500.0,248400.0,2026-08-14,0,,,18
103782,Maruti Suzuki,WagonR,2022,41031,A (Excellent),Hyderabad,309100.0,316500.0,2026-08-09,1,2026-08-30,311800.0,21
103783,Maruti Suzuki,Baleno,2022,46525,A (Excellent),Bengaluru,409700.0,425600.0,2026-07-20,1,2026-07-29,412200.0,9
103784,Hyundai,Grand i10,2024,43195,C (Fair),Bengaluru,331000.0,355700.0,2026-06-26,1,2026-07-14,343400.0,18
103785,Tata,Punch,2024,16519,A (Excellent),Pune,510300.0,499700.0,2026-05-20,1,2026-06-17,490700.0,28
103786,Maruti Suzuki,Swift,2020,64277,C (Fair),Delhi NCR,254400.0,278500.0,2026-06-12,1,2026-07-08,262400.0,26
103787,Mahindra,Scorpio,2017,103737,A (Excellent),Chennai,500700.0,544400.0,2026-05-11,1,2026-06-27,523900.0,47
103788,Mahindra,XUV300,2022,29200,B (Good),Kolkata,515000.0,530900.0,2026-05-29,1,2026-07-06,513900.0,38
103789,Hyundai,Creta,2024,18381,B (Good),Delhi NCR,904000.0,770900.0,2026-07-13,1,2026-07-24,729100.0,11
103790,Maruti Suzuki,Baleno,2019,77514,C (Fair),Bengaluru,248900.0,242800.0,2026-06-26,1,2026-07-19,236400.0,23
103791,Hyundai,Venue,2023,28964,A (Excellent),Pune,573200.0,647600.0,2026-06-27,1,2026-07-30,616400.0,33
103792,Maruti Suzuki,Baleno,2022,54340,C (Fair),Chennai,338600.0,303800.0,2026-05-06,1,2026-05-30,287100.0,24
103793,Mahindra,Scorpio,2018,104066,A (Excellent),Hyderabad,550000.0,555200.0,2026-08-11,0,,,21
103794,Maruti Suzuki,Dzire,2018,101577,A (Excellent),Pune,255900.0,261800.0,2026-08-18,0,,,14
103795,Toyota,Fortuner,2022,42455,A (Excellent),Pune,1988800.0,2099700.0,2026-06-04,1,2026-07-03,2037600.0,29
103796,Maruti Suzuki,Swift,2023,35867,B (Good),Pune,386400.0,392700.0,2026-07-10,1,2026-07-28,380800.0,18
103797,Honda,Amaze,2018,102408,B (Good),Ahmedabad,244900.0,239500.0,2026-08-29,0,,,3
103798,Mahindra,XUV700,2022,44744,A (Excellent),Delhi NCR,1128800.0,761300.0,2026-05-22,1,2026-05-25,720100.0,3
103799,Maruti Suzuki,Dzire,2022,45093,B (Good),Ahmedabad,367300.0,370900.0,2026-07-16,1,2026-08-24,355300.0,39
103800,Mahindra,XUV700,2020,73266,B (Good),Kolkata,839700.0,777800.0,2026-08-25,0,,,7
103801,Mahindra,Bolero,2024,27332,B (Good),Bengaluru,545200.0,515900.0,2026-06-19,1,2026-07-12,497100.0,23
103802,Mahindra,Bolero,2023,32879,B (Good),Mumbai,493300.0,523700.0,2026-07-18,1,2026-08-06,512500.0,19
103803,Tata,Tiago,2020,80321,C (Fair),Kolkata,218200.0,214500.0,2026-07-12,1,2026-08-13,210300.0,32
103804,Hyundai,Creta,2016,128265,A (Excellent),Chennai,407700.0,440400.0,2026-06-01,1,2026-07-07,433000.0,36
103805,Hyundai,Creta,2024,38332,B (Good),Delhi NCR,885600.0,836400.0,2026-06-24,1,2026-07-14,826400.0,20
103806,Maruti Suzuki,WagonR,2020,66066,A (Excellent),Mumbai,249300.0,274300.0,2026-05-11,1,2026-06-11,261200.0,31
103807,Maruti Suzuki,Swift,2017,97640,B (Good),Mumbai,205400.0,206300.0,2026-06-16,1,2026-07-21,200800.0,35
103808,Mahindra,XUV300,2020,78777,B (Good),Ahmedabad,404700.0,392500.0,2026-05-16,1,2026-06-17,383300.0,32
103809,Honda,Amaze,2022,61606,A (Excellent),Mumbai,403200.0,376700.0,2026-07-04,1,2026-08-02,369800.0,29
103810,Honda,City,2024,32699,B (Good),Mumbai,697200.0,675300.0,2026-06-22,1,2026-07-04,642700.0,12
103811,Hyundai,Venue,2024,35002,C (Fair),Chennai,521600.0,459900.0,2026-06-16,1,2026-07-02,445900.0,16
103812,Mahindra,Scorpio,2022,57074,B (Good),Kolkata,781600.0,778900.0,2026-07-07,1,2026-08-11,751300.0,35
103813,Tata,Harrier,2020,66406,A (Excellent),Hyderabad,802900.0,756600.0,2026-06-14,1,2026-07-03,715600.0,19
103814,Maruti Suzuki,Swift,2016,116595,B (Good),Chennai,183000.0,198900.0,2026-08-22,0,,,10
103815,Mahindra,Bolero,2021,53777,B (Good),Ahmedabad,399700.0,444600.0,2026-06-27,1,2026-08-07,424900.0,41
103816,Maruti Suzuki,Swift,2016,123613,C (Fair),Ahmedabad,163400.0,146900.0,2026-05-07,1,2026-06-10,142000.0,34
103817,Maruti Suzuki,Ertiga,2020,73134,B (Good),Kolkata,381700.0,308000.0,2026-05-09,1,2026-06-01,297800.0,23
103818,Maruti Suzuki,WagonR,2023,37914,B (Good),Pune,315500.0,336500.0,2026-08-18,0,,,14
103819,Maruti Suzuki,WagonR,2023,46798,B (Good),Mumbai,312600.0,331600.0,2026-07-26,0,,,37
103820,Kia,Carens,2022,50622,B (Good),Kolkata,661100.0,624900.0,2026-06-30,1,2026-07-31,598900.0,31
103821,Toyota,Fortuner,2023,41211,B (Good),Chennai,2026200.0,2138100.0,2026-05-13,1,2026-06-10,2073900.0,28
103822,Mahindra,Bolero,2024,16529,C (Fair),Pune,496200.0,463300.0,2026-05-23,1,2026-06-18,449300.0,26
103823,Tata,Nexon,2021,61445,B (Good),Kolkata,481400.0,441400.0,2026-05-23,1,2026-06-13,416100.0,21
103824,Kia,Sonet,2018,94568,B (Good),Bengaluru,329400.0,371200.0,2026-06-10,1,2026-07-08,367100.0,28
103825,Hyundai,Venue,2016,127439,A (Excellent),Delhi NCR,266200.0,263000.0,2026-07-26,1,2026-08-18,253100.0,23
103826,Honda,WR-V,2023,27003,B (Good),Delhi NCR,553100.0,469600.0,2026-06-03,1,2026-06-20,441700.0,17
103827,Hyundai,Verna,2021,48341,B (Good),Chennai,545600.0,502500.0,2026-06-01,1,2026-07-03,473400.0,32
103828,Honda,Amaze,2022,48609,C (Fair),Mumbai,340700.0,328700.0,2026-06-02,1,2026-07-02,310900.0,30
103829,Hyundai,i20,2019,75194,C (Fair),Kolkata,257900.0,205000.0,2026-07-09,1,2026-07-29,201900.0,20
103830,Maruti Suzuki,Swift,2019,70038,A (Excellent),Hyderabad,276000.0,243200.0,2026-07-29,1,2026-08-22,229600.0,24
103831,Tata,Altroz,2016,109404,C (Fair),Bengaluru,187100.0,199400.0,2026-08-16,0,,,16
103832,Maruti Suzuki,Baleno,2021,60559,A (Excellent),Kolkata,367400.0,354000.0,2026-05-18,1,2026-06-24,346200.0,37
103833,Mahindra,XUV700,2024,28975,B (Good),Ahmedabad,1283000.0,1294400.0,2026-07-19,1,2026-08-26,1272800.0,38
103834,Hyundai,Creta,2022,47038,C (Fair),Chennai,654100.0,627300.0,2026-08-17,0,,,15
103835,Hyundai,i20,2021,56279,B (Good),Hyderabad,353100.0,369400.0,2026-08-02,1,2026-08-29,352500.0,27
103836,Hyundai,Creta,2022,54592,B (Good),Mumbai,721000.0,796200.0,2026-06-01,1,2026-07-11,762600.0,40
103837,Hyundai,Verna,2023,25940,B (Good),Mumbai,674300.0,571100.0,2026-07-19,1,2026-08-08,550000.0,20
103838,Toyota,Glanza,2021,56088,B (Good),Mumbai,370200.0,348400.0,2026-07-22,1,2026-08-19,328400.0,28
103839,Hyundai,Venue,2024,17526,A (Excellent),Pune,637300.0,611200.0,2026-07-27,0,,,36
103840,Maruti Suzuki,Swift,2018,102485,A (Excellent),Hyderabad,242400.0,242100.0,2026-08-25,0,,,7
103841,Tata,Tiago,2022,38787,B (Good),Bengaluru,306000.0,270200.0,2026-05-25,1,2026-06-03,257100.0,9
103842,Maruti Suzuki,Swift,2016,128066,B (Good),Kolkata,180600.0,173800.0,2026-05-08,1,2026-06-02,169700.0,25
103843,Tata,Harrier,2019,76280,C (Fair),Pune,602400.0,594800.0,2026-07-27,1,2026-08-20,561300.0,24
103844,Hyundai,Creta,2019,84552,B (Good),Ahmedabad,526100.0,493200.0,2026-05-09,1,2026-06-08,478400.0,30
103845,Honda,City,2024,27128,B (Good),Chennai,701200.0,588900.0,2026-05-19,1,2026-06-08,576500.0,20
103846,Mahindra,Bolero,2020,69229,C (Fair),Pune,322000.0,274800.0,2026-08-22,0,,,10
103847,Hyundai,Grand i10,2024,14925,A (Excellent),Kolkata,408900.0,488300.0,2026-07-23,0,,,40
103848,Kia,Seltos,2021,58020,B (Good),Pune,653700.0,645700.0,2026-05-20,1,2026-06-14,626100.0,25
103849,Kia,Sonet,2023,38028,B (Good),Hyderabad,560800.0,576200.0,2026-08-18,0,,,14
103850,Tata,Nexon,2024,23522,B (Good),Kolkata,664700.0,610700.0,2026-08-08,1,2026-08-29,578600.0,21
103851,Tata,Punch,2019,76841,C (Fair),Mumbai,249100.0,246600.0,2026-05-24,1,2026-06-21,232400.0,28
103852,Tata,Punch,2019,88424,A (Excellent),Bengaluru,295200.0,304300.0,2026-06-17,1,2026-07-14,287700.0,27
103853,Tata,Nexon,2019,90919,B (Good),Pune,386100.0,425100.0,2026-08-05,0,,,27
103854,Hyundai,Grand i10,2024,13607,A (Excellent),Ahmedabad,409500.0,412700.0,2026-06-21,1,2026-07-30,402800.0,39
103855,Tata,Punch,2023,28619,B (Good),Kolkata,424700.0,370800.0,2026-06-02,1,2026-07-02,351100.0,30
103856,Honda,Jazz,2017,117707,B (Good),Kolkata,226400.0,252500.0,2026-08-22,0,,,10
103857,Hyundai,Grand i10,2022,44262,B (Good),Kolkata,304200.0,295100.0,2026-07-06,1,2026-08-16,283500.0,41
103858,Mahindra,Scorpio,2019,97172,B (Good),Chennai,564000.0,476100.0,2026-07-26,1,2026-08-11,466700.0,16
103859,Kia,Carens,2019,83782,B (Good),Bengaluru,480700.0,534700.0,2026-07-04,1,2026-07-26,513300.0,22
103860,Maruti Suzuki,Baleno,2023,37718,B (Good),Hyderabad,420700.0,485800.0,2026-05-09,1,2026-06-12,461200.0,34
103861,Hyundai,Creta,2024,25802,B (Good),Kolkata,897200.0,778400.0,2026-08-29,0,,,3
103862,Tata,Harrier,2021,55106,C (Fair),Bengaluru,744100.0,833300.0,2026-08-11,0,,,21
103863,Tata,Harrier,2022,52073,A (Excellent),Kolkata,984400.0,1082700.0,2026-05-29,1,2026-07-11,1035200.0,43
103864,Maruti Suzuki,Baleno,2020,71388,A (Excellent),Pune,330400.0,315000.0,2026-07-08,1,2026-08-06,308700.0,29
103865,Hyundai,Creta,2020,69981,A (Excellent),Kolkata,634300.0,578900.0,2026-08-29,0,,,3
103866,Maruti Suzuki,WagonR,2020,59674,A (Excellent),Ahmedabad,251000.0,198300.0,2026-06-28,1,2026-07-19,188000.0,21
103867,Hyundai,Grand i10,2019,88243,A (Excellent),Ahmedabad,236200.0,200500.0,2026-07-19,1,2026-08-04,197600.0,16
103868,Hyundai,i20,2023,38930,A (Excellent),Bengaluru,469000.0,517700.0,2026-07-31,1,2026-08-21,487800.0,21
103869,Hyundai,Venue,2018,95576,C (Fair),Hyderabad,277600.0,294500.0,2026-06-12,1,2026-07-22,289600.0,40
103870,Mahindra,Bolero,2020,75953,A (Excellent),Bengaluru,383600.0,415100.0,2026-05-07,1,2026-06-01,397400.0,25
103871,Hyundai,Creta,2020,66415,B (Good),Bengaluru,589600.0,628300.0,2026-05-10,1,2026-06-11,603400.0,32
103872,Toyota,Innova,2021,62754,A (Excellent),Kolkata,977300.0,952300.0,2026-08-20,0,,,12
103873,Maruti Suzuki,Ertiga,2022,51483,A (Excellent),Hyderabad,509500.0,566300.0,2026-05-26,1,2026-07-10,539200.0,45
103874,Maruti Suzuki,WagonR,2017,100090,B (Good),Kolkata,167600.0,141700.0,2026-08-24,0,,,8
103875,Maruti Suzuki,Baleno,2022,56771,B (Good),Delhi NCR,375300.0,402500.0,2026-07-21,1,2026-08-14,388100.0,24
103876,Maruti Suzuki,WagonR,2023,34683,B (Good),Ahmedabad,316600.0,328900.0,2026-08-05,0,,,27
103877,Maruti Suzuki,Ertiga,2024,32795,A (Excellent),Pune,627400.0,686300.0,2026-07-15,1,2026-08-18,667600.0,34
103878,Honda,Jazz,2019,77638,A (Excellent),Chennai,308600.0,312800.0,2026-08-03,0,,,29
103879,Maruti Suzuki,Ertiga,2018,81798,B (Good),Chennai,313200.0,332100.0,2026-08-04,0,,,28
103880,Maruti Suzuki,Baleno,2021,62523,B (Good),Ahmedabad,339400.0,386400.0,2026-08-05,0,,,27
103881,Kia,Sonet,2021,60559,A (Excellent),Chennai,489800.0,539600.0,2026-05-07,1,2026-06-13,530300.0,37
103882,Maruti Suzuki,Dzire,2020,72815,B (Good),Bengaluru,295300.0,280800.0,2026-06-22,1,2026-07-02,275100.0,10
103883,Kia,Carens,2018,92468,B (Good),Chennai,433300.0,498300.0,2026-05-22,1,2026-07-07,471700.0,46
103884,Kia,Sonet,2023,47404,B (Good),Hyderabad,555300.0,548500.0,2026-08-06,1,2026-08-27,519600.0,21
103885,Hyundai,i20,2024,18229,A (Excellent),Mumbai,526400.0,498500.0,2026-06-21,1,2026-07-23,481000.0,32
103886,Maruti Suzuki,Baleno,2022,61126,B (Good),Chennai,373600.0,360100.0,2026-05-28,1,2026-06-25,349800.0,28
103887,Maruti Suzuki,Baleno,2021,52866,A (Excellent),Hyderabad,370400.0,365100.0,2026-05-11,1,2026-06-21,352400.0,41
103888,Kia,Seltos,2019,90905,B (Good),Bengaluru,522400.0,528200.0,2026-06-17,1,2026-07-13,508700.0,26
103889,Tata,Harrier,2023,42105,B (Good),Mumbai,1012200.0,1000200.0,2026-07-31,1,2026-08-20,960500.0,20
103890,Maruti Suzuki,Baleno,2022,53288,B (Good),Bengaluru,376700.0,372300.0,2026-07-06,1,2026-08-06,355000.0,31
103891,Honda,WR-V,2017,114254,C (Fair),Pune,257300.0,253900.0,2026-07-27,0,,,36
103892,Mahindra,XUV700,2023,45419,B (Good),Bengaluru,1147800.0,1159500.0,2026-07-15,1,2026-08-14,1100100.0,30
103893,Maruti Suzuki,WagonR,2021,65553,C (Fair),Hyderabad,228400.0,204700.0,2026-07-02,1,2026-07-21,197100.0,19
103894,Honda,WR-V,2022,58851,B (Good),Delhi NCR,486800.0,522700.0,2026-06-24,1,2026-07-20,513700.0,26
103895,Mahindra,Bolero,2016,116625,B (Good),Chennai,232900.0,254800.0,2026-08-04,1,2026-08-27,246100.0,23
103896,Mahindra,XUV700,2021,47978,B (Good),Pune,947900.0,987900.0,2026-06-07,1,2026-07-06,942500.0,29
103897,Maruti Suzuki,Dzire,2021,59235,C (Fair),Delhi NCR,296300.0,322200.0,2026-07-31,0,,,32
103898,Mahindra,XUV300,2023,43975,B (Good),Chennai,557300.0,498400.0,2026-08-03,0,,,29
103899,Maruti Suzuki,WagonR,2017,115847,B (Good),Chennai,164600.0,151000.0,2026-06-21,1,2026-07-12,147700.0,21
103900,Tata,Tiago,2024,35602,C (Fair),Bengaluru,333600.0,352600.0,2026-08-09,0,,,23
103901,Tata,Punch,2023,35660,B (Good),Ahmedabad,421600.0,432300.0,2026-08-27,0,,,5
103902,Mahindra,Bolero,2022,43207,A (Excellent),Hyderabad,479700.0,514600.0,2026-06-03,1,2026-07-04,501500.0,31
103903,Mahindra,XUV300,2020,58027,B (Good),Hyderabad,413800.0,374500.0,2026-06-26,1,2026-07-15,353000.0,19
103904,Maruti Suzuki,Swift,2023,18791,A (Excellent),Chennai,424700.0,378200.0,2026-08-08,1,2026-08-27,368300.0,19
103905,Maruti Suzuki,Baleno,2022,37575,B (Good),Ahmedabad,382900.0,393500.0,2026-06-25,1,2026-07-26,385800.0,31
103906,Maruti Suzuki,WagonR,2018,93049,B (Good),Delhi NCR,185600.0,190000.0,2026-06-21,1,2026-07-09,181000.0,18
103907,Hyundai,i20,2016,126324,A (Excellent),Mumbai,220300.0,214500.0,2026-07-13,1,2026-08-05,210800.0,23
103908,Hyundai,Creta,2023,39211,B (Good),Mumbai,805200.0,908500.0,2026-08-23,0,,,9
103909,Tata,Tiago,2017,115894,A (Excellent),Delhi NCR,189700.0,208800.0,2026-07-06,1,2026-08-08,201600.0,33
103910,Kia,Carens,2024,35942,B (Good),Chennai,810600.0,698900.0,2026-08-15,0,,,17
103911,Tata,Tiago,2019,91244,B (Good),Bengaluru,218000.0,213900.0,2026-07-22,1,2026-08-06,205200.0,15
103912,Toyota,Fortuner,2020,96104,B (Good),Bengaluru,1439500.0,1608100.0,2026-06-18,1,2026-07-17,1540500.0,29
103913,Mahindra,XUV300,2018,98318,C (Fair),Delhi NCR,295200.0,278000.0,2026-05-27,1,2026-06-15,265400.0,19
103914,Mahindra,Bolero,2023,26559,B (Good),Delhi NCR,496600.0,521700.0,2026-05-11,1,2026-06-04,501100.0,24
103915,Mahindra,Scorpio,2020,74798,B (Good),Kolkata,635100.0,646000.0,2026-07-21,0,,,42
103916,Maruti Suzuki,Ertiga,2023,46274,B (Good),Hyderabad,521300.0,561800.0,2026-05-15,1,2026-05-31,545200.0,16
103917,Hyundai,Verna,2020,71450,B (Good),Kolkata,484400.0,488600.0,2026-07-26,1,2026-08-29,475800.0,34
103918,Mahindra,Bolero,2021,59946,A (Excellent),Ahmedabad,428900.0,526000.0,2026-05-31,1,2026-07-26,513600.0,56
103919,Maruti Suzuki,Ertiga,2024,18151,A (Excellent),Chennai,636900.0,561100.0,2026-07-10,1,2026-08-02,551300.0,23
103920,Maruti Suzuki,Ertiga,2024,24598,A (Excellent),Chennai,632700.0,597300.0,2026-06-26,1,2026-07-18,586500.0,22
103921,Kia,Seltos,2021,61906,C (Fair),Ahmedabad,585900.0,573700.0,2026-05-30,1,2026-06-23,559700.0,24
103922,Mahindra,Scorpio,2022,48293,A (Excellent),Kolkata,852000.0,928900.0,2026-07-10,1,2026-08-26,915100.0,47
103923,Toyota,Glanza,2021,59391,A (Excellent),Hyderabad,398500.0,406400.0,2026-06-13,1,2026-07-16,384200.0,33
103924,Maruti Suzuki,Swift,2019,80546,B (Good),Pune,252700.0,274200.0,2026-07-13,1,2026-08-13,266100.0,31
103925,Mahindra,XUV300,2020,74125,C (Fair),Ahmedabad,366100.0,366800.0,2026-05-31,1,2026-07-16,355800.0,46
103926,Honda,City,2019,73793,B (Good),Hyderabad,416600.0,486300.0,2026-06-12,1,2026-07-17,469200.0,35
103927,Hyundai,Creta,2017,118113,C (Fair),Pune,377700.0,331900.0,2026-07-21,1,2026-08-09,326700.0,19
103928,Toyota,Glanza,2023,32249,C (Fair),Bengaluru,412600.0,350700.0,2026-08-24,0,,,8
103929,Honda,WR-V,2019,93094,C (Fair),Kolkata,318100.0,333500.0,2026-06-04,1,2026-07-09,329900.0,35
103930,Tata,Harrier,2023,31852,B (Good),Kolkata,1023000.0,1111100.0,2026-08-23,0,,,9
103931,Maruti Suzuki,WagonR,2016,116141,A (Excellent),Kolkata,161800.0,179300.0,2026-08-21,0,,,11
103932,Honda,Jazz,2022,46516,C (Fair),Hyderabad,352800.0,379300.0,2026-07-28,1,2026-08-24,365000.0,27
103933,Maruti Suzuki,WagonR,2023,48810,B (Good),Mumbai,311900.0,327000.0,2026-07-03,1,2026-07-28,308700.0,25
103934,Kia,Seltos,2016,132152,A (Excellent),Kolkata,405900.0,450100.0,2026-07-29,0,,,34
103935,Kia,Sonet,2017,115496,C (Fair),Pune,263500.0,251200.0,2026-08-14,0,,,18
103936,Tata,Altroz,2019,83340,A (Excellent),Chennai,306700.0,341800.0,2026-08-28,0,,,4
103937,Honda,WR-V,2020,72092,C (Fair),Delhi NCR,357700.0,381100.0,2026-08-12,0,,,20
103938,Maruti Suzuki,Swift,2024,7847,B (Good),Kolkata,437000.0,436500.0,2026-07-24,0,,,39
103939,Honda,WR-V,2024,10033,B (Good),Delhi NCR,618400.0,650400.0,2026-08-16,0,,,16
103940,Mahindra,XUV700,2017,102924,B (Good),Mumbai,612500.0,549600.0,2026-06-10,1,2026-06-20,542000.0,10
103941,Mahindra,XUV300,2021,60768,B (Good),Pune,453400.0,399300.0,2026-08-04,1,2026-08-27,390500.0,23
103942,Toyota,Glanza,2018,83520,A (Excellent),Delhi NCR,292600.0,284100.0,2026-05-25,1,2026-06-19,277400.0,25
103943,Hyundai,Venue,2024,25571,A (Excellent),Pune,632100.0,614300.0,2026-06-14,1,2026-07-12,592100.0,28
103944,Kia,Seltos,2022,60500,B (Good),Bengaluru,716500.0,692600.0,2026-07-21,1,2026-08-03,682000.0,13
103945,Tata,Harrier,2023,44798,C (Fair),Ahmedabad,908400.0,805100.0,2026-05-22,1,2026-06-17,780000.0,26
103946,Maruti Suzuki,Swift,2024,23519,B (Good),Chennai,430100.0,429500.0,2026-05-26,1,2026-06-18,410600.0,23
103947,Maruti Suzuki,Swift,2024,14283,C (Fair),Kolkata,390700.0,362600.0,2026-05-13,1,2026-05-31,348800.0,18
103948,Hyundai,Creta,2017,111995,B (Good),Pune,422600.0,446800.0,2026-08-12,0,,,20
103949,Toyota,Glanza,2017,107441,B (Good),Ahmedabad,240100.0,233600.0,2026-06-16,1,2026-07-15,221200.0,29
103950,Mahindra,XUV700,2020,93294,B (Good),Ahmedabad,821600.0,855900.0,2026-08-18,0,,,14
103951,Kia,Carens,2024,27653,A (Excellent),Mumbai,883000.0,628100.0,2026-05-10,1,2026-05-18,606300.0,8
103952,Tata,Altroz,2020,64735,A (Excellent),Ahmedabad,343900.0,325100.0,2026-08-05,1,2026-08-31,312600.0,26
103953,Honda,Jazz,2023,35895,B (Good),Mumbai,435600.0,494400.0,2026-07-29,0,,,34
103954,Kia,Seltos,2022,48018,C (Fair),Chennai,653400.0,693300.0,2026-06-18,1,2026-07-23,683400.0,35
103955,Tata,Harrier,2017,102461,A (Excellent),Pune,581600.0,671400.0,2026-08-30,0,,,2
103956,Tata,Nexon,2021,70062,B (Good),Kolkata,477000.0,476600.0,2026-08-31,0,,,1
103957,Kia,Sonet,2021,70885,B (Good),Delhi NCR,448500.0,444700.0,2026-08-27,0,,,5
103958,Hyundai,Grand i10,2022,57863,C (Fair),Ahmedabad,269900.0,288700.0,2026-06-10,1,2026-07-24,283500.0,44
103959,Maruti Suzuki,Ertiga,2018,102145,B (Good),Delhi NCR,306200.0,321300.0,2026-06-01,1,2026-06-27,313500.0,26
103960,Tata,Harrier,2023,48223,A (Excellent),Ahmedabad,1086200.0,901300.0,2026-08-23,0,,,9
103961,Honda,WR-V,2022,58846,C (Fair),Ahmedabad,438100.0,450100.0,2026-06-10,1,2026-07-08,435900.0,28
103962,Tata,Altroz,2022,65137,C (Fair),Ahmedabad,345900.0,290400.0,2026-07-06,1,2026-07-21,276000.0,15
103963,Maruti Suzuki,Swift,2022,62036,C (Fair),Mumbai,307900.0,347800.0,2026-05-15,1,2026-06-05,329400.0,21
103964,Maruti Suzuki,Dzire,2020,86915,A (Excellent),Chennai,314100.0,311100.0,2026-08-12,0,,,20
103965,Maruti Suzuki,WagonR,2023,35168,B (Good),Mumbai,316400.0,313900.0,2026-07-27,1,2026-08-23,297600.0,27
103966,Kia,Seltos,2022,48171,B (Good),Hyderabad,725900.0,743800.0,2026-06-05,1,2026-07-02,731900.0,27
103967,Maruti Suzuki,Ertiga,2022,42394,B (Good),Chennai,476300.0,392500.0,2026-08-07,1,2026-08-19,372400.0,12
103968,Tata,Harrier,2019,90458,B (Good),Pune,659100.0,511300.0,2026-08-29,0,,,3
103969,Hyundai,i20,2020,57685,B (Good),Chennai,320800.0,293600.0,2026-07-23,1,2026-08-18,286200.0,26
103970,Tata,Nexon,2018,99611,B (Good),Chennai,348000.0,360600.0,2026-05-13,1,2026-06-08,356900.0,26
103971,Honda,Jazz,2019,96315,C (Fair),Delhi NCR,252000.0,246500.0,2026-08-28,0,,,4
103972,Kia,Sonet,2017,123012,A (Excellent),Bengaluru,313600.0,315900.0,2026-05-31,1,2026-06-27,301700.0,27
103973,Maruti Suzuki,Ertiga,2020,89750,B (Good),Mumbai,374900.0,374000.0,2026-07-03,1,2026-07-24,363100.0,21
103974,Hyundai,Verna,2020,81167,B (Good),Bengaluru,479300.0,420200.0,2026-05-10,1,2026-05-26,413300.0,16
103975,Hyundai,Creta,2024,35875,B (Good),Chennai,887900.0,861700.0,2026-08-07,0,,,25
103976,Kia,Carens,2024,23407,B (Good),Mumbai,821200.0,743300.0,2026-05-20,1,2026-05-30,721100.0,10
103977,Tata,Tiago,2022,49341,B (Good),Hyderabad,302600.0,273300.0,2026-08-24,0,,,8
103978,Maruti Suzuki,WagonR,2017,118695,B (Good),Mumbai,164100.0,160600.0,2026-07-06,1,2026-07-19,155900.0,13
103979,Mahindra,XUV300,2017,103456,B (Good),Mumbai,296800.0,268200.0,2026-07-13,1,2026-08-10,259700.0,28
103980,Hyundai,Venue,2024,33397,A (Excellent),Chennai,627000.0,598500.0,2026-07-30,1,2026-08-24,581500.0,25
103981,Mahindra,XUV700,2018,86937,C (Fair),Delhi NCR,616600.0,629100.0,2026-08-18,0,,,14
103982,Kia,Sonet,2022,42184,B (Good),Delhi NCR,508100.0,507500.0,2026-08-25,0,,,7
103983,Maruti Suzuki,WagonR,2017,109143,C (Fair),Mumbai,149300.0,149700.0,2026-05-05,1,2026-05-29,147300.0,24
103984,Hyundai,Creta,2023,55259,A (Excellent),Ahmedabad,855100.0,843400.0,2026-08-22,0,,,10
103985,Mahindra,Bolero,2016,133108,C (Fair),Pune,205700.0,246400.0,2026-05-20,1,2026-07-01,239200.0,42
103986,Honda,City,2024,22080,B (Good),Bengaluru,704800.0,733400.0,2026-06-02,1,2026-06-16,689600.0,14
103987,Honda,City,2023,24110,B (Good),Chennai,640000.0,611100.0,2026-07-16,1,2026-08-07,587800.0,22
103988,Honda,WR-V,2023,36657,A (Excellent),Pune,591400.0,526900.0,2026-06-04,1,2026-06-29,508200.0,25
103989,Hyundai,Verna,2019,84671,B (Good),Kolkata,434500.0,393700.0,2026-05-12,1,2026-06-09,386700.0,28
103990,Maruti Suzuki,Swift,2020,73561,B (Good),Kolkata,279800.0,303700.0,2026-05-20,1,2026-06-23,294600.0,34
103991,Mahindra,Scorpio,2022,57558,A (Excellent),Pune,843700.0,934500.0,2026-05-11,1,2026-06-04,906400.0,24
103992,Maruti Suzuki,WagonR,2023,34615,A (Excellent),Pune,341900.0,325600.0,2026-05-16,1,2026-06-19,322300.0,34
103993,Tata,Altroz,2020,67311,A (Excellent),Ahmedabad,343000.0,350200.0,2026-08-31,0,,,1
103994,Hyundai,Grand i10,2020,77922,B (Good),Pune,243100.0,223700.0,2026-06-13,1,2026-06-29,221000.0,16
103995,Tata,Tiago,2018,109962,A (Excellent),Ahmedabad,209800.0,183100.0,2026-06-26,1,2026-07-30,178600.0,34
103996,Mahindra,XUV300,2024,2668,B (Good),Mumbai,638900.0,602800.0,2026-07-15,1,2026-08-10,593600.0,26
103997,Mahindra,Scorpio,2023,37313,B (Good),Hyderabad,876900.0,849600.0,2026-08-24,0,,,8
103998,Hyundai,Grand i10,2020,71327,B (Good),Ahmedabad,244800.0,211700.0,2026-05-18,1,2026-06-04,207700.0,17
103999,Maruti Suzuki,Ertiga,2020,69078,A (Excellent),Mumbai,414100.0,422400.0,2026-07-11,1,2026-08-11,397500.0,31
104000,Toyota,Fortuner,2021,62030,B (Good),Pune,1641500.0,1329500.0,2026-08-07,1,2026-08-25,1304300.0,18
104001,Kia,Sonet,2018,100588,B (Good),Hyderabad,327200.0,318100.0,2026-08-12,0,,,20
104002,Honda,Amaze,2024,17402,A (Excellent),Delhi NCR,509900.0,504700.0,2026-06-19,1,2026-07-13,485900.0,24
104003,Hyundai,Venue,2024,31072,A (Excellent),Hyderabad,628500.0,720900.0,2026-07-14,1,2026-08-15,679000.0,32
104004,Mahindra,Bolero,2021,64990,C (Fair),Chennai,355500.0,361800.0,2026-06-10,1,2026-07-15,355600.0,35
104005,Honda,Amaze,2019,85620,B (Good),Hyderabad,274200.0,270500.0,2026-08-28,0,,,4
104006,Maruti Suzuki,Dzire,2021,61885,B (Good),Ahmedabad,328300.0,301600.0,2026-08-15,1,2026-08-30,286600.0,15
104007,Toyota,Glanza,2023,45681,B (Good),Chennai,452000.0,449900.0,2026-06-01,1,2026-06-28,423400.0,27
104008,Maruti Suzuki,Dzire,2022,40386,C (Fair),Ahmedabad,332200.0,354900.0,2026-07-29,1,2026-08-24,338700.0,26
104009,Mahindra,XUV700,2017,99061,B (Good),Bengaluru,615200.0,604300.0,2026-06-02,1,2026-06-27,582200.0,25
104010,Maruti Suzuki,Swift,2019,84081,A (Excellent),Ahmedabad,271900.0,263000.0,2026-08-02,0,,,30
104011,Maruti Suzuki,Dzire,2018,93329,B (Good),Pune,239100.0,242500.0,2026-08-02,1,2026-08-28,232900.0,26
104012,Mahindra,XUV300,2022,41883,B (Good),Hyderabad,508300.0,435800.0,2026-06-04,1,2026-07-08,416600.0,34
104013,Maruti Suzuki,Dzire,2017,104286,C (Fair),Chennai,193500.0,199300.0,2026-08-11,0,,,21
104014,Maruti Suzuki,Swift,2022,56762,B (Good),Ahmedabad,344000.0,296900.0,2026-07-28,1,2026-08-21,280000.0,24
104015,Maruti Suzuki,Swift,2019,67291,C (Fair),Ahmedabad,230700.0,220000.0,2026-07-10,1,2026-08-12,211600.0,33
104016,Hyundai,Creta,2022,42042,B (Good),Mumbai,730600.0,762000.0,2026-08-04,0,,,28
104017,Hyundai,Creta,2024,13404,A (Excellent),Delhi NCR,981300.0,860100.0,2026-07-29,1,2026-08-17,818700.0,19
104018,Honda,Jazz,2019,71568,B (Good),Bengaluru,287700.0,342500.0,2026-07-26,1,2026-08-26,334700.0,31
104019,Honda,Jazz,2019,80202,B (Good),Pune,285000.0,248900.0,2026-06-12,1,2026-06-29,241600.0,17
104020,Maruti Suzuki,WagonR,2021,54147,A (Excellent),Ahmedabad,277400.0,292400.0,2026-07-29,0,,,34
104021,Tata,Harrier,2021,50938,C (Fair),Ahmedabad,747400.0,712800.0,2026-08-04,0,,,28
104022,Maruti Suzuki,Swift,2020,71303,B (Good),Chennai,280500.0,262600.0,2026-07-31,0,,,32
104023,Tata,Nexon,2021,60040,A (Excellent),Delhi NCR,520700.0,478500.0,2026-06-07,1,2026-06-27,471900.0,20
104024,Maruti Suzuki,Ertiga,2016,131587,C (Fair),Pune,220700.0,188900.0,2026-06-19,1,2026-07-05,180300.0,16
104025,Kia,Seltos,2022,47173,A (Excellent),Delhi NCR,784800.0,891100.0,2026-08-08,0,,,24
104026,Maruti Suzuki,Ertiga,2024,18305,B (Good),Chennai,589600.0,480800.0,2026-07-27,1,2026-08-15,468900.0,19
104027,Hyundai,Grand i10,2016,128912,B (Good),Ahmedabad,157500.0,133900.0,2026-07-17,1,2026-08-03,129200.0,17
104028,Honda,WR-V,2024,21789,A (Excellent),Mumbai,659900.0,674600.0,2026-07-01,1,2026-07-29,642600.0,28
104029,Toyota,Innova,2022,49455,B (Good),Delhi NCR,1008600.0,960900.0,2026-06-06,1,2026-06-21,904000.0,15
104030,Honda,Amaze,2024,27438,C (Fair),Pune,420600.0,428100.0,2026-05-26,1,2026-07-04,420900.0,39
104031,Tata,Punch,2023,28835,B (Good),Hyderabad,424600.0,422100.0,2026-07-29,1,2026-08-20,398400.0,22
104032,Honda,City,2024,14310,B (Good),Delhi NCR,710400.0,658300.0,2026-06-17,1,2026-07-01,622600.0,14
104033,Maruti Suzuki,Swift,2023,25693,A (Excellent),Ahmedabad,421700.0,480300.0,2026-07-15,1,2026-08-19,466300.0,35
104034,Hyundai,Grand i10,2020,75372,C (Fair),Delhi NCR,219400.0,244400.0,2026-08-29,0,,,3
104035,Mahindra,XUV300,2021,66898,A (Excellent),Ahmedabad,486500.0,488400.0,2026-07-01,1,2026-08-05,482200.0,35
104036,Hyundai,Venue,2023,35432,C (Fair),Hyderabad,474500.0,494300.0,2026-07-05,1,2026-08-07,465200.0,33
104037,Hyundai,Venue,2023,34578,C (Fair),Pune,474900.0,409000.0,2026-07-25,1,2026-08-19,394000.0,25
104038,Hyundai,Venue,2022,38663,A (Excellent),Mumbai,516400.0,489900.0,2026-07-03,1,2026-07-24,464900.0,21
104039,Maruti Suzuki,Dzire,2020,77485,A (Excellent),Delhi NCR,317300.0,311300.0,2026-07-11,1,2026-08-03,297100.0,23
104040,Hyundai,Creta,2023,35711,C (Fair),Pune,727300.0,836500.0,2026-07-18,1,2026-08-24,820700.0,37
104041,Mahindra,XUV700,2018,108431,B (Good),Ahmedabad,669000.0,801000.0,2026-08-10,0,,,22
104042,Hyundai,Venue,2020,65439,C (Fair),Mumbai,346400.0,355800.0,2026-05-06,1,2026-05-26,348300.0,20
104043,Mahindra,Bolero,2024,38862,B (Good),Hyderabad,538800.0,474600.0,2026-06-24,1,2026-07-27,449300.0,33
104044,Tata,Punch,2016,123170,B (Good),Mumbai,198100.0,200600.0,2026-05-29,1,2026-06-26,194400.0,28
104045,Tata,Nexon,2017,97836,A (Excellent),Mumbai,342700.0,376700.0,2026-06-27,1,2026-07-28,358700.0,31
104046,Maruti Suzuki,Baleno,2021,67022,B (Good),Pune,337800.0,284200.0,2026-07-06,1,2026-08-02,279300.0,27
104047,Honda,WR-V,2016,134830,B (Good),Hyderabad,254100.0,252400.0,2026-06-03,1,2026-07-13,239700.0,40
104048,Hyundai,Grand i10,2020,69969,C (Fair),Delhi NCR,220600.0,219900.0,2026-05-10,1,2026-06-04,206900.0,25
104049,Kia,Sonet,2018,99779,A (Excellent),Mumbai,353700.0,354400.0,2026-05-07,1,2026-06-09,335200.0,33
104050,Hyundai,i20,2023,44079,A (Excellent),Hyderabad,466400.0,474200.0,2026-07-19,1,2026-08-14,456400.0,26
104051,Mahindra,XUV300,2020,78358,A (Excellent),Kolkata,437300.0,441300.0,2026-07-31,0,,,32
104052,Tata,Harrier,2021,48799,C (Fair),Delhi NCR,749100.0,646700.0,2026-05-25,1,2026-06-09,638000.0,15
104053,Maruti Suzuki,Swift,2024,33412,B (Good),Bengaluru,425700.0,485400.0,2026-05-09,1,2026-06-06,466400.0,28
104054,Honda,City,2023,27749,B (Good),Bengaluru,637700.0,703200.0,2026-06-13,1,2026-07-08,665400.0,25
104055,Toyota,Innova,2017,98846,C (Fair),Delhi NCR,537000.0,532700.0,2026-05-15,1,2026-06-06,501400.0,22
104056,Maruti Suzuki,WagonR,2019,101262,C (Fair),Kolkata,181900.0,171300.0,2026-08-18,0,,,14
104057,Kia,Sonet,2020,65871,B (Good),Chennai,410400.0,387300.0,2026-05-22,1,2026-06-16,377300.0,25
104058,Hyundai,i20,2021,73968,B (Good),Bengaluru,346500.0,355900.0,2026-05-26,1,2026-06-30,336400.0,35
104059,Mahindra,XUV700,2019,81228,B (Good),Hyderabad,757600.0,754800.0,2026-07-05,1,2026-08-08,732800.0,34
104060,Toyota,Innova,2019,79081,C (Fair),Delhi NCR,662700.0,580300.0,2026-07-02,1,2026-07-09,568000.0,7
104061,Hyundai,Verna,2019,86132,B (Good),Delhi NCR,433800.0,460400.0,2026-08-26,0,,,6
104062,Hyundai,Grand i10,2020,87285,A (Excellent),Kolkata,259800.0,255400.0,2026-08-09,0,,,23
104063,Honda,Jazz,2023,25177,A (Excellent),Ahmedabad,475700.0,502500.0,2026-08-02,0,,,30
104064,Kia,Seltos,2022,39266,C (Fair),Mumbai,659400.0,666600.0,2026-05-29,1,2026-06-20,637700.0,22
104065,Kia,Sonet,2018,112776,C (Fair),Kolkata,290500.0,295600.0,2026-07-04,1,2026-08-10,281800.0,37
104066,Maruti Suzuki,Baleno,2022,48010,A (Excellent),Pune,409100.0,469100.0,2026-06-23,1,2026-07-25,444400.0,32
104067,Maruti Suzuki,Swift,2022,55145,B (Good),Kolkata,344600.0,320200.0,2026-05-20,1,2026-06-15,307700.0,26
104068,Hyundai,i20,2024,32235,C (Fair),Chennai,432400.0,370900.0,2026-07-07,1,2026-08-03,363200.0,27
104069,Tata,Tiago,2023,30156,A (Excellent),Bengaluru,366400.0,348800.0,2026-05-08,1,2026-05-24,343400.0,16
104070,Maruti Suzuki,WagonR,2022,50957,C (Fair),Bengaluru,254900.0,221600.0,2026-08-15,0,,,17
104071,Maruti Suzuki,Swift,2021,71685,B (Good),Bengaluru,308100.0,302100.0,2026-07-12,1,2026-08-02,298600.0,21
104072,Mahindra,XUV300,2021,64155,B (Good),Chennai,451800.0,400200.0,2026-06-14,1,2026-07-11,387700.0,27
104073,Maruti Suzuki,Baleno,2022,67326,B (Good),Pune,371100.0,338400.0,2026-06-15,1,2026-06-29,334100.0,14
104074,Tata,Punch,2023,30418,B (Good),Kolkata,423900.0,438500.0,2026-05-17,1,2026-06-25,428800.0,39
104075,Honda,City,2018,88995,B (Good),Kolkata,372900.0,340100.0,2026-07-11,1,2026-08-08,328500.0,28
104076,Tata,Punch,2022,54684,B (Good),Pune,376100.0,350800.0,2026-06-02,1,2026-06-20,340100.0,18
104077,Toyota,Innova,2020,68481,A (Excellent),Delhi NCR,883900.0,912000.0,2026-08-29,0,,,3
104078,Maruti Suzuki,Ertiga,2022,43182,B (Good),Ahmedabad,475900.0,459700.0,2026-06-20,1,2026-07-16,453100.0,26
104079,Hyundai,Venue,2020,53980,C (Fair),Bengaluru,350700.0,345100.0,2026-05-24,1,2026-06-27,334000.0,34
104080,Hyundai,Grand i10,2017,107035,A (Excellent),Ahmedabad,191600.0,159000.0,2026-07-21,1,2026-08-12,157400.0,22
104081,Hyundai,Creta,2022,56605,A (Excellent),Delhi NCR,777000.0,806200.0,2026-06-11,1,2026-07-12,789600.0,31
104082,Tata,Tiago,2022,43372,A (Excellent),Kolkata,328900.0,334900.0,2026-07-03,1,2026-08-17,327600.0,45
104083,Tata,Nexon,2019,92934,A (Excellent),Hyderabad,416100.0,403200.0,2026-07-20,1,2026-08-22,394600.0,33
104084,Tata,Harrier,2018,93370,A (Excellent),Hyderabad,645600.0,722500.0,2026-05-24,1,2026-06-26,689400.0,33
104085,Hyundai,Verna,2024,31466,A (Excellent),Pune,795800.0,939600.0,2026-06-24,1,2026-08-11,893500.0,48
104086,Maruti Suzuki,Ertiga,2020,65226,B (Good),Delhi NCR,385000.0,429200.0,2026-08-22,0,,,10
104087,Maruti Suzuki,Baleno,2022,46867,B (Good),Delhi NCR,379200.0,385400.0,2026-08-29,0,,,3
104088,Hyundai,Venue,2023,30817,B (Good),Delhi NCR,529700.0,582600.0,2026-06-14,1,2026-07-09,551000.0,25
104089,Maruti Suzuki,Ertiga,2024,29243,B (Good),Pune,583000.0,646400.0,2026-06-18,1,2026-07-21,627700.0,33
104090,Tata,Altroz,2019,86504,A (Excellent),Delhi NCR,305700.0,284900.0,2026-08-01,1,2026-08-23,271300.0,22
104091,Hyundai,Venue,2023,43174,B (Good),Hyderabad,522900.0,617500.0,2026-08-02,0,,,30
104092,Kia,Carens,2021,63004,A (Excellent),Mumbai,641200.0,689100.0,2026-05-13,1,2026-06-12,674600.0,30
104093,Honda,City,2023,34144,A (Excellent),Ahmedabad,684100.0,702200.0,2026-08-07,1,2026-08-28,694300.0,21
104094,Maruti Suzuki,Dzire,2021,61012,B (Good),Mumbai,328700.0,294600.0,2026-06-14,1,2026-07-13,281200.0,29
104095,Tata,Altroz,2016,122313,B (Good),Hyderabad,204900.0,171800.0,2026-06-16,1,2026-07-05,165900.0,19
104096,Maruti Suzuki,Baleno,2020,73731,B (Good),Chennai,305200.0,272100.0,2026-08-18,1,2026-08-29,259900.0,11
104097,Honda,City,2021,57665,A (Excellent),Delhi NCR,552700.0,518200.0,2026-07-22,1,2026-08-10,508800.0,19
104098,Honda,Amaze,2021,44339,C (Fair),Ahmedabad,311400.0,314200.0,2026-08-17,0,,,15
104099,Honda,Amaze,2018,89399,B (Good),Kolkata,248500.0,259300.0,2026-05-23,1,2026-06-26,255300.0,34
104100,Hyundai,Grand i10,2022,57758,C (Fair),Delhi NCR,269900.0,263200.0,2026-08-19,0,,,13
104101,Tata,Altroz,2019,81511,A (Excellent),Delhi NCR,307300.0,308700.0,2026-08-04,1,2026-08-22,291400.0,18
104102,Maruti Suzuki,Baleno,2021,49209,B (Good),Ahmedabad,344300.0,302500.0,2026-08-31,0,,,1
104103,Toyota,Innova,2017,102365,B (Good),Bengaluru,594300.0,551300.0,2026-05-08,1,2026-05-16,542500.0,8
104104,Tata,Altroz,2018,99688,B (Good),Delhi NCR,253800.0,256700.0,2026-07-10,1,2026-08-03,251500.0,24
104105,Honda,Amaze,2021,61644,B (Good),Kolkata,339800.0,338500.0,2026-06-06,1,2026-07-07,323300.0,31
104106,Tata,Altroz,2021,65954,C (Fair),Hyderabad,314500.0,310800.0,2026-06-15,1,2026-07-21,303500.0,36
104107,Toyota,Fortuner,2024,29205,C (Fair),Bengaluru,2029000.0,1879100.0,2026-08-05,1,2026-08-22,1829400.0,17
104108,Maruti Suzuki,WagonR,2017,111708,A (Excellent),Mumbai,178700.0,181600.0,2026-07-13,1,2026-08-07,177000.0,25
104109,Kia,Sonet,2024,25603,C (Fair),Kolkata,561800.0,525300.0,2026-05-15,1,2026-06-07,513100.0,23
104110,Kia,Carens,2019,87097,C (Fair),Kolkata,431100.0,478100.0,2026-08-21,0,,,11
104111,Toyota,Glanza,2023,39256,C (Fair),Pune,409600.0,419300.0,2026-08-18,0,,,14
104112,Maruti Suzuki,Dzire,2024,30185,B (Good),Hyderabad,450400.0,435500.0,2026-07-26,1,2026-08-15,413700.0,20
104113,Honda,City,2023,40356,C (Fair),Chennai,566400.0,587200.0,2026-08-26,0,,,6
104114,Honda,Jazz,2024,23713,B (Good),Ahmedabad,484700.0,444400.0,2026-05-16,1,2026-06-06,429500.0,21
104115,Hyundai,Venue,2019,97751,A (Excellent),Bengaluru,365200.0,399200.0,2026-08-08,0,,,24
104116,Mahindra,XUV300,2022,51792,A (Excellent),Mumbai,543300.0,415800.0,2026-07-24,1,2026-08-02,400200.0,9
104117,Maruti Suzuki,Swift,2021,63138,C (Fair),Bengaluru,279900.0,309500.0,2026-06-11,1,2026-07-01,302200.0,20
104118,Honda,WR-V,2020,58313,B (Good),Ahmedabad,403400.0,414600.0,2026-07-30,0,,,33
104119,Mahindra,Scorpio,2021,57430,A (Excellent),Ahmedabad,767900.0,724400.0,2026-07-25,1,2026-08-12,684100.0,18
104120,Kia,Carens,2016,107599,C (Fair),Bengaluru,317600.0,327000.0,2026-05-14,1,2026-05-27,320200.0,13
104121,Tata,Tiago,2021,61673,A (Excellent),Hyderabad,293500.0,312700.0,2026-08-04,0,,,28
104122,Hyundai,Verna,2019,86305,C (Fair),Chennai,390400.0,341400.0,2026-05-28,1,2026-06-27,325700.0,30
104123,Tata,Harrier,2024,28402,B (Good),Pune,1128200.0,1042200.0,2026-06-12,1,2026-07-07,1015000.0,25
104124,Honda,City,2016,118351,A (Excellent),Bengaluru,322700.0,293400.0,2026-08-28,0,,,4
104125,Tata,Punch,2024,11273,B (Good),Delhi NCR,475100.0,466000.0,2026-08-31,0,,,1
104126,Maruti Suzuki,Baleno,2022,48912,B (Good),Pune,378400.0,366800.0,2026-06-19,1,2026-07-20,357400.0,31
104127,Hyundai,Venue,2022,39400,C (Fair),Mumbai,430000.0,447000.0,2026-06-28,1,2026-07-27,427100.0,29
104128,Hyundai,Verna,2017,92324,B (Good),Hyderabad,356800.0,347400.0,2026-05-27,1,2026-06-29,342800.0,33
104129,Hyundai,Venue,2020,75151,A (Excellent),Delhi NCR,411400.0,402800.0,2026-07-11,1,2026-07-15,384600.0,4
104130,Tata,Altroz,2024,29924,B (Good),Chennai,481600.0,475900.0,2026-06-28,1,2026-08-02,449900.0,35
104131,Mahindra,Scorpio,2022,48881,B (Good),Bengaluru,788400.0,645400.0,2026-06-23,1,2026-06-26,618100.0,3
104132,Tata,Harrier,2017,104974,B (Good),Hyderabad,537100.0,572800.0,2026-05-31,1,2026-07-02,554300.0,32
104133,Maruti Suzuki,Dzire,2022,60849,A (Excellent),Delhi NCR,390100.0,422000.0,2026-06-14,1,2026-07-03,410400.0,19
104134,Maruti Suzuki,Dzire,2023,17006,C (Fair),Kolkata,373900.0,377900.0,2026-06-01,1,2026-06-26,355800.0,25
104135,Mahindra,Bolero,2018,88579,A (Excellent),Pune,313300.0,332200.0,2026-06-10,1,2026-07-04,314200.0,24
104136,Tata,Nexon,2019,90951,A (Excellent),Bengaluru,417000.0,427400.0,2026-06-03,1,2026-07-03,419200.0,30
104137,Hyundai,Creta,2016,125965,B (Good),Mumbai,378500.0,383000.0,2026-05-16,1,2026-06-12,370900.0,27
104138,Toyota,Innova,2022,47104,C (Fair),Mumbai,909900.0,925900.0,2026-07-15,1,2026-08-20,875500.0,36
104139,Maruti Suzuki,Dzire,2016,113163,B (Good),Delhi NCR,193700.0,173200.0,2026-06-15,1,2026-07-01,164800.0,16
104140,Hyundai,Venue,2016,117897,B (Good),Delhi NCR,249100.0,287500.0,2026-07-16,1,2026-08-17,281500.0,32
104141,Toyota,Fortuner,2024,29383,B (Good),Mumbai,2254100.0,2266800.0,2026-07-17,1,2026-08-12,2217400.0,26
104142,Maruti Suzuki,Dzire,2019,77200,B (Good),Ahmedabad,267500.0,285400.0,2026-05-21,1,2026-07-03,271000.0,43
104143,Tata,Punch,2020,70673,B (Good),Chennai,306200.0,296000.0,2026-06-04,1,2026-07-04,290300.0,30
104144,Mahindra,XUV300,2021,51547,C (Fair),Hyderabad,412100.0,395400.0,2026-05-16,1,2026-06-13,387500.0,28
104145,Maruti Suzuki,Swift,2023,35743,B (Good),Bengaluru,386500.0,401000.0,2026-08-16,0,,,16
104146,Maruti Suzuki,Baleno,2024,20907,C (Fair),Mumbai,423400.0,483000.0,2026-07-31,0,,,32
104147,Maruti Suzuki,Swift,2016,124577,B (Good),Chennai,181300.0,218200.0,2026-07-17,0,,,46
104148,Maruti Suzuki,WagonR,2021,64185,B (Good),Pune,254100.0,271300.0,2026-06-11,1,2026-07-13,265800.0,32
104149,Tata,Punch,2019,68695,B (Good),Mumbai,279200.0,274600.0,2026-05-18,1,2026-06-14,266900.0,27
104150,Honda,Jazz,2016,113538,B (Good),Mumbai,207000.0,195700.0,2026-06-23,1,2026-07-09,190100.0,16
104151,Mahindra,XUV300,2019,81145,A (Excellent),Ahmedabad,396700.0,383700.0,2026-06-27,1,2026-08-05,367900.0,39
104152,Maruti Suzuki,Swift,2022,43723,A (Excellent),Kolkata,376700.0,436500.0,2026-08-01,0,,,31
104153,Tata,Altroz,2022,42664,B (Good),Chennai,393600.0,416200.0,2026-08-27,0,,,5
104154,Honda,WR-V,2022,43018,B (Good),Ahmedabad,495000.0,521400.0,2026-08-14,0,,,18
104155,Maruti Suzuki,Swift,2019,97583,C (Fair),Ahmedabad,223200.0,210900.0,2026-05-07,1,2026-06-05,208400.0,29
104156,Toyota,Fortuner,2017,102589,A (Excellent),Kolkata,1163100.0,1019900.0,2026-05-05,1,2026-06-08,989100.0,34
104157,Kia,Carens,2019,80422,B (Good),Ahmedabad,482500.0,477100.0,2026-08-22,0,,,10
104158,Maruti Suzuki,Swift,2021,56677,B (Good),Chennai,313100.0,272700.0,2026-05-31,1,2026-06-15,261000.0,15
104159,Maruti Suzuki,Ertiga,2023,36505,C (Fair),Kolkata,473900.0,481800.0,2026-08-22,0,,,10
104160,Maruti Suzuki,Dzire,2023,33695,B (Good),Bengaluru,408400.0,384000.0,2026-08-20,0,,,12
104161,Hyundai,i20,2022,38897,C (Fair),Mumbai,355600.0,327300.0,2026-05-13,1,2026-06-06,313000.0,24
104162,Honda,WR-V,2024,9320,A (Excellent),Chennai,668300.0,700300.0,2026-07-12,1,2026-08-16,677400.0,35
104163,Maruti Suzuki,Ertiga,2021,64831,B (Good),Mumbai,423300.0,414700.0,2026-06-30,1,2026-07-29,393200.0,29
104164,Toyota,Fortuner,2022,29670,B (Good),Mumbai,1866100.0,2022300.0,2026-05-25,1,2026-06-26,1942400.0,32
104165,Maruti Suzuki,WagonR,2024,30293,B (Good),Chennai,349400.0,334700.0,2026-07-28,1,2026-08-19,324700.0,22
104166,Kia,Sonet,2018,95937,C (Fair),Ahmedabad,296000.0,295500.0,2026-07-22,1,2026-08-22,280300.0,31
104167,Mahindra,Scorpio,2024,25315,C (Fair),Delhi NCR,878100.0,936100.0,2026-05-13,1,2026-06-10,901600.0,28
104168,Tata,Punch,2021,53989,A (Excellent),Delhi NCR,369900.0,350100.0,2026-08-14,1,2026-08-26,333100.0,12
104169,Hyundai,i20,2019,86938,A (Excellent),Hyderabad,305500.0,345800.0,2026-06-24,1,2026-07-31,341900.0,37
104170,Maruti Suzuki,Ertiga,2024,29340,C (Fair),Delhi NCR,524700.0,471400.0,2026-08-26,0,,,6
104171,Tata,Altroz,2020,60393,A (Excellent),Bengaluru,345500.0,295900.0,2026-08-10,0,,,22
104172,Kia,Seltos,2019,83663,A (Excellent),Hyderabad,568700.0,492500.0,2026-05-17,1,2026-06-09,464600.0,23
104173,Maruti Suzuki,Baleno,2019,78608,C (Fair),Kolkata,248600.0,237700.0,2026-05-22,1,2026-06-23,233400.0,32
104174,Honda,City,2021,69083,B (Good),Hyderabad,505600.0,523700.0,2026-05-31,1,2026-07-03,499900.0,33
104175,Toyota,Glanza,2024,29636,B (Good),Pune,505100.0,492600.0,2026-05-27,1,2026-06-11,472900.0,15
104176,Hyundai,i20,2018,92796,A (Excellent),Chennai,276200.0,274400.0,2026-05-27,1,2026-06-14,267300.0,18
104177,Mahindra,Scorpio,2020,88481,A (Excellent),Kolkata,675800.0,656400.0,2026-07-17,1,2026-08-25,641300.0,39
104178,Maruti Suzuki,WagonR,2024,10430,B (Good),Hyderabad,356600.0,344800.0,2026-08-09,0,,,23
104179,Toyota,Fortuner,2020,80147,A (Excellent),Ahmedabad,1582100.0,1452800.0,2026-05-30,1,2026-06-25,1399900.0,26
104180,Tata,Altroz,2023,32720,A (Excellent),Chennai,472000.0,433600.0,2026-06-24,1,2026-07-18,417600.0,24
104181,Maruti Suzuki,Baleno,2020,67409,C (Fair),Mumbai,276600.0,263700.0,2026-06-14,1,2026-07-03,260300.0,19
104182,Honda,City,2022,44386,C (Fair),Kolkata,513300.0,517400.0,2026-08-14,0,,,18
104183,Maruti Suzuki,Ertiga,2023,40531,B (Good),Ahmedabad,524400.0,544300.0,2026-08-06,0,,,26
104184,Hyundai,i20,2024,17786,B (Good),Delhi NCR,487700.0,542200.0,2026-08-11,0,,,21
104185,Maruti Suzuki,Ertiga,2019,99866,C (Fair),Ahmedabad,303600.0,349000.0,2026-08-06,0,,,26
104186,Honda,Amaze,2017,106715,A (Excellent),Pune,239500.0,256600.0,2026-07-27,1,2026-08-30,251200.0,34
104187,Maruti Suzuki,Dzire,2018,101622,B (Good),Ahmedabad,237000.0,194800.0,2026-07-08,1,2026-07-26,189400.0,18
104188,Tata,Punch,2024,14228,B (Good),Bengaluru,473600.0,463500.0,2026-05-16,1,2026-05-24,446700.0,8
104189,Hyundai,Creta,2020,63587,B (Good),Pune,591400.0,640600.0,2026-08-10,0,,,22
104190,Mahindra,Bolero,2017,121482,C (Fair),Bengaluru,229000.0,212200.0,2026-05-13,1,2026-05-22,202000.0,9
104191,Hyundai,Venue,2024,27524,B (Good),Delhi NCR,584100.0,522400.0,2026-07-24,1,2026-08-09,511400.0,16
104192,Maruti Suzuki,Baleno,2020,64121,A (Excellent),Bengaluru,333000.0,356700.0,2026-06-09,1,2026-07-02,337500.0,23
104193,Tata,Nexon,2024,15766,B (Good),Bengaluru,669900.0,699200.0,2026-06-21,1,2026-07-22,677600.0,31
104194,Maruti Suzuki,Dzire,2024,22189,B (Good),Hyderabad,454200.0,430800.0,2026-06-29,1,2026-07-15,423300.0,16
104195,Mahindra,Bolero,2017,106921,B (Good),Bengaluru,258700.0,229500.0,2026-08-22,1,2026-08-30,225100.0,8
104196,Hyundai,Creta,2020,67193,A (Excellent),Hyderabad,636200.0,609800.0,2026-05-06,1,2026-05-31,582200.0,25
104197,Maruti Suzuki,Dzire,2018,99491,A (Excellent),Bengaluru,256500.0,274400.0,2026-07-14,1,2026-08-03,265000.0,20
104198,Mahindra,XUV700,2021,68093,B (Good),Delhi NCR,927900.0,993400.0,2026-07-09,1,2026-08-01,978400.0,23
104199,Toyota,Fortuner,2023,31190,A (Excellent),Bengaluru,2211200.0,2540100.0,2026-05-26,1,2026-06-25,2423700.0,30
104200,Toyota,Innova,2017,109113,B (Good),Mumbai,589900.0,625600.0,2026-07-28,1,2026-08-31,605100.0,34
104201,Toyota,Glanza,2022,44313,B (Good),Mumbai,411900.0,451600.0,2026-07-05,1,2026-08-09,430400.0,35
104202,Hyundai,Verna,2019,90910,A (Excellent),Ahmedabad,466100.0,483800.0,2026-08-30,0,,,2
104203,Kia,Sonet,2016,119374,A (Excellent),Pune,286500.0,285100.0,2026-08-25,0,,,7
104204,Mahindra,Scorpio,2024,24768,B (Good),Bengaluru,976200.0,800400.0,2026-07-29,1,2026-08-13,759500.0,15
104205,Hyundai,Grand i10,2022,48891,B (Good),Bengaluru,302700.0,338500.0,2026-08-27,0,,,5
104206,Tata,Tiago,2021,52845,B (Good),Hyderabad,274400.0,298500.0,2026-05-20,1,2026-06-15,285400.0,26
104207,Maruti Suzuki,Ertiga,2020,67256,A (Excellent),Kolkata,414900.0,415200.0,2026-06-08,1,2026-07-27,397300.0,49
104208,Maruti Suzuki,Dzire,2023,41275,B (Good),Delhi NCR,405200.0,366500.0,2026-05-22,1,2026-05-30,352100.0,8
104209,Tata,Punch,2017,120049,B (Good),Pune,218500.0,236700.0,2026-08-20,0,,,12
104210,Mahindra,XUV300,2023,46958,A (Excellent),Ahmedabad,600100.0,648300.0,2026-08-05,0,,,27
104211,Maruti Suzuki,Dzire,2017,120374,B (Good),Delhi NCR,211100.0,239800.0,2026-07-11,1,2026-08-14,230600.0,34
104212,Maruti Suzuki,Ertiga,2022,43165,C (Fair),Delhi NCR,428300.0,496400.0,2026-08-17,0,,,15
104213,Mahindra,XUV300,2017,114717,B (Good),Kolkata,293100.0,246400.0,2026-05-14,1,2026-06-12,234900.0,29
104214,Maruti Suzuki,Swift,2017,116262,B (Good),Pune,201100.0,198800.0,2026-07-30,1,2026-08-26,196800.0,27
104215,Hyundai,Grand i10,2018,95112,A (Excellent),Hyderabad,213300.0,204000.0,2026-07-02,1,2026-07-22,200700.0,20
104216,Maruti Suzuki,Dzire,2019,87291,B (Good),Pune,264500.0,304300.0,2026-05-05,1,2026-06-12,291400.0,38
104217,Hyundai,i20,2020,61906,C (Fair),Mumbai,287500.0,309400.0,2026-07-06,1,2026-07-30,300300.0,24
104218,Maruti Suzuki,Dzire,2021,51709,B (Good),Ahmedabad,331900.0,328100.0,2026-08-31,0,,,1
104219,Hyundai,i20,2024,21521,B (Good),Ahmedabad,485800.0,479700.0,2026-08-15,0,,,17
104220,Maruti Suzuki,Dzire,2021,68595,B (Good),Delhi NCR,326000.0,375900.0,2026-07-28,1,2026-08-22,370100.0,25
104221,Hyundai,i20,2019,69406,B (Good),Kolkata,288300.0,326300.0,2026-07-26,0,,,37
104222,Toyota,Fortuner,2024,18002,A (Excellent),Chennai,2463000.0,2675000.0,2026-08-11,0,,,21
104223,Toyota,Innova,2018,106471,C (Fair),Bengaluru,585100.0,603000.0,2026-05-24,1,2026-06-20,586900.0,27
104224,Hyundai,Creta,2021,65163,C (Fair),Ahmedabad,583900.0,619500.0,2026-08-16,0,,,16
104225,Maruti Suzuki,Dzire,2021,62956,B (Good),Kolkata,328000.0,335200.0,2026-05-20,1,2026-07-02,328200.0,43
104226,Kia,Sonet,2016,109316,B (Good),Bengaluru,268300.0,314400.0,2026-08-09,0,,,23
104227,Mahindra,XUV300,2023,41890,B (Good),Pune,558600.0,426200.0,2026-05-07,1,2026-05-19,420800.0,12
104228,Hyundai,Creta,2018,94911,B (Good),Bengaluru,473300.0,523500.0,2026-06-19,1,2026-07-19,514000.0,30
104229,Tata,Harrier,2022,55277,C (Fair),Ahmedabad,817600.0,820000.0,2026-06-12,1,2026-06-18,775500.0,6
104230,Kia,Sonet,2022,45940,A (Excellent),Ahmedabad,546600.0,595400.0,2026-05-30,1,2026-07-19,561200.0,50
104231,Tata,Tiago,2024,35409,A (Excellent),Chennai,400400.0,482400.0,2026-05-12,1,2026-06-20,471300.0,39
104232,Maruti Suzuki,Ertiga,2021,52610,C (Fair),Hyderabad,385900.0,374600.0,2026-05-29,1,2026-06-19,358200.0,21
104233,Kia,Seltos,2019,89359,B (Good),Ahmedabad,523300.0,487300.0,2026-05-10,1,2026-06-08,465200.0,29
104234,Hyundai,i20,2023,28513,C (Fair),Hyderabad,395000.0,372700.0,2026-07-28,1,2026-08-19,356000.0,22
104235,Tata,Nexon,2022,59716,C (Fair),Kolkata,477000.0,493000.0,2026-05-29,1,2026-07-05,471500.0,37
104236,Hyundai,Verna,2024,19154,A (Excellent),Bengaluru,805900.0,839100.0,2026-06-09,1,2026-07-02,817800.0,23
104237,Hyundai,Venue,2017,99522,A (Excellent),Kolkata,301800.0,287300.0,2026-08-21,0,,,11
104238,Hyundai,Verna,2024,32010,B (Good),Mumbai,736400.0,716700.0,2026-05-16,1,2026-06-16,692100.0,31
104239,Maruti Suzuki,Ertiga,2020,72061,A (Excellent),Pune,412800.0,354200.0,2026-08-14,0,,,18
104240,Kia,Seltos,2023,28028,B (Good),Bengaluru,814500.0,862400.0,2026-06-30,1,2026-07-28,834500.0,28
104241,Kia,Carens,2022,69949,B (Good),Delhi NCR,647600.0,604200.0,2026-07-09,1,2026-07-28,592300.0,19
104242,Maruti Suzuki,Swift,2023,30137,B (Good),Ahmedabad,388700.0,368600.0,2026-06-15,1,2026-07-03,354600.0,18
104243,Kia,Sonet,2020,72420,A (Excellent),Bengaluru,440100.0,479600.0,2026-06-06,1,2026-07-01,467700.0,25
104244,Hyundai,Grand i10,2019,81566,A (Excellent),Bengaluru,237900.0,242200.0,2026-06-22,1,2026-07-13,228200.0,21
104245,Tata,Altroz,2024,40782,B (Good),Delhi NCR,476200.0,506600.0,2026-07-14,1,2026-08-08,493800.0,25
104246,Maruti Suzuki,WagonR,2020,63872,B (Good),Mumbai,231300.0,240500.0,2026-06-25,1,2026-07-24,227100.0,29
104247,Hyundai,Verna,2021,67483,B (Good),Ahmedabad,534600.0,572600.0,2026-08-04,0,,,28
104248,Honda,WR-V,2023,38884,A (Excellent),Hyderabad,590000.0,536700.0,2026-08-19,0,,,13
104249,Tata,Nexon,2016,124273,B (Good),Bengaluru,280300.0,294100.0,2026-07-31,1,2026-08-17,289300.0,17
104250,Mahindra,XUV300,2023,30491,C (Fair),Pune,508700.0,492300.0,2026-07-01,1,2026-07-30,486000.0,29
104251,Honda,WR-V,2022,50117,A (Excellent),Ahmedabad,530600.0,586600.0,2026-05-08,1,2026-06-14,576900.0,37
104252,Hyundai,Creta,2024,18413,A (Excellent),Kolkata,976300.0,1047100.0,2026-07-29,0,,,34
104253,Hyundai,Venue,2022,55287,B (Good),Bengaluru,469900.0,463400.0,2026-07-08,1,2026-07-26,453700.0,18
104254,Hyundai,Grand i10,2020,77616,C (Fair),Ahmedabad,218800.0,223200.0,2026-07-02,1,2026-08-11,217100.0,40
104255,Hyundai,Grand i10,2020,56023,B (Good),Chennai,248800.0,257200.0,2026-07-19,1,2026-08-22,249400.0,34
104256,Honda,Amaze,2024,15949,A (Excellent),Ahmedabad,510600.0,566200.0,2026-05-24,1,2026-06-19,554200.0,26
104257,Maruti Suzuki,Swift,2023,20827,A (Excellent),Ahmedabad,423800.0,461500.0,2026-05-15,1,2026-06-28,441600.0,44
104258,Maruti Suzuki,WagonR,2021,64815,B (Good),Delhi NCR,254000.0,266500.0,2026-07-10,1,2026-07-28,256300.0,18
104259,Toyota,Glanza,2020,74454,A (Excellent),Pune,356800.0,361000.0,2026-05-19,1,2026-06-23,356400.0,35
104260,Mahindra,XUV300,2020,65909,A (Excellent),Delhi NCR,443200.0,408500.0,2026-05-23,1,2026-06-20,403500.0,28
104261,Hyundai,Grand i10,2021,57933,A (Excellent),Hyderabad,294700.0,256600.0,2026-05-06,1,2026-05-18,253500.0,12
104262,Mahindra,Bolero,2022,49201,A (Excellent),Hyderabad,476700.0,520400.0,2026-05-07,1,2026-06-06,497600.0,30
104263,Mahindra,Scorpio,2024,27527,B (Good),Bengaluru,973400.0,753200.0,2026-08-06,1,2026-08-19,713400.0,13
104264,Mahindra,XUV300,2020,65025,C (Fair),Kolkata,369700.0,381800.0,2026-05-30,1,2026-07-03,375100.0,34
104265,Maruti Suzuki,WagonR,2019,88043,A (Excellent),Ahmedabad,221500.0,189900.0,2026-05-15,1,2026-06-06,186000.0,22
104266,Maruti Suzuki,Swift,2024,30762,A (Excellent),Bengaluru,461000.0,465500.0,2026-08-24,0,,,8
104267,Mahindra,XUV700,2022,51214,B (Good),Ahmedabad,1038100.0,1130600.0,2026-08-10,0,,,22
104268,Hyundai,Creta,2018,103450,B (Good),Chennai,468900.0,444700.0,2026-07-05,1,2026-07-26,431400.0,21
104269,Kia,Seltos,2021,64710,A (Excellent),Chennai,701000.0,709800.0,2026-08-24,0,,,8
104270,Hyundai,Grand i10,2020,75054,A (Excellent),Bengaluru,263300.0,276200.0,2026-05-30,1,2026-07-13,269200.0,44
104271,Maruti Suzuki,WagonR,2021,43765,A (Excellent),Delhi NCR,280400.0,295900.0,2026-06-27,1,2026-07-25,282300.0,28
104272,Maruti Suzuki,Ertiga,2023,33123,B (Good),Bengaluru,528400.0,500400.0,2026-08-27,0,,,5
104273,Maruti Suzuki,Baleno,2020,71202,A (Excellent),Pune,330500.0,367600.0,2026-05-22,1,2026-06-19,350800.0,28
104274,Maruti Suzuki,Baleno,2023,29625,C (Fair),Hyderabad,381900.0,316900.0,2026-07-28,1,2026-08-18,302100.0,21
104275,Honda,WR-V,2020,74070,B (Good),Mumbai,396600.0,365500.0,2026-06-28,1,2026-07-26,347100.0,28
104276,Maruti Suzuki,WagonR,2021,61853,A (Excellent),Bengaluru,275100.0,246700.0,2026-07-09,1,2026-07-24,235200.0,15
104277,Kia,Carens,2017,92068,C (Fair),Ahmedabad,355100.0,412600.0,2026-08-17,0,,,15
104278,Honda,WR-V,2023,39468,A (Excellent),Ahmedabad,589700.0,410900.0,2026-05-12,1,2026-06-01,387200.0,20
104279,Toyota,Fortuner,2023,40435,C (Fair),Kolkata,1825100.0,1820300.0,2026-08-05,0,,,27
104280,Honda,City,2020,62313,A (Excellent),Pune,500500.0,523100.0,2026-06-03,1,2026-07-04,506900.0,31
104281,Hyundai,Venue,2020,81980,C (Fair),Bengaluru,340300.0,362600.0,2026-06-15,1,2026-07-16,356400.0,31
104282,Tata,Punch,2024,23616,A (Excellent),Chennai,506700.0,520400.0,2026-06-11,1,2026-07-14,504000.0,33
104283,Toyota,Fortuner,2017,107443,A (Excellent),Mumbai,1156800.0,1050700.0,2026-06-02,1,2026-06-14,990100.0,12
104284,Maruti Suzuki,WagonR,2021,69036,A (Excellent),Bengaluru,273000.0,281700.0,2026-07-12,1,2026-08-04,276800.0,23
104285,Tata,Tiago,2017,104869,B (Good),Bengaluru,177800.0,165200.0,2026-06-26,1,2026-07-15,159400.0,19
104286,Hyundai,Grand i10,2017,113112,A (Excellent),Delhi NCR,190300.0,206400.0,2026-05-13,1,2026-06-06,197000.0,24
104287,Honda,WR-V,2024,27509,C (Fair),Pune,546700.0,597200.0,2026-06-21,1,2026-07-21,563600.0,30
104288,Hyundai,Grand i10,2020,73526,B (Good),Bengaluru,244200.0,235900.0,2026-07-27,1,2026-08-01,232600.0,5
104289,Maruti Suzuki,Swift,2023,37336,C (Fair),Kolkata,347300.0,371700.0,2026-08-01,0,,,31
104290,Maruti Suzuki,Swift,2019,89002,B (Good),Chennai,250400.0,241500.0,2026-08-03,1,2026-08-29,236600.0,26
104291,Mahindra,Scorpio,2022,58589,B (Good),Kolkata,780400.0,814600.0,2026-06-16,1,2026-07-26,773300.0,40
104292,Tata,Altroz,2022,61881,C (Fair),Mumbai,347100.0,369100.0,2026-07-22,1,2026-08-24,354600.0,33
104293,Tata,Harrier,2022,23793,B (Good),Kolkata,938700.0,906600.0,2026-06-04,1,2026-07-10,879700.0,36
104294,Tata,Nexon,2018,88114,C (Fair),Kolkata,317200.0,314300.0,2026-07-11,1,2026-08-13,301500.0,33
104295,Maruti Suzuki,Dzire,2022,40890,B (Good),Kolkata,368900.0,341400.0,2026-05-07,1,2026-06-08,327200.0,32
104296,Hyundai,Grand i10,2017,99080,C (Fair),Ahmedabad,161100.0,174600.0,2026-05-18,1,2026-06-21,165300.0,34
104297,Honda,Amaze,2019,89485,B (Good),Ahmedabad,273000.0,281000.0,2026-07-02,1,2026-08-08,272600.0,37
104298,Tata,Punch,2024,7941,A (Excellent),Pune,514800.0,562200.0,2026-08-26,0,,,6
104299,Hyundai,i20,2023,39255,A (Excellent),Kolkata,468800.0,490700.0,2026-08-22,0,,,10
104300,Tata,Tiago,2018,89999,A (Excellent),Pune,214500.0,203000.0,2026-06-10,1,2026-07-20,196400.0,40
104301,Hyundai,i20,2017,104125,A (Excellent),Hyderabad,248200.0,283300.0,2026-06-09,1,2026-07-12,280000.0,33
104302,Maruti Suzuki,WagonR,2023,30570,A (Excellent),Mumbai,343300.0,380200.0,2026-08-18,0,,,14
104303,Mahindra,XUV700,2024,27273,B (Good),Delhi NCR,1285300.0,1456500.0,2026-07-06,1,2026-08-03,1386100.0,28
104304,Hyundai,Verna,2018,96020,C (Fair),Hyderabad,351500.0,309500.0,2026-07-01,1,2026-07-26,291400.0,25
104305,Tata,Harrier,2020,57459,B (Good),Chennai,750500.0,789200.0,2026-07-07,1,2026-08-03,776000.0,27
104306,Hyundai,Verna,2019,74748,C (Fair),Kolkata,395300.0,427700.0,2026-08-27,0,,,5
104307,Hyundai,Venue,2021,56186,C (Fair),Chennai,384400.0,406100.0,2026-05-05,1,2026-06-12,386600.0,38
104308,Maruti Suzuki,WagonR,2023,26675,C (Fair),Pune,287300.0,252600.0,2026-08-14,0,,,18
104309,Honda,WR-V,2024,24192,B (Good),Bengaluru,609500.0,680100.0,2026-06-20,1,2026-07-13,641600.0,23
104310,Toyota,Fortuner,2022,49426,B (Good),Delhi NCR,1828100.0,1777100.0,2026-05-07,1,2026-05-29,1688100.0,22
104311,Toyota,Innova,2017,126644,C (Fair),Kolkata,520400.0,502200.0,2026-05-22,1,2026-06-18,477800.0,27
104312,Hyundai,Grand i10,2024,11428,C (Fair),Mumbai,342000.0,305600.0,2026-07-21,1,2026-08-07,301200.0,17
104313,Maruti Suzuki,Dzire,2021,58977,A (Excellent),Delhi NCR,355700.0,342800.0,2026-08-03,1,2026-08-20,328500.0,17
104314,Maruti Suzuki,WagonR,2024,25871,B (Good),Pune,351000.0,371900.0,2026-05-14,1,2026-06-16,353300.0,33
104315,Mahindra,XUV300,2019,86341,B (Good),Hyderabad,365300.0,369500.0,2026-05-24,1,2026-06-18,354700.0,25
104316,Toyota,Innova,2018,92825,A (Excellent),Bengaluru,712900.0,747400.0,2026-06-06,1,2026-07-06,710300.0,30
104317,Kia,Seltos,2021,48234,B (Good),Kolkata,660500.0,818100.0,2026-06-26,1,2026-08-13,800800.0,48
104318,Mahindra,XUV700,2021,55556,A (Excellent),Bengaluru,1015600.0,969100.0,2026-08-08,0,,,24
104319,Honda,City,2017,107139,B (Good),Kolkata,332500.0,328900.0,2026-08-27,0,,,5
104320,Hyundai,Venue,2024,36389,C (Fair),Chennai,520900.0,550600.0,2026-07-26,1,2026-08-29,533100.0,34
104321,Tata,Tiago,2024,14184,A (Excellent),Mumbai,409200.0,445600.0,2026-06-20,1,2026-07-12,428500.0,22
104322,Kia,Carens,2021,50301,B (Good),Kolkata,601800.0,617300.0,2026-07-10,1,2026-08-14,584600.0,35
104323,Honda,Amaze,2023,28158,B (Good),Hyderabad,424900.0,385500.0,2026-05-11,1,2026-05-24,380600.0,13
104324,Hyundai,Verna,2020,76929,A (Excellent),Pune,520100.0,549800.0,2026-07-30,1,2026-08-30,525100.0,31
104325,Maruti Suzuki,WagonR,2020,45482,A (Excellent),Kolkata,254700.0,275100.0,2026-05-28,1,2026-07-04,260400.0,37
104326,Maruti Suzuki,WagonR,2021,73671,B (Good),Bengaluru,251600.0,210900.0,2026-08-21,0,,,11
104327,Toyota,Innova,2018,96436,B (Good),Hyderabad,657400.0,607200.0,2026-06-13,1,2026-07-07,585300.0,24
104328,Honda,Amaze,2023,38323,C (Fair),Delhi NCR,378400.0,423100.0,2026-08-10,0,,,22
104329,Kia,Seltos,2023,48099,B (Good),Chennai,797700.0,797800.0,2026-06-16,1,2026-07-27,756900.0,41
104330,Hyundai,i20,2021,53351,B (Good),Bengaluru,354200.0,301300.0,2026-08-14,1,2026-08-17,287100.0,3
104331,Maruti Suzuki,WagonR,2024,24155,C (Fair),Bengaluru,316500.0,277400.0,2026-06-08,1,2026-07-01,269200.0,23
104332,Maruti Suzuki,Dzire,2021,62207,C (Fair),Pune,295400.0,307400.0,2026-08-21,0,,,11
104333,Tata,Harrier,2021,65674,A (Excellent),Kolkata,883000.0,806100.0,2026-07-12,1,2026-08-03,778600.0,22
104334,Hyundai,Verna,2017,110826,B (Good),Delhi NCR,349600.0,371600.0,2026-05-26,1,2026-07-02,352700.0,37
104335,Tata,Altroz,2020,61025,B (Good),Bengaluru,319700.0,328200.0,2026-07-08,1,2026-07-25,317000.0,17
104336,Mahindra,Scorpio,2023,35366,B (Good),Bengaluru,878700.0,836700.0,2026-07-27,1,2026-08-13,811100.0,17
104337,Hyundai,i20,2018,103172,A (Excellent),Delhi NCR,273100.0,285600.0,2026-05-22,1,2026-06-19,275400.0,28
104338,Hyundai,Creta,2022,62062,A (Excellent),Bengaluru,772500.0,877900.0,2026-07-22,1,2026-08-23,864800.0,32
104339,Mahindra,XUV300,2022,52764,C (Fair),Delhi NCR,452300.0,421500.0,2026-05-20,1,2026-06-11,411600.0,22
104340,Maruti Suzuki,Baleno,2019,90697,B (Good),Chennai,272600.0,266700.0,2026-07-25,1,2026-08-24,262600.0,30
104341,Mahindra,Bolero,2021,65298,C (Fair),Ahmedabad,355400.0,379000.0,2026-05-07,1,2026-06-13,363600.0,37
104342,Kia,Seltos,2018,93950,A (Excellent),Bengaluru,511700.0,430500.0,2026-05-12,1,2026-05-15,406800.0,3
104343,Kia,Seltos,2022,46147,A (Excellent),Delhi NCR,785600.0,881800.0,2026-06-25,1,2026-07-16,831600.0,21
104344,Maruti Suzuki,Swift,2023,36438,A (Excellent),Bengaluru,417100.0,408600.0,2026-08-27,0,,,5
104345,Tata,Harrier,2024,29295,B (Good),Delhi NCR,1127100.0,1144400.0,2026-08-16,0,,,16
104346,Hyundai,Venue,2024,18779,A (Excellent),Mumbai,636500.0,562300.0,2026-08-06,1,2026-08-23,529700.0,17
104347,Tata,Harrier,2023,53244,B (Good),Bengaluru,1000400.0,1044700.0,2026-07-28,1,2026-08-19,994800.0,22
104348,Kia,Carens,2022,40791,B (Good),Mumbai,667900.0,681500.0,2026-07-08,1,2026-08-01,657700.0,24
104349,Hyundai,Venue,2020,75155,B (Good),Mumbai,380900.0,329600.0,2026-07-02,1,2026-07-27,315400.0,25
104350,Hyundai,Verna,2024,29263,C (Fair),Ahmedabad,664600.0,640200.0,2026-06-30,1,2026-07-30,620300.0,30
104351,Mahindra,XUV300,2019,86187,A (Excellent),Bengaluru,394600.0,418900.0,2026-05-10,1,2026-06-09,403100.0,30
104352,Maruti Suzuki,Ertiga,2019,84365,A (Excellent),Hyderabad,370600.0,395400.0,2026-08-14,0,,,18
104353,Honda,WR-V,2023,34517,B (Good),Pune,548800.0,589100.0,2026-06-18,1,2026-07-22,571700.0,34
104354,Maruti Suzuki,WagonR,2018,100438,C (Fair),Hyderabad,165700.0,178800.0,2026-06-16,1,2026-07-04,171300.0,18
104355,Toyota,Innova,2024,13853,B (Good),Kolkata,1263500.0,1540800.0,2026-05-23,1,2026-07-16,1478700.0,54
104356,Maruti Suzuki,Baleno,2023,38091,B (Good),Kolkata,420600.0,442700.0,2026-05-16,1,2026-06-10,419600.0,25
104357,Toyota,Glanza,2019,83124,B (Good),Chennai,297800.0,269400.0,2026-06-16,1,2026-07-05,256900.0,19
104358,Maruti Suzuki,WagonR,2023,37732,B (Good),Delhi NCR,315600.0,270600.0,2026-07-12,1,2026-07-28,263200.0,16
104359,Tata,Punch,2022,47245,C (Fair),Delhi NCR,341200.0,302900.0,2026-08-19,0,,,13
104360,Tata,Punch,2020,76316,C (Fair),Ahmedabad,273900.0,225600.0,2026-07-13,1,2026-08-04,215000.0,22
104361,Hyundai,Grand i10,2021,49244,C (Fair),Kolkata,247900.0,255600.0,2026-07-27,0,,,36
104362,Kia,Carens,2020,70459,B (Good),Bengaluru,536000.0,560100.0,2026-07-14,1,2026-08-02,532400.0,19
104363,Mahindra,Scorpio,2022,46956,B (Good),Ahmedabad,790000.0,726200.0,2026-07-26,1,2026-08-20,710700.0,25
104364,Hyundai,Verna,2018,106201,A (Excellent),Mumbai,417000.0,475400.0,2026-05-07,1,2026-06-17,462100.0,41
104365,Tata,Nexon,2024,7263,A (Excellent),Mumbai,729800.0,745500.0,2026-08-26,0,,,6
104366,Toyota,Fortuner,2019,74641,B (Good),Delhi NCR,1341000.0,1492800.0,2026-05-27,1,2026-07-01,1421200.0,35
104367,Tata,Punch,2022,49480,C (Fair),Pune,340400.0,314900.0,2026-05-10,1,2026-06-06,311600.0,27
104368,Toyota,Innova,2021,70416,A (Excellent),Bengaluru,969400.0,933700.0,2026-08-23,0,,,9
104369,Tata,Nexon,2023,31842,C (Fair),Pune,539700.0,591600.0,2026-05-19,1,2026-07-04,581700.0,46
104370,Maruti Suzuki,Baleno,2022,43540,B (Good),Mumbai,380600.0,352600.0,2026-05-21,1,2026-06-08,346100.0,18
104371,Hyundai,Venue,2021,67326,B (Good),Mumbai,422100.0,379500.0,2026-05-18,1,2026-06-13,373800.0,26
104372,Toyota,Innova,2017,97454,B (Good),Kolkata,597600.0,526300.0,2026-07-11,1,2026-08-13,511600.0,33
104373,Hyundai,Grand i10,2023,45604,C (Fair),Chennai,300500.0,296300.0,2026-07-02,1,2026-07-31,286500.0,29
104374,Hyundai,Verna,2018,97577,B (Good),Mumbai,389900.0,414000.0,2026-08-23,0,,,9
104375,Honda,City,2017,103302,C (Fair),Mumbai,300600.0,274300.0,2026-07-05,1,2026-08-03,269300.0,29
104376,Tata,Altroz,2021,43528,B (Good),Delhi NCR,357900.0,370600.0,2026-08-13,0,,,19
104377,Hyundai,i20,2021,48547,C (Fair),Bengaluru,320400.0,279300.0,2026-06-03,1,2026-06-22,275500.0,19
104378,Honda,Amaze,2024,23275,B (Good),Chennai,469300.0,535100.0,2026-07-06,0,,,57
104379,Hyundai,Verna,2021,50774,B (Good),Delhi NCR,544200.0,506600.0,2026-08-22,0,,,10
104380,Maruti Suzuki,Swift,2019,96776,B (Good),Hyderabad,248200.0,227800.0,2026-06-28,1,2026-07-14,218800.0,16
104381,Tata,Tiago,2018,109838,B (Good),Chennai,194300.0,200600.0,2026-07-13,1,2026-08-23,195100.0,41
104382,Maruti Suzuki,Baleno,2016,116818,B (Good),Bengaluru,199600.0,219000.0,2026-06-23,1,2026-07-21,210700.0,28
104383,Kia,Carens,2022,49063,C (Fair),Hyderabad,595900.0,549300.0,2026-07-30,1,2026-08-18,524300.0,19
104384,Toyota,Fortuner,2022,59082,B (Good),Ahmedabad,1809500.0,1836400.0,2026-07-11,1,2026-08-02,1794100.0,22
104385,Honda,WR-V,2018,97157,B (Good),Kolkata,320200.0,372200.0,2026-06-12,1,2026-07-28,360400.0,46
104386,Kia,Carens,2020,78567,B (Good),Pune,531300.0,527100.0,2026-07-10,1,2026-08-09,504200.0,30
104387,Maruti Suzuki,Swift,2022,54663,A (Excellent),Hyderabad,372400.0,365400.0,2026-08-10,0,,,22
104388,Toyota,Fortuner,2021,48468,B (Good),Pune,1665200.0,1726900.0,2026-07-18,1,2026-08-16,1672700.0,29
104389,Hyundai,i20,2020,73387,A (Excellent),Delhi NCR,340700.0,300800.0,2026-05-18,1,2026-06-05,295300.0,18
104390,Hyundai,Creta,2019,79277,B (Good),Bengaluru,529100.0,490100.0,2026-08-31,0,,,1
104391,Hyundai,Venue,2021,55543,A (Excellent),Mumbai,461700.0,446400.0,2026-07-13,1,2026-08-13,430100.0,31
104392,Toyota,Glanza,2021,51994,B (Good),Ahmedabad,371900.0,386800.0,2026-06-08,1,2026-07-04,371200.0,26
104393,Kia,Sonet,2022,57583,B (Good),Delhi NCR,500000.0,529400.0,2026-07-24,1,2026-08-15,516800.0,22
104394,Hyundai,Creta,2020,66106,B (Good),Mumbai,589800.0,568300.0,2026-08-14,0,,,18
104395,Kia,Carens,2019,69053,C (Fair),Pune,439600.0,431600.0,2026-07-23,1,2026-08-15,417900.0,23
104396,Maruti Suzuki,Swift,2018,90002,A (Excellent),Kolkata,245800.0,271400.0,2026-08-29,0,,,3
104397,Hyundai,i20,2018,100279,A (Excellent),Kolkata,274000.0,282200.0,2026-05-23,1,2026-07-09,273700.0,47
104398,Maruti Suzuki,Swift,2022,65562,B (Good),Pune,340800.0,301300.0,2026-05-25,1,2026-06-07,284900.0,13
104399,Maruti Suzuki,Baleno,2018,77301,A (Excellent),Chennai,271900.0,283400.0,2026-07-22,1,2026-08-25,272100.0,34
104400,Toyota,Fortuner,2021,74513,B (Good),Mumbai,1619600.0,1857100.0,2026-07-02,1,2026-08-04,1771300.0,33
104401,Tata,Altroz,2023,46166,C (Fair),Chennai,387900.0,346700.0,2026-07-01,1,2026-07-27,327700.0,26
104402,Mahindra,Scorpio,2023,28322,C (Fair),Ahmedabad,796600.0,849000.0,2026-08-21,0,,,11
104403,Maruti Suzuki,Ertiga,2022,52242,A (Excellent),Bengaluru,509100.0,560300.0,2026-06-14,1,2026-07-15,529500.0,31
104404,Mahindra,Scorpio,2024,10691,A (Excellent),Kolkata,1069500.0,970800.0,2026-07-23,1,2026-08-14,932600.0,22
104405,Tata,Tiago,2019,84161,B (Good),Chennai,219700.0,228700.0,2026-05-06,1,2026-06-07,224900.0,32
104406,Hyundai,Creta,2018,96179,A (Excellent),Delhi NCR,510500.0,585900.0,2026-08-03,0,,,29
104407,Maruti Suzuki,WagonR,2019,76330,A (Excellent),Delhi NCR,224300.0,193400.0,2026-06-19,1,2026-07-08,191400.0,19
104408,Hyundai,Creta,2020,74454,B (Good),Kolkata,584500.0,537400.0,2026-05-23,1,2026-06-18,517200.0,26
104409,Maruti Suzuki,Ertiga,2023,40700,A (Excellent),Delhi NCR,566200.0,561300.0,2026-05-14,1,2026-06-04,541600.0,21
104410,Toyota,Innova,2016,129526,C (Fair),Kolkata,472000.0,483900.0,2026-05-12,1,2026-06-19,477400.0,38
104411,Toyota,Glanza,2021,67075,C (Fair),Delhi NCR,329300.0,364100.0,2026-05-22,1,2026-06-16,349800.0,25
104412,Tata,Tiago,2021,75609,B (Good),Chennai,267800.0,270800.0,2026-06-12,1,2026-07-11,263500.0,29
104413,Mahindra,Bolero,2021,63563,B (Good),Delhi NCR,395600.0,354800.0,2026-07-05,1,2026-07-19,336100.0,14
104414,Hyundai,Venue,2019,66731,B (Good),Pune,349800.0,320500.0,2026-07-07,1,2026-07-31,302400.0,24
104415,Maruti Suzuki,WagonR,2022,58004,B (Good),Hyderabad,281100.0,237000.0,2026-07-30,1,2026-08-25,233700.0,26
104416,Hyundai,i20,2021,49310,B (Good),Ahmedabad,355700.0,355900.0,2026-07-16,1,2026-08-12,340300.0,27
104417,Hyundai,Grand i10,2020,71316,A (Excellent),Pune,264400.0,292500.0,2026-06-10,1,2026-07-13,287700.0,33
104418,Honda,City,2016,121856,C (Fair),Pune,267900.0,249100.0,2026-07-05,1,2026-08-01,239800.0,27
104419,Tata,Harrier,2022,45043,B (Good),Kolkata,918200.0,877100.0,2026-05-08,1,2026-06-10,845600.0,33
104420,Toyota,Innova,2018,82162,B (Good),Kolkata,667800.0,674700.0,2026-05-16,1,2026-06-12,646000.0,27
104421,Maruti Suzuki,Swift,2020,72139,C (Fair),Kolkata,252200.0,223800.0,2026-07-27,1,2026-08-25,221300.0,29
104422,Maruti Suzuki,Baleno,2024,27163,A (Excellent),Ahmedabad,504800.0,512100.0,2026-08-31,0,,,1
104423,Mahindra,XUV700,2019,79521,B (Good),Kolkata,759000.0,907200.0,2026-05-19,1,2026-07-06,892800.0,48
104424,Hyundai,Venue,2022,48171,B (Good),Delhi NCR,473400.0,530200.0,2026-08-09,1,2026-08-30,507600.0,21
104425,Kia,Carens,2021,53985,B (Good),Delhi NCR,599400.0,642000.0,2026-08-06,1,2026-08-31,630000.0,25
104426,Hyundai,Venue,2018,92641,B (Good),Bengaluru,309500.0,249200.0,2026-08-22,1,2026-08-25,241400.0,3
104427,Hyundai,Creta,2020,86305,B (Good),Mumbai,577000.0,582600.0,2026-07-22,1,2026-08-20,557200.0,29
104428,Tata,Altroz,2020,72977,B (Good),Pune,315600.0,318900.0,2026-06-06,1,2026-07-13,309800.0,37
104429,Hyundai,Grand i10,2017,116024,A (Excellent),Delhi NCR,189600.0,178400.0,2026-07-18,1,2026-08-05,168100.0,18
104430,Maruti Suzuki,Baleno,2021,69210,B (Good),Mumbai,337000.0,339300.0,2026-07-04,1,2026-08-09,321400.0,36
104431,Honda,WR-V,2022,54454,A (Excellent),Bengaluru,528200.0,538700.0,2026-05-12,1,2026-06-04,510800.0,23
104432,Maruti Suzuki,Baleno,2024,22281,A (Excellent),Pune,507400.0,454600.0,2026-08-20,0,,,12
104433,Tata,Altroz,2021,58340,B (Good),Bengaluru,352300.0,366000.0,2026-07-08,1,2026-07-22,354400.0,14
104434,Tata,Altroz,2022,48900,B (Good),Ahmedabad,391000.0,425700.0,2026-06-08,1,2026-07-13,404600.0,35
104435,Mahindra,XUV700,2017,108404,C (Fair),Bengaluru,547900.0,576500.0,2026-08-12,0,,,20
104436,Maruti Suzuki,Dzire,2018,104243,C (Fair),Delhi NCR,212600.0,252000.0,2026-05-11,1,2026-06-10,243700.0,30
104437,Mahindra,Bolero,2022,54722,B (Good),Chennai,438800.0,443300.0,2026-07-09,1,2026-08-18,419200.0,40
104438,Toyota,Innova,2021,63083,B (Good),Hyderabad,904600.0,843900.0,2026-07-03,1,2026-07-26,808800.0,23
104439,Tata,Tiago,2023,19829,A (Excellent),Bengaluru,370300.0,348400.0,2026-08-30,0,,,2
104440,Maruti Suzuki,Ertiga,2022,45725,B (Good),Mumbai,474600.0,539800.0,2026-07-09,1,2026-08-06,526500.0,28
104441,Hyundai,Verna,2021,64754,A (Excellent),Chennai,579100.0,601900.0,2026-07-26,1,2026-08-31,574500.0,36
104442,Tata,Harrier,2019,96068,A (Excellent),Delhi NCR,707400.0,753500.0,2026-07-26,1,2026-08-23,736700.0,28
104443,Maruti Suzuki,WagonR,2024,42756,B (Good),Mumbai,345000.0,336900.0,2026-06-29,1,2026-07-18,317600.0,19
104444,Maruti Suzuki,Ertiga,2023,31877,B (Good),Delhi NCR,529100.0,532900.0,2026-07-21,1,2026-08-10,513700.0,20
104445,Hyundai,Creta,2020,77073,B (Good),Hyderabad,582800.0,553900.0,2026-06-05,1,2026-06-28,537100.0,23
104446,Tata,Harrier,2021,59810,B (Good),Delhi NCR,822700.0,879900.0,2026-05-19,1,2026-06-23,827400.0,35
104447,Toyota,Innova,2018,82590,B (Good),Ahmedabad,667500.0,581100.0,2026-06-27,1,2026-07-16,567600.0,19
104448,Mahindra,Bolero,2022,51395,B (Good),Chennai,440300.0,441900.0,2026-05-20,1,2026-06-12,419800.0,23
104449,Honda,Amaze,2020,67191,B (Good),Kolkata,307400.0,282100.0,2026-06-02,1,2026-07-03,267000.0,31
104450,Tata,Tiago,2018,104929,A (Excellent),Kolkata,211000.0,230200.0,2026-07-06,1,2026-08-15,218300.0,40
104451,Kia,Carens,2023,43322,B (Good),Mumbai,732000.0,719300.0,2026-07-11,1,2026-08-11,689800.0,31
104452,Maruti Suzuki,Dzire,2020,64506,B (Good),Pune,298000.0,216800.0,2026-08-04,1,2026-08-17,205200.0,13
104453,Hyundai,Grand i10,2024,35476,B (Good),Kolkata,370700.0,399700.0,2026-05-28,1,2026-06-28,378400.0,31
104454,Honda,Jazz,2020,74520,B (Good),Ahmedabad,315100.0,289400.0,2026-08-22,0,,,10
104455,Toyota,Glanza,2019,71786,A (Excellent),Mumbai,325600.0,356200.0,2026-08-09,0,,,23
104456,Hyundai,Verna,2020,75547,C (Fair),Chennai,434100.0,400400.0,2026-08-05,1,2026-08-30,384200.0,25
104457,Honda,WR-V,2020,78454,A (Excellent),Delhi NCR,426300.0,409600.0,2026-05-10,1,2026-05-24,390100.0,14
104458,Hyundai,Creta,2024,26624,B (Good),Delhi NCR,896400.0,896300.0,2026-08-11,0,,,21
104459,Mahindra,Scorpio,2023,44558,B (Good),Pune,870300.0,880500.0,2026-05-28,1,2026-06-26,841300.0,29
104460,Maruti Suzuki,WagonR,2017,106222,A (Excellent),Mumbai,179800.0,194400.0,2026-08-04,0,,,28
104461,Maruti Suzuki,Swift,2021,54805,A (Excellent),Bengaluru,338800.0,342600.0,2026-06-02,1,2026-06-29,338700.0,27
104462,Maruti Suzuki,Swift,2023,46797,B (Good),Pune,382000.0,358000.0,2026-08-15,0,,,17
104463,Maruti Suzuki,Swift,2024,26481,A (Excellent),Ahmedabad,463100.0,476800.0,2026-08-17,0,,,15
104464,Hyundai,Creta,2020,63797,A (Excellent),Kolkata,638500.0,566600.0,2026-08-10,0,,,22
104465,Mahindra,Scorpio,2021,59963,B (Good),Ahmedabad,709100.0,662900.0,2026-05-27,1,2026-06-21,644400.0,25
104466,Hyundai,Grand i10,2020,77166,A (Excellent),Ahmedabad,262700.0,216500.0,2026-08-12,1,2026-08-28,210900.0,16
104467,Maruti Suzuki,WagonR,2021,66806,C (Fair),Hyderabad,228100.0,225400.0,2026-05-26,1,2026-06-21,217300.0,26
104468,Kia,Carens,2022,50061,A (Excellent),Kolkata,714400.0,595000.0,2026-08-11,0,,,21
104469,Maruti Suzuki,WagonR,2024,33713,C (Fair),Kolkata,313400.0,310000.0,2026-05-05,1,2026-06-02,306100.0,28
104470,Maruti Suzuki,Ertiga,2024,24638,B (Good),Bengaluru,585800.0,617800.0,2026-05-09,1,2026-06-01,608700.0,23
104471,Maruti Suzuki,Dzire,2023,40359,C (Fair),Pune,365000.0,359500.0,2026-07-12,1,2026-08-10,354600.0,29
104472,Maruti Suzuki,Baleno,2017,101330,A (Excellent),Delhi NCR,241000.0,256500.0,2026-05-18,1,2026-06-17,247600.0,30
104473,Honda,WR-V,2023,37759,A (Excellent),Bengaluru,590700.0,576800.0,2026-06-07,1,2026-06-23,560200.0,16
104474,Toyota,Glanza,2024,19488,A (Excellent),Mumbai,551200.0,539400.0,2026-06-05,1,2026-06-25,520400.0,20
104475,Maruti Suzuki,Swift,2024,17018,C (Fair),Mumbai,389700.0,405200.0,2026-08-06,0,,,26
104476,Tata,Altroz,2020,64306,A (Excellent),Delhi NCR,344100.0,337100.0,2026-06-30,1,2026-07-21,318000.0,21
104477,Hyundai,Grand i10,2019,92278,C (Fair),Bengaluru,196000.0,183100.0,2026-06-25,1,2026-07-17,178800.0,22
104478,Tata,Punch,2024,19437,B (Good),Chennai,471100.0,539000.0,2026-05-26,1,2026-07-05,526200.0,40
104479,Hyundai,i20,2017,114428,C (Fair),Bengaluru,204500.0,196200.0,2026-07-19,1,2026-07-28,184500.0,9
104480,Tata,Tiago,2024,21250,B (Good),Hyderabad,376200.0,378700.0,2026-07-22,1,2026-08-18,372300.0,27
104481,Mahindra,XUV700,2021,50064,A (Excellent),Mumbai,1021500.0,1009600.0,2026-06-26,1,2026-07-25,968100.0,29
104482,Tata,Nexon,2017,109864,B (Good),Hyderabad,313100.0,312100.0,2026-06-10,1,2026-07-03,294100.0,23
104483,Tata,Tiago,2024,19029,C (Fair),Bengaluru,339400.0,346400.0,2026-08-17,0,,,15
104484,Hyundai,Verna,2022,31356,B (Good),Ahmedabad,610200.0,676500.0,2026-05-05,1,2026-06-07,666100.0,33
104485,Hyundai,Venue,2022,49165,B (Good),Chennai,472900.0,435000.0,2026-07-11,1,2026-08-10,422900.0,30
104486,Kia,Carens,2020,68509,C (Fair),Bengaluru,483400.0,394300.0,2026-06-12,1,2026-06-27,388000.0,15
104487,Toyota,Fortuner,2021,77475,B (Good),Kolkata,1614400.0,1604600.0,2026-08-26,0,,,6
104488,Toyota,Fortuner,2017,114814,A (Excellent),Delhi NCR,1147300.0,1191900.0,2026-05-22,1,2026-06-19,1134700.0,28
104489,Mahindra,XUV300,2024,25102,A (Excellent),Hyderabad,674500.0,747100.0,2026-05-13,1,2026-06-19,738400.0,37
104490,Hyundai,Venue,2019,96675,C (Fair),Chennai,304700.0,298400.0,2026-06-04,1,2026-07-05,287500.0,31
104491,Honda,Jazz,2020,64301,A (Excellent),Delhi NCR,344100.0,300200.0,2026-08-08,1,2026-08-17,291100.0,9
104492,Mahindra,XUV700,2018,101716,A (Excellent),Pune,727900.0,727800.0,2026-06-05,1,2026-07-05,704700.0,30
104493,Honda,WR-V,2023,35450,B (Good),Ahmedabad,548300.0,661200.0,2026-08-26,0,,,6
104494,Maruti Suzuki,WagonR,2019,66587,B (Good),Bengaluru,209900.0,228300.0,2026-06-30,1,2026-07-27,218200.0,27
104495,Mahindra,Bolero,2020,66645,B (Good),Mumbai,358800.0,384100.0,2026-06-09,1,2026-07-09,378900.0,30
104496,Tata,Tiago,2021,61520,B (Good),Mumbai,271800.0,244100.0,2026-05-05,1,2026-05-29,231500.0,24
104497,Toyota,Fortuner,2019,85488,A (Excellent),Chennai,1431300.0,1314800.0,2026-06-13,1,2026-07-17,1270800.0,34
104498,Hyundai,Grand i10,2024,28999,A (Excellent),Pune,403100.0,381300.0,2026-06-02,1,2026-07-14,373000.0,42
104499,Hyundai,Creta,2022,53035,C (Fair),Kolkata,650000.0,582300.0,2026-08-17,0,,,15
104500,Hyundai,Creta,2023,20808,C (Fair),Pune,738500.0,651200.0,2026-08-26,1,2026-08-31,631600.0,5
104501,Honda,WR-V,2024,22814,B (Good),Chennai,610400.0,547100.0,2026-06-14,1,2026-07-01,526500.0,17
104502,Toyota,Fortuner,2019,77004,A (Excellent),Bengaluru,1444600.0,1369800.0,2026-08-23,0,,,9
104503,Tata,Tiago,2024,33935,B (Good),Pune,371300.0,354200.0,2026-05-25,1,2026-06-14,348100.0,20
104504,Hyundai,i20,2019,70684,A (Excellent),Mumbai,311000.0,297000.0,2026-05-24,1,2026-06-13,281400.0,20
104505,Hyundai,Verna,2019,72451,A (Excellent),Chennai,475600.0,434700.0,2026-07-07,1,2026-07-31,412600.0,24
104506,Maruti Suzuki,Ertiga,2021,72308,B (Good),Pune,419900.0,401500.0,2026-08-12,0,,,20
104507,Hyundai,i20,2022,60526,B (Good),Hyderabad,386300.0,389900.0,2026-05-27,1,2026-06-27,377000.0,31
104508,Hyundai,Venue,2017,107288,A (Excellent),Mumbai,299200.0,302500.0,2026-07-10,1,2026-08-05,294500.0,26
104509,Honda,Jazz,2023,44918,A (Excellent),Bengaluru,466000.0,575700.0,2026-06-27,1,2026-08-08,555100.0,42
104510,Kia,Seltos,2022,49667,B (Good),Ahmedabad,724700.0,654700.0,2026-05-28,1,2026-07-04,623300.0,37
104511,Mahindra,XUV700,2023,29040,B (Good),Hyderabad,1167500.0,923300.0,2026-08-19,0,,,13
104512,Hyundai,Verna,2020,74793,B (Good),Hyderabad,482700.0,519500.0,2026-08-29,0,,,3
104513,Mahindra,Bolero,2020,74866,A (Excellent),Bengaluru,384100.0,335300.0,2026-06-15,1,2026-07-06,326800.0,21
104514,Hyundai,Venue,2017,107064,C (Fair),Bengaluru,249400.0,315700.0,2026-05-09,1,2026-06-13,304200.0,35
104515,Maruti Suzuki,Swift,2020,76681,C (Fair),Bengaluru,251000.0,261900.0,2026-05-18,1,2026-06-16,253900.0,29
104516,Hyundai,Verna,2022,36504,C (Fair),Hyderabad,546300.0,624200.0,2026-06-01,1,2026-06-30,617800.0,29
104517,Tata,Tiago,2018,98225,B (Good),Kolkata,196800.0,194100.0,2026-06-19,1,2026-07-25,183500.0,36
104518,Maruti Suzuki,WagonR,2024,15205,B (Good),Kolkata,354900.0,360300.0,2026-08-08,0,,,24
104519,Hyundai,Verna,2022,53593,A (Excellent),Bengaluru,643900.0,647000.0,2026-06-06,1,2026-06-30,609600.0,24
104520,Tata,Tiago,2020,78948,A (Excellent),Ahmedabad,262200.0,251800.0,2026-07-22,1,2026-08-11,244300.0,20
104521,Hyundai,Venue,2023,27579,A (Excellent),Mumbai,574000.0,582800.0,2026-07-02,1,2026-08-08,566700.0,37
104522,Maruti Suzuki,Swift,2023,44196,A (Excellent),Pune,413700.0,386700.0,2026-05-13,1,2026-06-07,376900.0,25
104523,Kia,Carens,2023,40972,B (Good),Chennai,733800.0,765100.0,2026-06-24,1,2026-08-04,754200.0,41
104524,Maruti Suzuki,WagonR,2016,118452,C (Fair),Bengaluru,134400.0,121000.0,2026-06-09,1,2026-06-27,116100.0,18
104525,Honda,City,2019,77554,A (Excellent),Ahmedabad,448100.0,445200.0,2026-07-08,1,2026-08-04,419200.0,27
104526,Tata,Altroz,2023,48247,B (Good),Mumbai,430000.0,398700.0,2026-05-25,1,2026-06-03,376100.0,9
104527,Hyundai,Venue,2022,49425,A (Excellent),Delhi NCR,510600.0,497800.0,2026-07-21,1,2026-08-09,488900.0,19
104528,Kia,Sonet,2020,70832,A (Excellent),Delhi NCR,440900.0,346400.0,2026-07-23,1,2026-07-30,331400.0,7
104529,Honda,Amaze,2021,52147,B (Good),Bengaluru,343200.0,330000.0,2026-06-28,1,2026-07-22,323200.0,24
104530,Mahindra,Scorpio,2022,39374,B (Good),Chennai,796300.0,787200.0,2026-07-15,1,2026-08-20,740100.0,36
104531,Kia,Sonet,2021,51668,B (Good),Ahmedabad,457800.0,406500.0,2026-06-18,1,2026-07-05,383300.0,17
104532,Maruti Suzuki,WagonR,2021,40510,A (Excellent),Delhi NCR,281400.0,274000.0,2026-07-16,1,2026-08-06,268900.0,21
104533,Mahindra,XUV700,2022,45909,B (Good),Chennai,1044000.0,1028100.0,2026-07-19,1,2026-08-25,1015500.0,37
104534,Kia,Carens,2022,47557,B (Good),Bengaluru,663200.0,602100.0,2026-08-20,0,,,12
104535,Mahindra,Scorpio,2023,51109,C (Fair),Hyderabad,777900.0,774900.0,2026-08-18,0,,,14
104536,Maruti Suzuki,Swift,2022,46228,B (Good),Ahmedabad,347900.0,335100.0,2026-07-21,1,2026-08-15,329300.0,25
104537,Tata,Harrier,2021,71781,B (Good),Hyderabad,812200.0,823600.0,2026-07-16,1,2026-08-17,784500.0,32
104538,Hyundai,Creta,2020,78462,A (Excellent),Mumbai,628500.0,672600.0,2026-07-30,1,2026-08-30,659500.0,31
104539,Hyundai,Venue,2018,100849,B (Good),Pune,306700.0,269900.0,2026-08-21,0,,,11
104540,Hyundai,Verna,2021,61254,C (Fair),Bengaluru,484400.0,577100.0,2026-06-29,1,2026-07-28,550800.0,29
104541,Honda,WR-V,2024,19111,C (Fair),Chennai,551400.0,507000.0,2026-06-16,1,2026-07-09,493600.0,23
104542,Honda,Jazz,2023,32211,C (Fair),Delhi NCR,393500.0,374700.0,2026-08-19,0,,,13
104543,Mahindra,Bolero,2022,53087,C (Fair),Pune,395600.0,396300.0,2026-06-03,1,2026-06-24,381100.0,21
104544,Maruti Suzuki,WagonR,2023,52457,A (Excellent),Delhi NCR,335600.0,338100.0,2026-08-07,0,,,25
104545,Mahindra,XUV700,2021,72487,B (Good),Mumbai,923500.0,883100.0,2026-07-03,1,2026-07-19,846000.0,16
104546,Honda,City,2019,69273,A (Excellent),Bengaluru,452100.0,431100.0,2026-05-17,1,2026-06-14,417900.0,28
104547,Maruti Suzuki,Baleno,2022,45650,B (Good),Kolkata,379700.0,372900.0,2026-07-09,1,2026-08-01,354500.0,23
104548,Mahindra,XUV700,2024,28427,B (Good),Bengaluru,1283800.0,1179000.0,2026-08-17,0,,,15
104549,Honda,City,2020,84935,B (Good),Bengaluru,452300.0,533100.0,2026-08-21,0,,,11
104550,Mahindra,Scorpio,2017,116885,A (Excellent),Delhi NCR,493400.0,480300.0,2026-08-22,0,,,10
104551,Maruti Suzuki,WagonR,2017,99847,C (Fair),Pune,150900.0,139300.0,2026-07-26,1,2026-08-20,131900.0,25
104552,Maruti Suzuki,Swift,2024,17411,A (Excellent),Hyderabad,467400.0,503000.0,2026-08-26,0,,,6
104553,Hyundai,Grand i10,2016,121911,C (Fair),Pune,142800.0,145800.0,2026-06-13,1,2026-07-10,138300.0,27
104554,Tata,Altroz,2016,120358,B (Good),Mumbai,205400.0,228500.0,2026-07-12,1,2026-08-12,222500.0,31
104555,Honda,Amaze,2023,43268,A (Excellent),Mumbai,451800.0,488500.0,2026-06-15,1,2026-07-28,475200.0,43
104556,Hyundai,i20,2020,78260,B (Good),Pune,313800.0,282600.0,2026-06-25,1,2026-07-26,279300.0,31
104557,Hyundai,Grand i10,2020,67360,C (Fair),Kolkata,221300.0,236900.0,2026-05-14,1,2026-06-11,225900.0,28
104558,Hyundai,i20,2024,30187,B (Good),Delhi NCR,481500.0,438400.0,2026-07-09,1,2026-07-27,413800.0,18
104559,Hyundai,Creta,2020,72746,B (Good),Bengaluru,585600.0,566200.0,2026-05-27,1,2026-06-10,538400.0,14
104560,Maruti Suzuki,WagonR,2024,15415,B (Good),Kolkata,354800.0,399500.0,2026-08-20,0,,,12
104561,Mahindra,Bolero,2020,79706,B (Good),Delhi NCR,353800.0,344300.0,2026-07-12,1,2026-07-26,330600.0,14
104562,Mahindra,Bolero,2022,48811,B (Good),Ahmedabad,441500.0,415600.0,2026-08-08,0,,,24
104563,Maruti Suzuki,Ertiga,2024,25889,C (Fair),Ahmedabad,526500.0,574600.0,2026-06-06,1,2026-07-17,559200.0,41
104564,Toyota,Innova,2019,83423,B (Good),Chennai,732900.0,739900.0,2026-07-24,0,,,39
104565,Mahindra,Bolero,2017,114231,B (Good),Hyderabad,256600.0,277000.0,2026-08-10,0,,,22
104566,Maruti Suzuki,Ertiga,2024,26376,A (Excellent),Pune,631500.0,713800.0,2026-08-05,0,,,27
104567,Tata,Punch,2017,112092,B (Good),Chennai,220500.0,200500.0,2026-06-22,1,2026-07-21,191600.0,29
104568,Mahindra,XUV700,2020,59734,B (Good),Chennai,852000.0,931300.0,2026-08-21,0,,,11
104569,Tata,Tiago,2023,32683,C (Fair),Bengaluru,304500.0,329600.0,2026-08-13,0,,,19
104570,Tata,Altroz,2021,52446,B (Good),Kolkata,354500.0,420700.0,2026-05-19,1,2026-07-09,397900.0,51
104571,Tata,Harrier,2024,30613,B (Good),Hyderabad,1125600.0,1055800.0,2026-07-05,1,2026-07-24,992900.0,19
104572,Kia,Carens,2020,65346,B (Good),Delhi NCR,538900.0,606400.0,2026-05-12,1,2026-06-09,577400.0,28
104573,Maruti Suzuki,Swift,2024,21595,B (Good),Bengaluru,430900.0,408300.0,2026-06-23,1,2026-07-17,394600.0,24
104574,Tata,Nexon,2019,79608,A (Excellent),Pune,422200.0,433600.0,2026-07-09,1,2026-08-15,421100.0,37
104575,Mahindra,XUV700,2022,50077,C (Fair),Bengaluru,935500.0,833800.0,2026-05-07,1,2026-05-28,786900.0,21
104576,Tata,Altroz,2017,103768,B (Good),Ahmedabad,229900.0,263400.0,2026-05-31,1,2026-07-09,254000.0,39
104577,Maruti Suzuki,Swift,2020,77498,B (Good),Mumbai,278600.0,293200.0,2026-05-26,1,2026-06-19,280400.0,24
104578,Tata,Harrier,2017,119635,B (Good),Chennai,528300.0,500600.0,2026-07-29,1,2026-08-13,494100.0,15
104579,Toyota,Fortuner,2023,34708,A (Excellent),Delhi NCR,2203200.0,2114400.0,2026-07-05,1,2026-07-25,1991900.0,20
104580,Maruti Suzuki,WagonR,2017,123688,A (Excellent),Delhi NCR,176200.0,183800.0,2026-06-28,1,2026-07-23,176600.0,25
104581,Hyundai,Creta,2020,74715,B (Good),Delhi NCR,584300.0,624500.0,2026-06-21,1,2026-07-22,600200.0,31
104582,Honda,WR-V,2023,33810,B (Good),Delhi NCR,549200.0,530800.0,2026-08-25,0,,,7
104583,Toyota,Innova,2022,38427,B (Good),Mumbai,1020300.0,1086800.0,2026-05-11,1,2026-06-05,1052600.0,25
104584,Maruti Suzuki,Baleno,2023,42341,B (Good),Mumbai,418700.0,397400.0,2026-08-15,0,,,17
104585,Hyundai,i20,2024,26601,C (Fair),Hyderabad,435000.0,477300.0,2026-08-09,0,,,23
104586,Mahindra,XUV300,2020,77204,B (Good),Chennai,405400.0,383000.0,2026-07-02,1,2026-07-28,371800.0,26
104587,Maruti Suzuki,WagonR,2020,65199,C (Fair),Delhi NCR,207900.0,222100.0,2026-07-24,1,2026-08-27,209300.0,34
104588,Maruti Suzuki,Baleno,2024,31053,B (Good),Bengaluru,465600.0,447700.0,2026-06-28,1,2026-07-22,426100.0,24
104589,Kia,Seltos,2023,35689,B (Good),Ahmedabad,808100.0,744400.0,2026-05-08,1,2026-06-14,706600.0,37
104590,Hyundai,i20,2022,42864,C (Fair),Delhi NCR,354200.0,391700.0,2026-06-29,1,2026-07-30,372900.0,31
104591,Tata,Harrier,2018,91686,A (Excellent),Ahmedabad,646800.0,596800.0,2026-07-17,1,2026-08-12,575200.0,26
104592,Honda,WR-V,2021,59257,A (Excellent),Mumbai,478200.0,516800.0,2026-06-28,1,2026-07-29,487300.0,31
104593,Honda,City,2021,56762,C (Fair),Pune,461100.0,458800.0,2026-08-05,0,,,27
104594,Kia,Seltos,2020,63325,B (Good),Kolkata,591500.0,588700.0,2026-06-08,1,2026-07-07,564200.0,29
104595,Mahindra,Bolero,2018,104163,B (Good),Delhi NCR,285200.0,276700.0,2026-05-13,1,2026-06-01,271300.0,19
104596,Hyundai,Creta,2023,39776,C (Fair),Pune,724200.0,788000.0,2026-08-13,0,,,19
104597,Honda,Amaze,2023,36080,B (Good),Ahmedabad,421500.0,454900.0,2026-05-19,1,2026-06-29,440400.0,41
104598,Hyundai,Grand i10,2023,34817,A (Excellent),Pune,364600.0,398300.0,2026-07-27,0,,,36
104599,Hyundai,Verna,2023,36862,C (Fair),Hyderabad,600100.0,540600.0,2026-05-24,1,2026-06-09,531600.0,16
104600,Hyundai,Verna,2020,69370,B (Good),Bengaluru,485500.0,451100.0,2026-06-26,1,2026-07-03,431800.0,7
104601,Mahindra,Bolero,2018,94210,A (Excellent),Mumbai,311400.0,300900.0,2026-07-21,1,2026-08-13,292600.0,23
104602,Tata,Altroz,2023,33183,B (Good),Kolkata,436800.0,418100.0,2026-07-12,1,2026-08-15,400800.0,34
104603,Maruti Suzuki,Swift,2021,47228,C (Fair),Pune,284600.0,276700.0,2026-08-03,1,2026-08-31,264900.0,28
104604,Mahindra,XUV700,2024,20450,B (Good),Delhi NCR,1294300.0,1408800.0,2026-06-27,1,2026-07-18,1346800.0,21
104605,Kia,Carens,2020,71057,A (Excellent),Hyderabad,578500.0,530500.0,2026-05-27,1,2026-06-15,522700.0,19
104606,Maruti Suzuki,Ertiga,2016,133501,B (Good),Pune,244700.0,266900.0,2026-05-08,1,2026-06-06,262900.0,29
104607,Kia,Seltos,2021,63098,B (Good),Hyderabad,650200.0,568200.0,2026-06-01,1,2026-06-24,552400.0,23
104608,Tata,Harrier,2021,66011,C (Fair),Pune,735500.0,640700.0,2026-05-30,1,2026-06-13,625700.0,14
104609,Tata,Altroz,2022,54851,A (Excellent),Ahmedabad,419700.0,389000.0,2026-05-27,1,2026-06-21,370000.0,25
104610,Hyundai,Creta,2017,105617,A (Excellent),Kolkata,459700.0,507100.0,2026-08-29,0,,,3
104611,Toyota,Innova,2020,73512,A (Excellent),Ahmedabad,879200.0,982300.0,2026-06-05,1,2026-07-15,960600.0,40
104612,Hyundai,Verna,2023,46429,A (Excellent),Pune,713000.0,719800.0,2026-07-22,1,2026-08-23,686600.0,32
104613,Maruti Suzuki,Ertiga,2020,73992,C (Fair),Chennai,343200.0,361500.0,2026-05-18,1,2026-06-17,354400.0,30
104614,Tata,Harrier,2016,122187,B (Good),Kolkata,479300.0,459500.0,2026-07-05,1,2026-07-31,435300.0,26
104615,Maruti Suzuki,Baleno,2023,31751,B (Good),Pune,423400.0,464900.0,2026-05-24,1,2026-07-03,452300.0,40
104616,Hyundai,Creta,2022,50185,B (Good),Ahmedabad,724300.0,634100.0,2026-07-11,1,2026-08-04,606000.0,24
104617,Honda,Amaze,2023,50109,A (Excellent),Hyderabad,448600.0,365600.0,2026-07-02,1,2026-07-17,354700.0,15
104618,Maruti Suzuki,Ertiga,2020,74918,B (Good),Kolkata,381000.0,416100.0,2026-05-08,1,2026-06-23,399800.0,46
104619,Hyundai,Venue,2022,61667,A (Excellent),Bengaluru,504000.0,435600.0,2026-07-27,1,2026-08-17,418000.0,21
104620,Maruti Suzuki,Baleno,2016,119918,B (Good),Pune,198900.0,207200.0,2026-05-20,1,2026-06-16,200400.0,27
104621,Hyundai,Venue,2019,95183,C (Fair),Hyderabad,305200.0,293500.0,2026-07-09,1,2026-08-08,276200.0,30
104622,Tata,Nexon,2021,72126,A (Excellent),Pune,514000.0,513700.0,2026-08-11,0,,,21
104623,Maruti Suzuki,Ertiga,2021,62753,A (Excellent),Mumbai,458100.0,486600.0,2026-06-27,1,2026-07-18,461100.0,21
104624,Hyundai,Venue,2022,32129,A (Excellent),Kolkata,519900.0,559800.0,2026-07-02,1,2026-08-12,543200.0,41
104625,Hyundai,Grand i10,2018,88740,C (Fair),Ahmedabad,179000.0,150900.0,2026-08-09,1,2026-08-30,149100.0,21
104626,Tata,Punch,2021,62998,B (Good),Delhi NCR,339300.0,383900.0,2026-05-24,1,2026-06-20,373900.0,27
104627,Hyundai,Grand i10,2023,39411,B (Good),Ahmedabad,336000.0,333700.0,2026-08-03,1,2026-08-29,330300.0,26
104628,Tata,Altroz,2018,94718,B (Good),Ahmedabad,255200.0,243900.0,2026-08-04,1,2026-08-30,236000.0,26
104629,Toyota,Fortuner,2021,57838,C (Fair),Hyderabad,1483900.0,1541100.0,2026-07-07,1,2026-08-14,1492800.0,38
104630,Maruti Suzuki,WagonR,2019,70961,A (Excellent),Kolkata,225600.0,261600.0,2026-05-27,1,2026-07-13,247600.0,47
104631,Honda,City,2023,38938,C (Fair),Ahmedabad,567300.0,661900.0,2026-06-01,1,2026-07-17,639600.0,46
104632,Maruti Suzuki,Dzire,2023,33450,A (Excellent),Chennai,441200.0,359200.0,2026-08-30,0,,,2
104633,Maruti Suzuki,Baleno,2024,31822,B (Good),Mumbai,465200.0,499600.0,2026-05-07,1,2026-06-06,474800.0,30
104634,Maruti Suzuki,Dzire,2023,34476,A (Excellent),Ahmedabad,440700.0,484900.0,2026-05-24,1,2026-07-06,474600.0,43
104635,Toyota,Glanza,2023,36831,B (Good),Hyderabad,456200.0,424100.0,2026-07-08,1,2026-07-30,418200.0,22
104636,Tata,Tiago,2023,36599,B (Good),Pune,337000.0,368000.0,2026-05-06,1,2026-06-16,356300.0,41
104637,Mahindra,Scorpio,2021,69276,B (Good),Delhi NCR,702100.0,644500.0,2026-08-07,0,,,25
104638,Tata,Punch,2019,84462,B (Good),Hyderabad,274500.0,269000.0,2026-07-25,1,2026-08-26,259700.0,32
104639,Hyundai,Venue,2024,15084,B (Good),Mumbai,591500.0,527400.0,2026-05-27,1,2026-06-18,506500.0,22
104640,Honda,City,2021,55296,B (Good),Delhi NCR,513100.0,497600.0,2026-08-30,0,,,2
104641,Honda,Jazz,2022,62307,B (Good),Bengaluru,385500.0,398200.0,2026-05-30,1,2026-06-17,387600.0,18
104642,Hyundai,i20,2024,25878,B (Good),Delhi NCR,483600.0,540500.0,2026-08-06,0,,,26
104643,Kia,Carens,2021,59895,A (Excellent),Kolkata,643300.0,584700.0,2026-08-05,1,2026-08-27,573700.0,22
104644,Hyundai,Verna,2019,77448,B (Good),Bengaluru,438000.0,426900.0,2026-07-30,1,2026-08-17,413200.0,18
104645,Hyundai,Verna,2024,30409,A (Excellent),Pune,796600.0,732500.0,2026-08-19,0,,,13
104646,Maruti Suzuki,WagonR,2020,85285,B (Good),Pune,226000.0,237100.0,2026-08-15,0,,,17
104647,Mahindra,Scorpio,2019,88632,B (Good),Pune,569300.0,526500.0,2026-05-08,1,2026-06-04,504600.0,27
104648,Kia,Sonet,2020,71029,B (Good),Ahmedabad,408100.0,449500.0,2026-05-14,1,2026-06-20,432100.0,37
104649,Mahindra,XUV300,2017,111698,B (Good),Bengaluru,294100.0,259900.0,2026-08-05,1,2026-08-29,245400.0,24
104650,Maruti Suzuki,Ertiga,2023,30752,C (Fair),Bengaluru,476800.0,435500.0,2026-05-07,1,2026-05-25,425400.0,18
104651,Mahindra,XUV300,2024,30590,B (Good),Chennai,621000.0,653300.0,2026-08-08,0,,,24
104652,Honda,Amaze,2018,92911,B (Good),Mumbai,247500.0,254200.0,2026-08-25,0,,,7
104653,Maruti Suzuki,Ertiga,2019,88935,C (Fair),Pune,307300.0,283900.0,2026-05-05,1,2026-05-29,276700.0,24
104654,Maruti Suzuki,Ertiga,2023,36841,B (Good),Mumbai,526400.0,557600.0,2026-06-09,1,2026-07-12,528600.0,33
104655,Hyundai,Verna,2023,42705,B (Good),Kolkata,662700.0,621300.0,2026-08-02,1,2026-08-28,602800.0,26
104656,Hyundai,Grand i10,2016,127984,A (Excellent),Mumbai,170200.0,178900.0,2026-05-17,1,2026-06-18,169700.0,32
104657,Honda,WR-V,2020,66165,A (Excellent),Kolkata,432000.0,439600.0,2026-07-29,1,2026-08-31,425700.0,33
104658,Maruti Suzuki,Baleno,2019,72890,B (Good),Chennai,278000.0,304600.0,2026-06-16,1,2026-07-25,288800.0,39
104659,Tata,Harrier,2022,44943,C (Fair),Bengaluru,826500.0,923400.0,2026-08-30,0,,,2
104660,Hyundai,Grand i10,2020,75352,C (Fair),Pune,219400.0,220300.0,2026-06-30,1,2026-08-02,213700.0,33
104661,Tata,Nexon,2019,86383,B (Good),Ahmedabad,388100.0,364500.0,2026-05-22,1,2026-06-18,342900.0,27
104662,Kia,Seltos,2024,34782,B (Good),Kolkata,888900.0,915800.0,2026-07-11,1,2026-08-06,902600.0,26
104663,Tata,Nexon,2023,47404,B (Good),Pune,590100.0,609200.0,2026-06-04,1,2026-07-10,594000.0,36
104664,Tata,Altroz,2018,89861,B (Good),Bengaluru,256600.0,270000.0,2026-07-19,1,2026-08-11,257300.0,23
104665,Tata,Nexon,2023,38253,A (Excellent),Hyderabad,643400.0,614800.0,2026-06-02,1,2026-06-16,591600.0,14
104666,Maruti Suzuki,Ertiga,2023,30887,B (Good),Delhi NCR,529700.0,561700.0,2026-08-31,0,,,1
104667,Maruti Suzuki,Dzire,2022,48972,C (Fair),Bengaluru,329200.0,304000.0,2026-06-29,1,2026-07-12,292500.0,13
104668,Honda,City,2020,83893,C (Fair),Ahmedabad,407500.0,390000.0,2026-07-03,1,2026-08-07,385500.0,35
104669,Maruti Suzuki,Swift,2022,61110,A (Excellent),Delhi NCR,369800.0,392500.0,2026-06-22,1,2026-07-14,386500.0,22
104670,Honda,Jazz,2023,44712,B (Good),Pune,431600.0,463800.0,2026-08-19,0,,,13
104671,Kia,Seltos,2021,76709,A (Excellent),Ahmedabad,692000.0,609400.0,2026-07-28,1,2026-08-21,603100.0,24
104672,Tata,Punch,2021,52964,B (Good),Mumbai,342900.0,327400.0,2026-08-02,1,2026-08-26,314000.0,24
104673,Hyundai,Venue,2022,54544,B (Good),Delhi NCR,470200.0,456700.0,2026-08-15,0,,,17
104674,Honda,Amaze,2023,32626,B (Good),Kolkata,423000.0,396400.0,2026-05-18,1,2026-06-07,375300.0,20
104675,Maruti Suzuki,Baleno,2018,89248,B (Good),Kolkata,248500.0,279700.0,2026-06-10,1,2026-07-29,274800.0,49
104676,Maruti Suzuki,Ertiga,2019,88064,B (Good),Delhi NCR,341800.0,346600.0,2026-06-26,1,2026-07-22,331400.0,26
104677,Honda,Amaze,2020,80690,A (Excellent),Hyderabad,327100.0,353600.0,2026-06-20,1,2026-07-16,345000.0,26
104678,Maruti Suzuki,Swift,2022,66828,A (Excellent),Bengaluru,367600.0,374300.0,2026-08-22,0,,,10
104679,Hyundai,Venue,2024,23582,B (Good),Chennai,586400.0,668100.0,2026-05-15,1,2026-06-24,634400.0,40
104680,Tata,Tiago,2020,79058,B (Good),Chennai,242800.0,265300.0,2026-05-12,1,2026-06-22,260300.0,41
104681,Hyundai,i20,2021,52431,A (Excellent),Chennai,382900.0,385500.0,2026-06-16,1,2026-07-20,377500.0,34
104682,Tata,Punch,2021,45555,B (Good),Bengaluru,345600.0,368800.0,2026-07-26,1,2026-08-29,354900.0,34
104683,Maruti Suzuki,Ertiga,2024,6295,B (Good),Bengaluru,596800.0,602500.0,2026-08-07,1,2026-08-28,577900.0,21
104684,Hyundai,Verna,2023,42516,A (Excellent),Kolkata,715900.0,704600.0,2026-06-26,1,2026-08-07,691300.0,42
104685,Mahindra,XUV300,2023,48578,C (Fair),Hyderabad,499200.0,497200.0,2026-05-16,1,2026-06-07,483600.0,22
104686,Honda,City,2023,32275,B (Good),Hyderabad,634700.0,640600.0,2026-05-17,1,2026-06-19,629400.0,33
104687,Hyundai,Grand i10,2021,60662,B (Good),Ahmedabad,272100.0,259600.0,2026-06-10,1,2026-07-07,251400.0,27
104688,Hyundai,Venue,2023,24028,B (Good),Kolkata,533400.0,602600.0,2026-08-31,0,,,1
104689,Tata,Punch,2022,58360,A (Excellent),Pune,404600.0,374600.0,2026-05-24,1,2026-06-24,356200.0,31
104690,Tata,Punch,2021,71557,B (Good),Mumbai,336200.0,318400.0,2026-05-14,1,2026-05-30,312600.0,16
104691,Honda,Jazz,2022,38073,B (Good),Mumbai,395500.0,370700.0,2026-08-16,0,,,16
104692,Hyundai,Verna,2017,101562,A (Excellent),Hyderabad,381500.0,424300.0,2026-08-29,0,,,3
104693,Tata,Nexon,2022,37141,B (Good),Hyderabad,542700.0,494900.0,2026-07-23,1,2026-08-10,475900.0,18
104694,Mahindra,XUV700,2020,62716,B (Good),Delhi NCR,849300.0,892200.0,2026-08-14,0,,,18
104695,Tata,Altroz,2024,30788,B (Good),Mumbai,481200.0,448400.0,2026-08-26,0,,,6
104696,Kia,Sonet,2020,73124,B (Good),Bengaluru,407200.0,390100.0,2026-05-30,1,2026-06-14,367900.0,15
104697,Honda,City,2021,49172,B (Good),Ahmedabad,516400.0,477200.0,2026-07-03,1,2026-07-27,452300.0,24
104698,Mahindra,XUV300,2021,49799,A (Excellent),Delhi NCR,495400.0,471700.0,2026-06-04,1,2026-06-29,450600.0,25
104699,Maruti Suzuki,Swift,2018,96726,C (Fair),Chennai,203300.0,204400.0,2026-05-15,1,2026-06-03,193600.0,19
104700,Tata,Altroz,2024,40654,B (Good),Pune,476300.0,512100.0,2026-05-05,1,2026-06-11,485700.0,37
104701,Maruti Suzuki,Swift,2021,55750,B (Good),Hyderabad,313400.0,370300.0,2026-08-06,0,,,26
104702,Kia,Sonet,2020,75130,B (Good),Delhi NCR,406300.0,366100.0,2026-08-01,1,2026-08-15,345700.0,14
104703,Honda,WR-V,2021,57198,C (Fair),Ahmedabad,399400.0,372000.0,2026-08-19,0,,,13
104704,Tata,Tiago,2018,99655,B (Good),Hyderabad,196500.0,211300.0,2026-05-15,1,2026-06-19,208900.0,35
104705,Maruti Suzuki,Dzire,2023,39608,A (Excellent),Ahmedabad,438400.0,437400.0,2026-08-18,0,,,14
104706,Toyota,Innova,2022,59234,B (Good),Hyderabad,998200.0,925200.0,2026-05-29,1,2026-06-20,887400.0,22
104707,Kia,Seltos,2023,33521,C (Fair),Pune,729000.0,801100.0,2026-05-12,1,2026-06-26,786700.0,45
104708,Kia,Sonet,2018,98719,B (Good),Hyderabad,327900.0,333600.0,2026-07-24,1,2026-08-24,318900.0,31
104709,Kia,Sonet,2023,29173,A (Excellent),Hyderabad,611300.0,641300.0,2026-07-14,1,2026-08-24,621900.0,41
104710,Honda,Amaze,2017,111501,A (Excellent),Mumbai,238300.0,223800.0,2026-08-24,0,,,8
104711,Maruti Suzuki,WagonR,2020,59584,A (Excellent),Pune,251000.0,218700.0,2026-06-16,1,2026-06-21,213600.0,5
104712,Maruti Suzuki,Swift,2017,119054,B (Good),Chennai,200500.0,198700.0,2026-05-23,1,2026-06-22,193200.0,30
104713,Tata,Tiago,2022,47590,C (Fair),Delhi NCR,272800.0,277300.0,2026-07-05,1,2026-08-05,267100.0,31
104714,Kia,Seltos,2023,15224,C (Fair),Bengaluru,742800.0,773700.0,2026-07-14,1,2026-08-04,739700.0,21
104715,Tata,Punch,2016,118904,A (Excellent),Mumbai,215000.0,206700.0,2026-06-20,1,2026-07-11,198300.0,21
104716,Maruti Suzuki,Baleno,2024,9319,B (Good),Hyderabad,476000.0,473200.0,2026-05-18,1,2026-06-14,458500.0,27
104717,Hyundai,Verna,2018,102298,B (Good),Ahmedabad,387800.0,381500.0,2026-08-19,0,,,13
104718,Mahindra,Bolero,2022,28781,B (Good),Ahmedabad,450800.0,506200.0,2026-07-13,1,2026-08-21,491500.0,39
104719,Mahindra,XUV300,2023,39704,A (Excellent),Ahmedabad,604600.0,601800.0,2026-05-31,1,2026-06-26,569900.0,26
104720,Kia,Carens,2024,31133,B (Good),Chennai,814700.0,744300.0,2026-05-27,1,2026-06-13,702000.0,17
104721,Mahindra,Scorpio,2024,21555,B (Good),Pune,979400.0,1100300.0,2026-05-06,1,2026-06-14,1051100.0,39
104722,Tata,Altroz,2024,20687,B (Good),Delhi NCR,486200.0,540600.0,2026-06-16,1,2026-07-10,508600.0,24
104723,Kia,Sonet,2021,50043,B (Good),Hyderabad,458600.0,401800.0,2026-07-01,1,2026-07-20,392000.0,19
104724,Mahindra,Scorpio,2022,54356,B (Good),Bengaluru,783900.0,823100.0,2026-05-28,1,2026-07-01,794600.0,34
104725,Kia,Sonet,2023,35405,A (Excellent),Bengaluru,607300.0,531000.0,2026-06-29,1,2026-07-18,513100.0,19
104726,Maruti Suzuki,Swift,2019,73518,C (Fair),Hyderabad,229200.0,211900.0,2026-07-31,1,2026-08-20,202400.0,20
104727,Hyundai,Verna,2016,116031,A (Excellent),Mumbai,341500.0,297100.0,2026-05-20,1,2026-05-31,292100.0,11
104728,Mahindra,Bolero,2020,71190,B (Good),Kolkata,357000.0,370700.0,2026-07-31,0,,,32
104729,Hyundai,Verna,2020,63761,B (Good),Pune,488400.0,499700.0,2026-08-29,0,,,3
104730,Hyundai,Grand i10,2019,87685,C (Fair),Mumbai,197000.0,217600.0,2026-07-09,1,2026-08-18,215300.0,40
104731,Honda,Jazz,2022,48501,B (Good),Bengaluru,391200.0,367600.0,2026-06-04,1,2026-06-26,349700.0,22
104732,Mahindra,Bolero,2019,88248,C (Fair),Hyderabad,287000.0,281900.0,2026-07-07,1,2026-08-12,270400.0,36
104733,Mahindra,XUV300,2023,39066,B (Good),Kolkata,560200.0,456800.0,2026-07-19,1,2026-08-16,444700.0,28
104734,Honda,City,2024,18380,A (Excellent),Bengaluru,764100.0,652400.0,2026-08-15,1,2026-08-24,625600.0,9
104735,Tata,Harrier,2021,52752,C (Fair),Bengaluru,746000.0,638300.0,2026-08-03,1,2026-08-21,625200.0,18
104736,Maruti Suzuki,Swift,2019,76009,B (Good),Kolkata,254000.0,256900.0,2026-05-05,1,2026-06-12,254100.0,38
104737,Hyundai,Verna,2022,49073,A (Excellent),Hyderabad,647000.0,679800.0,2026-07-19,1,2026-08-09,646900.0,21
104738,Honda,City,2018,95002,B (Good),Delhi NCR,370400.0,414900.0,2026-06-26,1,2026-07-26,398000.0,30
104739,Kia,Carens,2019,88275,B (Good),Kolkata,478400.0,398600.0,2026-05-31,1,2026-06-21,391500.0,21
104740,Honda,Jazz,2020,66714,B (Good),Pune,317800.0,266300.0,2026-07-03,1,2026-07-19,260600.0,16
104741,Maruti Suzuki,Swift,2020,73611,B (Good),Mumbai,279800.0,251700.0,2026-06-08,1,2026-06-29,246800.0,21
104742,Kia,Carens,2019,81394,A (Excellent),Delhi NCR,520600.0,531200.0,2026-05-19,1,2026-06-17,514400.0,29
104743,Tata,Tiago,2021,49312,C (Fair),Bengaluru,247800.0,233500.0,2026-05-12,1,2026-06-10,230800.0,29
104744,Tata,Nexon,2020,78976,C (Fair),Delhi NCR,386900.0,364600.0,2026-07-22,1,2026-08-12,351000.0,21
104745,Mahindra,XUV300,2023,43736,B (Good),Mumbai,557500.0,584700.0,2026-08-04,0,,,28
104746,Toyota,Innova,2021,69619,B (Good),Delhi NCR,898300.0,934000.0,2026-07-26,1,2026-08-15,888200.0,20
104747,Tata,Tiago,2020,71185,A (Excellent),Ahmedabad,264400.0,245400.0,2026-08-30,0,,,2
104748,Maruti Suzuki,Ertiga,2022,37443,C (Fair),Bengaluru,430900.0,427300.0,2026-07-24,1,2026-08-25,414800.0,32
104749,Mahindra,Scorpio,2023,13801,A (Excellent),Hyderabad,970200.0,958200.0,2026-05-13,1,2026-06-04,933300.0,22
104750,Tata,Punch,2024,10308,C (Fair),Hyderabad,428000.0,410300.0,2026-07-18,1,2026-08-07,394600.0,20
104751,Maruti Suzuki,Dzire,2019,87074,B (Good),Pune,264600.0,274800.0,2026-05-20,1,2026-06-24,266100.0,35
104752,Honda,Jazz,2019,71546,A (Excellent),Ahmedabad,310700.0,296600.0,2026-08-10,0,,,22
104753,Hyundai,Grand i10,2024,30351,B (Good),Delhi NCR,372700.0,349300.0,2026-05-26,1,2026-06-13,331400.0,18
104754,Maruti Suzuki,WagonR,2016,105593,B (Good),Chennai,151600.0,178300.0,2026-05-06,1,2026-06-15,170600.0,40
104755,Maruti Suzuki,Ertiga,2020,61649,A (Excellent),Mumbai,417400.0,437300.0,2026-06-26,1,2026-08-02,418100.0,37
104756,Tata,Tiago,2018,90636,B (Good),Ahmedabad,198500.0,224900.0,2026-08-17,0,,,15
104757,Hyundai,Verna,2021,54133,B (Good),Kolkata,542300.0,539900.0,2026-08-11,0,,,21
104758,Maruti Suzuki,Ertiga,2021,61363,A (Excellent),Pune,458800.0,407000.0,2026-06-29,1,2026-07-25,391800.0,26
104759,Kia,Carens,2024,17530,B (Good),Bengaluru,826100.0,849900.0,2026-07-27,1,2026-08-23,811400.0,27
104760,Maruti Suzuki,Dzire,2022,34339,A (Excellent),Pune,401100.0,414700.0,2026-07-24,1,2026-08-17,391700.0,24
104761,Maruti Suzuki,WagonR,2022,35769,C (Fair),Bengaluru,259000.0,282100.0,2026-07-01,1,2026-07-31,267700.0,30
104762,Honda,Amaze,2018,86102,C (Fair),Delhi NCR,224400.0,259400.0,2026-05-12,1,2026-06-10,255000.0,29
104763,Kia,Sonet,2024,13398,B (Good),Mumbai,632100.0,548800.0,2026-08-29,0,,,3
104764,Maruti Suzuki,WagonR,2023,37283,B (Good),Chennai,315700.0,348500.0,2026-07-11,1,2026-08-22,331100.0,42
104765,Tata,Harrier,2023,35627,B (Good),Kolkata,1019000.0,985300.0,2026-08-06,0,,,26
104766,Mahindra,XUV700,2018,96540,B (Good),Delhi NCR,677900.0,624200.0,2026-07-04,1,2026-07-18,596500.0,14
104767,Maruti Suzuki,WagonR,2020,76895,B (Good),Hyderabad,228100.0,221600.0,2026-05-31,1,2026-06-28,212400.0,28
104768,Honda,WR-V,2023,27643,A (Excellent),Bengaluru,596900.0,583600.0,2026-06-20,1,2026-07-18,561900.0,28
104769,Hyundai,Venue,2016,111617,A (Excellent),Mumbai,271000.0,288900.0,2026-08-24,0,,,8
104770,Maruti Suzuki,Swift,2019,91216,B (Good),Pune,249800.0,249400.0,2026-05-16,1,2026-06-06,235200.0,21
104771,Mahindra,XUV700,2022,54577,B (Good),Delhi NCR,1034500.0,943400.0,2026-05-13,1,2026-06-05,889900.0,23
104772,Hyundai,Verna,2016,114512,B (Good),Delhi NCR,316800.0,284400.0,2026-08-15,1,2026-08-29,271100.0,14
104773,Mahindra,Bolero,2020,79495,B (Good),Ahmedabad,353800.0,303200.0,2026-08-14,1,2026-08-26,290000.0,12
104774,Tata,Punch,2020,68228,A (Excellent),Pune,331600.0,320000.0,2026-08-10,0,,,22
104775,Honda,Amaze,2017,112254,B (Good),Ahmedabad,220400.0,220700.0,2026-08-01,1,2026-08-31,210400.0,30
104776,Mahindra,XUV300,2024,18028,C (Fair),Kolkata,566200.0,651100.0,2026-05-25,1,2026-07-09,620800.0,45
104777,Hyundai,Venue,2024,9483,C (Fair),Kolkata,535400.0,532400.0,2026-08-26,0,,,6
104778,Maruti Suzuki,Dzire,2023,35290,C (Fair),Ahmedabad,367000.0,402500.0,2026-06-29,1,2026-08-08,397600.0,40
104779,Tata,Nexon,2020,83503,A (Excellent),Bengaluru,462000.0,493900.0,2026-06-30,1,2026-08-02,483800.0,33
104780,Kia,Sonet,2024,25187,C (Fair),Bengaluru,562100.0,593900.0,2026-08-16,0,,,16
104781,Maruti Suzuki,WagonR,2021,50571,A (Excellent),Kolkata,278400.0,276100.0,2026-06-24,1,2026-08-01,266400.0,38
104782,Mahindra,Bolero,2022,46884,C (Fair),Hyderabad,398200.0,386200.0,2026-07-25,1,2026-08-22,370000.0,28
104783,Mahindra,XUV300,2023,49092,A (Excellent),Chennai,598700.0,684000.0,2026-05-05,1,2026-06-13,649300.0,39
104784,Toyota,Fortuner,2017,110999,A (Excellent),Chennai,1152200.0,1193500.0,2026-08-12,0,,,20
104785,Maruti Suzuki,Ertiga,2019,93948,A (Excellent),Pune,366700.0,340900.0,2026-05-28,1,2026-06-24,336100.0,27
104786,Tata,Harrier,2020,66464,B (Good),Chennai,743300.0,706700.0,2026-06-02,1,2026-06-28,667900.0,26
104787,Honda,WR-V,2019,78689,B (Good),Chennai,359100.0,363800.0,2026-05-29,1,2026-06-27,350100.0,29
104788,Maruti Suzuki,Baleno,2018,97326,A (Excellent),Chennai,266000.0,224700.0,2026-06-12,1,2026-06-23,211400.0,11
104789,Maruti Suzuki,WagonR,2023,37338,B (Good),Delhi NCR,315700.0,340900.0,2026-07-21,0,,,42
104790,Honda,Jazz,2023,35365,A (Excellent),Kolkata,470700.0,471000.0,2026-05-17,1,2026-06-28,448200.0,42
104791,Hyundai,i20,2021,71042,B (Good),Chennai,347600.0,390400.0,2026-08-23,0,,,9
104792,Hyundai,Creta,2023,42158,A (Excellent),Ahmedabad,866900.0,896900.0,2026-05-13,1,2026-06-23,872000.0,41
104793,Honda,Jazz,2022,59948,C (Fair),Bengaluru,347900.0,262400.0,2026-08-22,0,,,10
104794,Hyundai,i20,2021,62325,B (Good),Kolkata,350800.0,409200.0,2026-08-13,0,,,19
104795,Maruti Suzuki,Swift,2024,28158,B (Good),Mumbai,428000.0,477600.0,2026-05-28,1,2026-06-26,458100.0,29
104796,Honda,WR-V,2024,19523,B (Good),Ahmedabad,612400.0,623300.0,2026-06-17,1,2026-07-24,612500.0,37
104797,Maruti Suzuki,WagonR,2021,68821,C (Fair),Delhi NCR,227600.0,187100.0,2026-08-25,0,,,7
104798,Hyundai,Venue,2020,67997,C (Fair),Pune,345500.0,350100.0,2026-06-19,1,2026-07-17,335400.0,28
104799,Tata,Punch,2019,87328,C (Fair),Bengaluru,246300.0,220800.0,2026-05-31,1,2026-06-12,213000.0,12
104800,Kia,Carens,2021,50587,A (Excellent),Ahmedabad,649700.0,720900.0,2026-07-05,1,2026-08-16,703600.0,42
104801,Tata,Tiago,2018,95417,B (Good),Delhi NCR,197500.0,194300.0,2026-07-02,1,2026-07-23,185700.0,21
104802,Toyota,Glanza,2016,114313,B (Good),Delhi NCR,216800.0,213100.0,2026-06-07,1,2026-06-26,204300.0,19
104803,Honda,Amaze,2018,90115,C (Fair),Mumbai,223400.0,207200.0,2026-06-15,1,2026-07-13,196800.0,28
104804,Maruti Suzuki,Ertiga,2023,37062,B (Good),Mumbai,526300.0,490200.0,2026-07-23,1,2026-08-11,480500.0,19
104805,Maruti Suzuki,Dzire,2024,41719,A (Excellent),Ahmedabad,480700.0,486600.0,2026-07-26,1,2026-08-24,469800.0,29
104806,Toyota,Fortuner,2019,83669,B (Good),Delhi NCR,1327900.0,1311300.0,2026-05-13,1,2026-05-29,1275300.0,16
104807,Hyundai,Grand i10,2021,60171,B (Good),Mumbai,272200.0,239300.0,2026-08-04,1,2026-08-25,231700.0,21
104808,Hyundai,Venue,2024,26369,B (Good),Hyderabad,584800.0,553700.0,2026-07-10,1,2026-08-09,538100.0,30
104809,Hyundai,Grand i10,2016,112084,B (Good),Mumbai,160500.0,170900.0,2026-05-29,1,2026-06-27,167400.0,29
104810,Toyota,Fortuner,2016,132466,A (Excellent),Bengaluru,1023200.0,991400.0,2026-05-07,1,2026-05-26,951800.0,19
104811,Hyundai,Grand i10,2023,41544,A (Excellent),Bengaluru,362100.0,308200.0,2026-06-20,1,2026-07-13,295800.0,23
104812,Mahindra,XUV700,2020,47465,A (Excellent),Hyderabad,932100.0,861200.0,2026-05-14,1,2026-06-03,820900.0,20
104813,Hyundai,Creta,2023,33026,C (Fair),Hyderabad,729300.0,653000.0,2026-08-20,0,,,12
104814,Hyundai,Verna,2022,41579,C (Fair),Chennai,543400.0,515000.0,2026-06-26,1,2026-07-15,496000.0,19
104815,Tata,Tiago,2021,49717,A (Excellent),Chennai,297300.0,307200.0,2026-06-23,1,2026-07-29,299400.0,36
104816,Hyundai,Venue,2016,119884,B (Good),Pune,248600.0,263800.0,2026-07-15,1,2026-08-15,260600.0,31
104817,Hyundai,Grand i10,2017,118052,A (Excellent),Kolkata,189200.0,168200.0,2026-05-27,1,2026-06-19,162200.0,23
104818,Tata,Altroz,2022,58554,B (Good),Kolkata,387100.0,383100.0,2026-08-30,0,,,2
104819,Maruti Suzuki,Swift,2018,87990,A (Excellent),Chennai,246400.0,201500.0,2026-05-28,1,2026-06-13,197600.0,16
104820,Honda,Amaze,2022,42626,B (Good),Mumbai,380900.0,318600.0,2026-06-18,1,2026-07-02,301000.0,14
104821,Toyota,Innova,2023,45692,A (Excellent),Hyderabad,1201700.0,1170800.0,2026-06-18,1,2026-07-19,1150100.0,31
104822,Maruti Suzuki,Ertiga,2024,36233,A (Excellent),Chennai,625100.0,578500.0,2026-07-03,1,2026-07-30,552300.0,27
104823,Kia,Carens,2022,41953,B (Good),Bengaluru,667100.0,712000.0,2026-05-29,1,2026-06-15,702500.0,17
104824,Honda,Jazz,2018,91076,A (Excellent),Bengaluru,276800.0,300500.0,2026-06-28,1,2026-08-01,294800.0,34
104825,Maruti Suzuki,WagonR,2023,43487,B (Good),Delhi NCR,313700.0,292800.0,2026-05-07,1,2026-05-24,287900.0,17
104826,Maruti Suzuki,Dzire,2021,51461,B (Good),Mumbai,332000.0,296900.0,2026-07-14,1,2026-08-12,290400.0,29
104827,Tata,Nexon,2023,36902,A (Excellent),Ahmedabad,644300.0,543200.0,2026-08-09,1,2026-08-28,536400.0,19
104828,Hyundai,Grand i10,2020,74460,B (Good),Kolkata,244000.0,270900.0,2026-08-30,0,,,2
104829,Mahindra,Bolero,2019,81096,B (Good),Ahmedabad,321400.0,346800.0,2026-05-28,1,2026-07-11,336700.0,44
104830,Tata,Nexon,2019,80148,B (Good),Kolkata,390700.0,418100.0,2026-07-12,1,2026-08-20,399000.0,39
104831,Maruti Suzuki,Swift,2024,36262,A (Excellent),Chennai,458400.0,350000.0,2026-05-31,1,2026-06-13,336100.0,13
104832,Mahindra,Bolero,2020,72111,A (Excellent),Chennai,385200.0,351200.0,2026-07-29,1,2026-08-24,345400.0,26
104833,Kia,Sonet,2018,82503,B (Good),Chennai,333800.0,309500.0,2026-08-20,0,,,12
104834,Honda,Amaze,2017,99615,B (Good),Ahmedabad,223600.0,228700.0,2026-08-18,0,,,14
104835,Kia,Sonet,2019,81694,B (Good),Chennai,367100.0,365800.0,2026-06-09,1,2026-07-08,352700.0,29
104836,Toyota,Innova,2023,32519,C (Fair),Delhi NCR,1015200.0,841400.0,2026-06-21,1,2026-07-11,829800.0,20
104837,Tata,Harrier,2024,16198,B (Good),Pune,1142400.0,1242600.0,2026-08-09,0,,,23
104838,Hyundai,i20,2021,59107,B (Good),Bengaluru,352000.0,375600.0,2026-06-28,1,2026-07-20,361700.0,22
104839,Maruti Suzuki,Swift,2024,10382,C (Fair),Mumbai,392300.0,389800.0,2026-08-13,0,,,19
104840,Honda,Jazz,2023,39646,A (Excellent),Mumbai,468600.0,468800.0,2026-05-07,1,2026-06-05,460100.0,29
104841,Maruti Suzuki,Swift,2024,31168,B (Good),Mumbai,426700.0,482300.0,2026-07-14,1,2026-08-12,456300.0,29
104842,Mahindra,Bolero,2023,48524,B (Good),Delhi NCR,485400.0,488700.0,2026-07-27,1,2026-08-23,462500.0,27
104843,Mahindra,XUV300,2021,53137,B (Good),Mumbai,457100.0,411800.0,2026-08-13,0,,,19
104844,Hyundai,Grand i10,2024,27883,B (Good),Chennai,373700.0,402200.0,2026-06-27,1,2026-08-04,378100.0,38
104845,Maruti Suzuki,Baleno,2024,17651,B (Good),Ahmedabad,472000.0,536400.0,2026-08-14,0,,,18
104846,Hyundai,Creta,2022,47925,C (Fair),Mumbai,653500.0,531200.0,2026-08-03,1,2026-08-17,520900.0,14
104847,Maruti Suzuki,WagonR,2024,24369,B (Good),Bengaluru,351600.0,318500.0,2026-07-28,1,2026-08-26,310100.0,29
104848,Mahindra,Scorpio,2023,34869,B (Good),Kolkata,879100.0,862100.0,2026-05-21,1,2026-06-21,833500.0,31
104849,Maruti Suzuki,WagonR,2022,45914,A (Excellent),Bengaluru,307500.0,344000.0,2026-08-18,0,,,14
104850,Hyundai,i20,2021,48381,B (Good),Pune,356000.0,353600.0,2026-05-06,1,2026-06-04,345600.0,29
104851,Maruti Suzuki,Baleno,2023,37961,B (Good),Delhi NCR,420600.0,453400.0,2026-08-06,0,,,26
104852,Mahindra,XUV300,2021,54502,A (Excellent),Pune,493000.0,427300.0,2026-08-06,0,,,26
104853,Honda,Amaze,2017,124873,B (Good),Chennai,217300.0,216800.0,2026-08-11,0,,,21
104854,Hyundai,Venue,2017,101681,A (Excellent),Pune,301100.0,296800.0,2026-06-12,1,2026-07-07,279000.0,25
104855,Maruti Suzuki,Ertiga,2017,108176,B (Good),Chennai,276800.0,299200.0,2026-06-28,1,2026-07-24,287200.0,26
104856,Maruti Suzuki,Dzire,2018,89456,A (Excellent),Delhi NCR,259400.0,246400.0,2026-06-16,1,2026-07-06,235100.0,20
104857,Tata,Altroz,2021,57853,A (Excellent),Mumbai,380700.0,372800.0,2026-08-29,0,,,3
104858,Maruti Suzuki,Dzire,2017,109905,A (Excellent),Bengaluru,230700.0,236300.0,2026-07-04,1,2026-07-29,227200.0,25
104859,Maruti Suzuki,Dzire,2018,97835,C (Fair),Chennai,214200.0,230000.0,2026-08-03,0,,,29
104860,Honda,WR-V,2022,42768,C (Fair),Bengaluru,445600.0,509100.0,2026-08-01,1,2026-08-31,496600.0,30
104861,Tata,Harrier,2022,46310,C (Fair),Delhi NCR,825300.0,803000.0,2026-07-04,1,2026-07-21,781000.0,17
104862,Hyundai,Verna,2024,22044,A (Excellent),Chennai,803500.0,817200.0,2026-07-26,1,2026-08-18,787300.0,23
104863,Honda,Amaze,2018,115495,A (Excellent),Bengaluru,260600.0,232600.0,2026-07-15,1,2026-08-07,220000.0,23
104864,Hyundai,i20,2024,17754,B (Good),Ahmedabad,487700.0,448700.0,2026-07-23,1,2026-08-21,434400.0,29
104865,Tata,Tiago,2019,88031,B (Good),Mumbai,218800.0,205200.0,2026-07-31,0,,,32
104866,Toyota,Innova,2018,90180,B (Good),Pune,662000.0,733400.0,2026-07-21,0,,,42
104867,Tata,Altroz,2016,121866,A (Excellent),Delhi NCR,221400.0,232700.0,2026-05-29,1,2026-06-24,229300.0,26
104868,Tata,Tiago,2019,90448,B (Good),Chennai,218200.0,219100.0,2026-07-21,1,2026-08-28,208300.0,38
104869,Mahindra,Scorpio,2018,100038,B (Good),Kolkata,511600.0,450600.0,2026-06-18,1,2026-07-07,436300.0,19
104870,Tata,Punch,2019,91492,C (Fair),Bengaluru,245200.0,271400.0,2026-06-09,1,2026-07-15,261800.0,36
104871,Hyundai,Verna,2016,120534,B (Good),Pune,314600.0,304100.0,2026-08-30,0,,,2
104872,Honda,City,2021,53150,B (Good),Pune,514200.0,480400.0,2026-08-22,0,,,10
104873,Honda,WR-V,2024,12539,A (Excellent),Pune,666100.0,666000.0,2026-08-24,0,,,8
104874,Maruti Suzuki,Ertiga,2020,67419,B (Good),Pune,384100.0,336500.0,2026-06-03,1,2026-06-18,328600.0,15
104875,Maruti Suzuki,Dzire,2022,41385,B (Good),Ahmedabad,368700.0,395200.0,2026-07-29,0,,,34
104876,Maruti Suzuki,Ertiga,2017,113498,A (Excellent),Ahmedabad,297200.0,284800.0,2026-08-19,0,,,13
104877,Toyota,Glanza,2022,55746,A (Excellent),Kolkata,439600.0,417700.0,2026-05-23,1,2026-06-29,393500.0,37
104878,Tata,Altroz,2022,46909,B (Good),Kolkata,391900.0,412200.0,2026-06-01,1,2026-07-14,392300.0,43
104879,Kia,Sonet,2024,21414,B (Good),Delhi NCR,626900.0,700600.0,2026-07-22,1,2026-08-20,689200.0,29
104880,Mahindra,Scorpio,2021,58093,B (Good),Kolkata,710500.0,724400.0,2026-08-20,0,,,12
104881,Maruti Suzuki,Baleno,2022,36733,B (Good),Delhi NCR,383300.0,387500.0,2026-07-03,1,2026-07-26,370100.0,23
104882,Maruti Suzuki,WagonR,2020,72975,A (Excellent),Pune,247400.0,260700.0,2026-08-02,1,2026-08-25,245200.0,23
104883,Mahindra,XUV300,2021,71060,A (Excellent),Ahmedabad,484300.0,533200.0,2026-07-02,1,2026-08-13,510700.0,42
104884,Maruti Suzuki,WagonR,2021,63119,A (Excellent),Hyderabad,274800.0,238800.0,2026-05-12,1,2026-06-02,230700.0,21
104885,Mahindra,Bolero,2020,82812,B (Good),Hyderabad,352600.0,373800.0,2026-08-05,0,,,27
104886,Maruti Suzuki,Dzire,2022,43726,B (Good),Chennai,367800.0,311500.0,2026-06-18,1,2026-07-15,296000.0,27
104887,Toyota,Fortuner,2022,45900,C (Fair),Hyderabad,1651400.0,1676400.0,2026-06-19,1,2026-07-24,1655300.0,35
104888,Maruti Suzuki,Baleno,2021,58575,C (Fair),Mumbai,306800.0,268500.0,2026-08-14,0,,,18
104889,Maruti Suzuki,Dzire,2023,44056,A (Excellent),Hyderabad,436400.0,388000.0,2026-07-21,1,2026-08-18,368200.0,28
104890,Tata,Punch,2018,92063,A (Excellent),Hyderabad,267500.0,277400.0,2026-05-27,1,2026-06-18,270200.0,22
104891,Kia,Sonet,2018,91958,B (Good),Pune,330300.0,261500.0,2026-05-09,1,2026-05-23,251100.0,14
104892,Maruti Suzuki,Ertiga,2023,42051,B (Good),Bengaluru,523600.0,542700.0,2026-08-28,0,,,4
104893,Honda,WR-V,2016,137619,A (Excellent),Mumbai,273600.0,241800.0,2026-05-27,1,2026-06-18,231000.0,22
104894,Tata,Altroz,2024,31934,B (Good),Bengaluru,480600.0,495400.0,2026-08-12,0,,,20
104895,Hyundai,Creta,2018,94782,A (Excellent),Bengaluru,511300.0,509600.0,2026-07-20,1,2026-08-20,490800.0,31
104896,Hyundai,Grand i10,2016,110533,B (Good),Pune,160800.0,157400.0,2026-05-22,1,2026-06-30,152500.0,39
104897,Maruti Suzuki,Swift,2017,101852,A (Excellent),Ahmedabad,220800.0,184400.0,2026-07-26,1,2026-08-26,180600.0,31
104898,Toyota,Innova,2021,48931,A (Excellent),Pune,991800.0,877200.0,2026-08-30,0,,,2
104899,Kia,Seltos,2023,36561,B (Good),Mumbai,807400.0,888200.0,2026-08-24,0,,,8
104900,Toyota,Innova,2024,16330,A (Excellent),Kolkata,1361200.0,1553600.0,2026-07-28,0,,,35
104901,Tata,Altroz,2023,40229,A (Excellent),Hyderabad,468300.0,407400.0,2026-05-21,1,2026-06-09,392300.0,19
104902,Tata,Tiago,2019,78369,A (Excellent),Pune,238800.0,216100.0,2026-05-21,1,2026-06-07,211200.0,17
104903,Toyota,Innova,2018,105453,A (Excellent),Kolkata,702900.0,692500.0,2026-08-13,0,,,19
104904,Tata,Altroz,2022,57689,A (Excellent),Bengaluru,418400.0,435300.0,2026-06-28,1,2026-07-21,429400.0,23
104905,Maruti Suzuki,Swift,2023,37850,B (Good),Kolkata,385600.0,282800.0,2026-06-09,1,2026-06-20,272300.0,11
104906,Honda,Jazz,2022,38994,A (Excellent),Chennai,426700.0,407300.0,2026-05-22,1,2026-06-19,401100.0,28
104907,Honda,City,2020,60154,B (Good),Ahmedabad,464500.0,455800.0,2026-05-26,1,2026-06-20,434900.0,25
104908,Tata,Altroz,2023,41633,B (Good),Ahmedabad,433000.0,370300.0,2026-06-06,1,2026-06-20,350300.0,14
104909,Hyundai,Verna,2017,117583,B (Good),Ahmedabad,346900.0,317500.0,2026-06-04,1,2026-07-02,313100.0,28
104910,Hyundai,Venue,2020,74589,A (Excellent),Bengaluru,411600.0,415200.0,2026-06-19,1,2026-07-16,394700.0,27
104911,Hyundai,Venue,2023,28007,B (Good),Kolkata,531200.0,558300.0,2026-05-10,1,2026-06-13,535600.0,34
104912,Maruti Suzuki,WagonR,2021,66967,C (Fair),Mumbai,228000.0,255100.0,2026-08-07,0,,,25
104913,Tata,Harrier,2019,103180,C (Fair),Bengaluru,584900.0,546100.0,2026-05-13,1,2026-06-10,519200.0,28
104914,Maruti Suzuki,Baleno,2022,60269,B (Good),Kolkata,373900.0,332100.0,2026-06-01,1,2026-07-03,319100.0,32
104915,Maruti Suzuki,Swift,2018,110489,A (Excellent),Mumbai,240300.0,255900.0,2026-07-30,1,2026-08-23,242700.0,24
104916,Mahindra,XUV300,2018,89481,A (Excellent),Delhi NCR,357700.0,288800.0,2026-07-20,1,2026-08-04,276600.0,15
104917,Tata,Tiago,2023,41244,B (Good),Kolkata,335400.0,365800.0,2026-05-25,1,2026-07-10,346900.0,46
104918,Tata,Harrier,2023,38337,B (Good),Bengaluru,1016100.0,953200.0,2026-07-08,1,2026-07-23,907300.0,15
104919,Kia,Carens,2022,45335,B (Good),Pune,664700.0,567200.0,2026-08-12,1,2026-08-24,559800.0,12
104920,Mahindra,XUV700,2023,33954,B (Good),Chennai,1161600.0,1190800.0,2026-05-12,1,2026-06-21,1167100.0,40
104921,Kia,Carens,2020,77605,A (Excellent),Hyderabad,574400.0,598100.0,2026-07-13,1,2026-08-14,572800.0,32
104922,Maruti Suzuki,Ertiga,2023,38296,A (Excellent),Pune,567700.0,588900.0,2026-08-28,0,,,4
104923,Honda,City,2021,64045,C (Fair),Kolkata,457500.0,486900.0,2026-08-09,0,,,23
104924,Maruti Suzuki,Swift,2018,118816,C (Fair),Hyderabad,198400.0,180800.0,2026-08-03,1,2026-08-24,173300.0,21
104925,Maruti Suzuki,Baleno,2019,83853,B (Good),Pune,274700.0,299500.0,2026-05-05,1,2026-06-18,296100.0,44
104926,Mahindra,Bolero,2024,19677,C (Fair),Pune,494600.0,463400.0,2026-07-11,1,2026-08-07,453200.0,27
104927,Kia,Sonet,2017,111701,A (Excellent),Chennai,317600.0,304400.0,2026-07-19,1,2026-08-10,297200.0,22
104928,Mahindra,XUV700,2024,9502,A (Excellent),Delhi NCR,1413500.0,1465200.0,2026-08-16,0,,,16
104929,Honda,City,2022,36905,B (Good),Kolkata,574800.0,607800.0,2026-07-29,0,,,34
104930,Tata,Harrier,2020,67352,B (Good),Hyderabad,742600.0,742600.0,2026-07-07,1,2026-08-12,722100.0,36
104931,Hyundai,i20,2020,71303,B (Good),Kolkata,316200.0,333800.0,2026-07-28,1,2026-08-31,318400.0,34
104932,Mahindra,Bolero,2024,19736,B (Good),Chennai,549500.0,506200.0,2026-07-23,1,2026-08-11,493500.0,19
104933,Hyundai,Venue,2019,75240,B (Good),Kolkata,346600.0,381800.0,2026-07-03,1,2026-08-07,375500.0,35
104934,Tata,Harrier,2019,83288,B (Good),Delhi NCR,664300.0,659900.0,2026-05-30,1,2026-06-20,646300.0,21
104935,Mahindra,Bolero,2022,54291,B (Good),Bengaluru,439000.0,416500.0,2026-05-14,1,2026-06-06,400400.0,23
104936,Honda,City,2022,61619,A (Excellent),Chennai,604900.0,573800.0,2026-07-13,1,2026-08-10,564900.0,28
104937,Mahindra,XUV300,2020,67575,B (Good),Ahmedabad,409600.0,425000.0,2026-05-10,1,2026-06-15,401800.0,36
104938,Tata,Tiago,2024,16817,B (Good),Ahmedabad,377900.0,410000.0,2026-08-17,0,,,15
104939,Tata,Altroz,2024,22718,B (Good),Pune,485200.0,461600.0,2026-08-08,0,,,24
104940,Tata,Harrier,2017,88545,B (Good),Mumbai,546900.0,556500.0,2026-08-16,0,,,16
104941,Tata,Altroz,2021,55567,B (Good),Bengaluru,353400.0,350400.0,2026-05-27,1,2026-06-09,330000.0,13
104942,Maruti Suzuki,Baleno,2019,79799,B (Good),Mumbai,275900.0,252700.0,2026-06-03,1,2026-06-23,241500.0,20
104943,Toyota,Innova,2024,23090,A (Excellent),Kolkata,1351800.0,1484000.0,2026-08-28,0,,,4
104944,Hyundai,Creta,2022,35552,B (Good),Hyderabad,735500.0,749400.0,2026-07-01,1,2026-08-07,723800.0,37
104945,Hyundai,Grand i10,2022,46919,C (Fair),Hyderabad,273000.0,298900.0,2026-07-20,1,2026-08-18,287000.0,29
104946,Hyundai,Creta,2021,52354,B (Good),Hyderabad,657600.0,646200.0,2026-08-26,0,,,6
104947,Maruti Suzuki,Baleno,2021,57159,C (Fair),Pune,307200.0,289700.0,2026-08-02,1,2026-08-31,280500.0,29
104948,Maruti Suzuki,Dzire,2018,97225,B (Good),Delhi NCR,238100.0,205500.0,2026-05-10,1,2026-05-31,193700.0,21
104949,Maruti Suzuki,WagonR,2023,39363,B (Good),Mumbai,315000.0,288600.0,2026-07-05,1,2026-07-21,274600.0,16
104950,Kia,Carens,2022,54002,C (Fair),Ahmedabad,592800.0,557100.0,2026-08-31,0,,,1
104951,Hyundai,Verna,2023,21142,A (Excellent),Bengaluru,731900.0,724800.0,2026-08-23,0,,,9
104952,Hyundai,Grand i10,2022,40518,B (Good),Hyderabad,305400.0,330300.0,2026-05-17,1,2026-06-16,313300.0,30
104953,Honda,City,2019,77852,A (Excellent),Kolkata,447900.0,522700.0,2026-07-01,1,2026-08-10,498600.0,40
104954,Hyundai,Creta,2017,109456,B (Good),Ahmedabad,423800.0,456200.0,2026-08-26,0,,,6
104955,Maruti Suzuki,WagonR,2020,82608,B (Good),Ahmedabad,226700.0,194400.0,2026-08-11,0,,,21
104956,Mahindra,XUV700,2020,72565,A (Excellent),Mumbai,907600.0,902000.0,2026-05-11,1,2026-06-03,851000.0,23
104957,Tata,Nexon,2023,38452,B (Good),Hyderabad,595600.0,589800.0,2026-08-23,0,,,9
104958,Hyundai,Grand i10,2022,55114,A (Excellent),Bengaluru,324800.0,273800.0,2026-05-27,1,2026-06-13,260700.0,17
104959,Kia,Sonet,2021,53044,B (Good),Ahmedabad,457200.0,437700.0,2026-08-10,0,,,22
104960,Tata,Tiago,2018,103446,C (Fair),Bengaluru,176100.0,163600.0,2026-08-18,1,2026-08-30,156100.0,12
104961,Tata,Harrier,2021,55475,B (Good),Kolkata,826500.0,808600.0,2026-07-10,1,2026-08-22,760900.0,43
104962,Toyota,Innova,2017,107585,B (Good),Bengaluru,590900.0,656300.0,2026-06-23,1,2026-07-31,638700.0,38
104963,Mahindra,Scorpio,2017,104797,B (Good),Bengaluru,463100.0,432400.0,2026-05-23,1,2026-06-14,410400.0,22
104964,Mahindra,Bolero,2016,106352,A (Excellent),Delhi NCR,254400.0,226200.0,2026-06-12,1,2026-06-29,213700.0,17
104965,Maruti Suzuki,Swift,2022,40785,C (Fair),Pune,314900.0,326700.0,2026-07-22,1,2026-08-26,312800.0,35
104966,Mahindra,XUV300,2020,64362,C (Fair),Mumbai,369900.0,326500.0,2026-08-23,0,,,9
104967,Mahindra,Scorpio,2023,36056,A (Excellent),Delhi NCR,948300.0,886600.0,2026-07-13,1,2026-07-29,861000.0,16
104968,Hyundai,Venue,2022,41530,A (Excellent),Bengaluru,514800.0,576100.0,2026-07-19,1,2026-08-22,547100.0,34
104969,Mahindra,Bolero,2018,91984,B (Good),Pune,289000.0,272500.0,2026-05-27,1,2026-06-16,258200.0,20
104970,Hyundai,Creta,2022,44083,B (Good),Delhi NCR,729000.0,685000.0,2026-07-22,1,2026-07-30,649700.0,8
104971,Hyundai,Venue,2023,27134,A (Excellent),Kolkata,574300.0,587000.0,2026-07-25,1,2026-08-29,567800.0,35
104972,Mahindra,Scorpio,2022,48556,B (Good),Kolkata,788700.0,789800.0,2026-07-21,1,2026-08-30,760200.0,40
104973,Tata,Harrier,2019,67190,B (Good),Pune,675900.0,724200.0,2026-07-16,1,2026-08-16,683400.0,31
104974,Tata,Harrier,2022,55185,C (Fair),Hyderabad,817600.0,888800.0,2026-05-30,1,2026-07-07,878200.0,38
104975,Mahindra,Bolero,2022,45528,B (Good),Ahmedabad,443100.0,491900.0,2026-06-19,1,2026-07-26,475300.0,37
104976,Maruti Suzuki,Swift,2018,97770,C (Fair),Chennai,203100.0,202700.0,2026-06-08,1,2026-07-23,195900.0,45
104977,Maruti Suzuki,Ertiga,2019,75407,A (Excellent),Chennai,374300.0,415500.0,2026-07-11,1,2026-08-13,391500.0,33
104978,Hyundai,Venue,2019,85740,C (Fair),Kolkata,308400.0,306800.0,2026-06-18,1,2026-07-24,290800.0,36
104979,Hyundai,Grand i10,2023,28525,C (Fair),Delhi NCR,305800.0,296400.0,2026-06-06,1,2026-06-24,281700.0,18
104980,Honda,WR-V,2020,76499,B (Good),Chennai,395600.0,405600.0,2026-08-26,0,,,6
104981,Tata,Harrier,2021,49984,B (Good),Mumbai,831300.0,802600.0,2026-08-08,0,,,24
104982,Kia,Seltos,2021,63711,A (Excellent),Hyderabad,701700.0,729300.0,2026-05-13,1,2026-06-22,707600.0,40
104983,Hyundai,Creta,2017,107577,B (Good),Pune,424700.0,409400.0,2026-07-21,1,2026-08-19,386000.0,29
104984,Maruti Suzuki,Ertiga,2023,37862,B (Good),Bengaluru,525900.0,599600.0,2026-05-28,1,2026-07-04,578500.0,37
104985,Toyota,Fortuner,2023,35766,C (Fair),Mumbai,1834000.0,1668000.0,2026-08-31,0,,,1
104986,Maruti Suzuki,Swift,2023,37594,B (Good),Chennai,385700.0,372200.0,2026-06-16,1,2026-07-09,359100.0,23
104987,Honda,WR-V,2020,79474,C (Fair),Ahmedabad,354900.0,319700.0,2026-07-09,1,2026-07-30,308900.0,21
104988,Maruti Suzuki,Dzire,2019,88079,B (Good),Bengaluru,264300.0,267300.0,2026-05-06,1,2026-06-05,258600.0,30
104989,Maruti Suzuki,WagonR,2022,49272,A (Excellent),Pune,306400.0,307800.0,2026-08-19,0,,,13
104990,Maruti Suzuki,WagonR,2022,49490,B (Good),Ahmedabad,283600.0,266100.0,2026-08-27,0,,,5
104991,Maruti Suzuki,Ertiga,2024,27005,A (Excellent),Pune,631100.0,578000.0,2026-07-17,1,2026-08-16,553900.0,30
104992,Mahindra,XUV700,2023,39431,A (Excellent),Chennai,1247400.0,1059900.0,2026-05-22,1,2026-06-06,1003400.0,15
104993,Hyundai,Venue,2017,108981,A (Excellent),Chennai,298700.0,340700.0,2026-08-04,0,,,28
104994,Hyundai,Grand i10,2016,108775,A (Excellent),Mumbai,174000.0,173000.0,2026-07-03,1,2026-07-15,171300.0,12
104995,Honda,Amaze,2022,63964,B (Good),Delhi NCR,372400.0,391400.0,2026-07-22,1,2026-08-12,382500.0,21
104996,Maruti Suzuki,WagonR,2022,62880,B (Good),Hyderabad,279600.0,306500.0,2026-07-12,1,2026-08-27,295800.0,46
104997,Tata,Punch,2017,112829,B (Good),Pune,220300.0,244000.0,2026-08-04,0,,,28
104998,Tata,Harrier,2018,92740,B (Good),Chennai,598200.0,553900.0,2026-08-30,0,,,2
104999,Maruti Suzuki,Swift,2022,49646,B (Good),Ahmedabad,346600.0,357500.0,2026-07-29,1,2026-08-25,342100.0,27
105000,Kia,Seltos,2020,62882,C (Fair),Delhi NCR,532600.0,472200.0,2026-06-06,1,2026-06-24,453100.0,18
105001,Hyundai,Venue,2018,94496,B (Good),Bengaluru,308800.0,350500.0,2026-05-20,1,2026-06-24,330200.0,35
105002,Tata,Nexon,2017,94856,A (Excellent),Mumbai,343900.0,394700.0,2026-05-05,1,2026-06-07,383600.0,33
105003,Maruti Suzuki,WagonR,2023,30566,A (Excellent),Hyderabad,343300.0,270000.0,2026-06-20,1,2026-07-06,256800.0,16
105004,Mahindra,XUV300,2019,84888,A (Excellent),Kolkata,395100.0,338800.0,2026-08-20,0,,,12
105005,Tata,Altroz,2021,55366,A (Excellent),Bengaluru,381700.0,410900.0,2026-07-02,1,2026-07-24,388700.0,22
105006,Honda,City,2022,50136,B (Good),Chennai,566900.0,606300.0,2026-05-14,1,2026-06-10,576300.0,27
105007,Hyundai,Grand i10,2017,97851,B (Good),Ahmedabad,179200.0,179000.0,2026-06-02,1,2026-06-24,173400.0,22
105008,Hyundai,Venue,2020,88871,A (Excellent),Pune,405300.0,377400.0,2026-07-31,1,2026-08-17,369200.0,17
105009,Honda,WR-V,2023,36963,B (Good),Bengaluru,547400.0,495800.0,2026-07-24,1,2026-08-16,471000.0,23
105010,Hyundai,Grand i10,2022,49632,B (Good),Kolkata,302500.0,277400.0,2026-08-02,1,2026-08-18,263200.0,16
105011,Hyundai,Venue,2018,98392,C (Fair),Delhi NCR,276800.0,316100.0,2026-05-16,1,2026-06-29,301700.0,44
105012,Maruti Suzuki,Baleno,2024,23814,C (Fair),Kolkata,422100.0,333500.0,2026-08-11,0,,,21
105013,Tata,Altroz,2019,76104,A (Excellent),Kolkata,309200.0,297900.0,2026-08-08,0,,,24
105014,Maruti Suzuki,Dzire,2020,66437,C (Fair),Ahmedabad,267600.0,279900.0,2026-05-22,1,2026-07-09,264400.0,48
105015,Maruti Suzuki,Dzire,2023,45244,B (Good),Ahmedabad,403500.0,426400.0,2026-06-27,1,2026-08-01,410900.0,35
105016,Mahindra,Scorpio,2019,70784,C (Fair),Ahmedabad,522400.0,546600.0,2026-06-18,1,2026-07-25,526300.0,37
105017,Honda,City,2022,45817,B (Good),Delhi NCR,569500.0,574700.0,2026-06-27,1,2026-07-13,542700.0,16
105018,Hyundai,i20,2019,92280,B (Good),Bengaluru,281200.0,254100.0,2026-06-26,1,2026-07-24,249900.0,28
105019,Tata,Harrier,2018,91043,C (Fair),Ahmedabad,539400.0,420500.0,2026-05-29,1,2026-06-05,399000.0,7
105020,Maruti Suzuki,Swift,2020,63709,A (Excellent),Mumbai,305400.0,288300.0,2026-06-03,1,2026-06-28,283100.0,25
105021,Hyundai,i20,2021,57599,B (Good),Hyderabad,352600.0,306300.0,2026-07-15,1,2026-08-17,297200.0,33
105022,Mahindra,XUV700,2023,38177,C (Fair),Hyderabad,1040800.0,1081300.0,2026-07-16,1,2026-08-14,1033500.0,29
105023,Mahindra,XUV300,2024,9932,B (Good),Ahmedabad,634300.0,579900.0,2026-05-11,1,2026-06-09,548100.0,29
105024,Toyota,Fortuner,2017,103175,B (Good),Chennai,1076300.0,1101800.0,2026-08-28,0,,,4
105025,Tata,Nexon,2018,93350,B (Good),Mumbai,350500.0,346900.0,2026-05-19,1,2026-06-18,334400.0,30
105026,Hyundai,Verna,2020,59348,A (Excellent),Ahmedabad,530000.0,473600.0,2026-08-15,1,2026-08-27,445200.0,12
105027,Hyundai,Creta,2024,25682,B (Good),Kolkata,897300.0,864300.0,2026-08-23,0,,,9
105028,Hyundai,i20,2024,29947,B (Good),Ahmedabad,481600.0,436200.0,2026-06-15,1,2026-07-19,413800.0,34
105029,Toyota,Glanza,2022,40633,A (Excellent),Chennai,446600.0,459800.0,2026-05-10,1,2026-06-17,455000.0,38
105030,Tata,Punch,2022,35016,B (Good),Chennai,384000.0,358500.0,2026-08-23,0,,,9
105031,Hyundai,Verna,2020,64139,C (Fair),Chennai,439400.0,473100.0,2026-08-18,0,,,14
105032,Tata,Altroz,2018,79320,B (Good),Kolkata,259600.0,234000.0,2026-07-02,1,2026-08-04,229200.0,33
105033,Toyota,Fortuner,2021,53600,C (Fair),Pune,1490600.0,1457500.0,2026-07-13,1,2026-08-12,1441900.0,30
105034,Maruti Suzuki,WagonR,2019,70132,C (Fair),Pune,188200.0,159400.0,2026-07-10,1,2026-08-04,157000.0,25
105035,Tata,Punch,2021,59700,B (Good),Mumbai,340500.0,334200.0,2026-07-12,1,2026-08-12,322300.0,31
105036,Hyundai,Creta,2023,40519,C (Fair),Hyderabad,723700.0,664300.0,2026-08-21,0,,,11
105037,Tata,Harrier,2023,33411,B (Good),Mumbai,1021400.0,1044100.0,2026-06-08,1,2026-07-06,1000000.0,28
105038,Honda,Amaze,2020,85243,B (Good),Chennai,301400.0,293200.0,2026-06-17,1,2026-07-26,284800.0,39
105039,Maruti Suzuki,Baleno,2019,81250,B (Good),Mumbai,275500.0,257300.0,2026-08-25,0,,,7
105040,Toyota,Innova,2020,72066,A (Excellent),Bengaluru,880500.0,932500.0,2026-05-07,1,2026-06-10,886200.0,34
105041,Hyundai,Verna,2021,51666,B (Good),Delhi NCR,543700.0,566300.0,2026-05-17,1,2026-06-04,541500.0,18
105042,Kia,Carens,2020,66459,C (Fair),Hyderabad,484500.0,514300.0,2026-06-26,1,2026-07-19,498200.0,23
105043,Toyota,Glanza,2021,56022,B (Good),Hyderabad,370300.0,329200.0,2026-08-17,0,,,15
105044,Maruti Suzuki,Ertiga,2024,27167,B (Good),Bengaluru,584300.0,552300.0,2026-05-07,1,2026-06-03,523800.0,27
105045,Mahindra,XUV700,2019,96950,B (Good),Delhi NCR,744600.0,649800.0,2026-08-31,0,,,1
105046,Honda,WR-V,2022,56368,C (Fair),Mumbai,439300.0,357100.0,2026-07-30,1,2026-08-03,352900.0,4
105047,Hyundai,Creta,2023,36664,C (Fair),Delhi NCR,726600.0,728500.0,2026-07-04,1,2026-07-26,696900.0,22
105048,Honda,WR-V,2022,52902,A (Excellent),Delhi NCR,529100.0,448400.0,2026-08-09,1,2026-08-14,427900.0,5
105049,Honda,Jazz,2021,62517,B (Good),Pune,350800.0,396800.0,2026-07-23,1,2026-08-29,392000.0,37
105050,Toyota,Fortuner,2024,19688,C (Fair),Ahmedabad,2048900.0,2360000.0,2026-06-29,1,2026-08-03,2254800.0,35
105051,Maruti Suzuki,Ertiga,2018,109597,B (Good),Bengaluru,303700.0,316300.0,2026-07-19,1,2026-08-12,311800.0,24
105052,Mahindra,Bolero,2024,14148,A (Excellent),Kolkata,596800.0,590100.0,2026-08-01,0,,,31
105053,Mahindra,Scorpio,2020,86140,A (Excellent),Kolkata,677500.0,606800.0,2026-07-30,1,2026-08-23,578100.0,24
105054,Maruti Suzuki,Dzire,2022,55516,B (Good),Delhi NCR,363300.0,299500.0,2026-05-20,1,2026-06-04,282200.0,15
105055,Tata,Altroz,2024,20563,C (Fair),Chennai,437700.0,480500.0,2026-06-04,1,2026-07-07,459900.0,33
105056,Tata,Nexon,2020,61195,A (Excellent),Bengaluru,473300.0,503100.0,2026-05-27,1,2026-06-27,477600.0,31
105057,Mahindra,Bolero,2022,32779,B (Good),Bengaluru,449000.0,473700.0,2026-08-03,1,2026-08-20,449500.0,17
105058,Honda,WR-V,2022,60196,A (Excellent),Pune,525000.0,539800.0,2026-05-18,1,2026-06-27,508300.0,40
105059,Mahindra,XUV700,2024,18231,A (Excellent),Chennai,1401000.0,1453400.0,2026-08-13,0,,,19
105060,Hyundai,i20,2022,41907,A (Excellent),Mumbai,425400.0,485400.0,2026-06-27,1,2026-08-12,463500.0,46
105061,Mahindra,XUV300,2019,86824,C (Fair),Hyderabad,328600.0,317800.0,2026-08-01,1,2026-08-24,305600.0,23
105062,Maruti Suzuki,Ertiga,2023,45319,B (Good),Chennai,521800.0,493900.0,2026-08-06,0,,,26
105063,Kia,Carens,2023,45325,A (Excellent),Mumbai,788900.0,856500.0,2026-06-15,1,2026-07-26,842700.0,41
105064,Maruti Suzuki,WagonR,2024,17493,C (Fair),Mumbai,318700.0,348400.0,2026-07-19,0,,,44
105065,Hyundai,Grand i10,2023,49777,A (Excellent),Bengaluru,359000.0,315300.0,2026-07-24,1,2026-08-08,301900.0,15
105066,Tata,Altroz,2023,32114,C (Fair),Ahmedabad,393600.0,407700.0,2026-05-17,1,2026-06-06,402300.0,20
105067,Honda,WR-V,2020,68117,A (Excellent),Hyderabad,431100.0,421800.0,2026-05-23,1,2026-06-17,414800.0,25
105068,Mahindra,Scorpio,2019,83115,A (Excellent),Hyderabad,618600.0,705500.0,2026-07-16,1,2026-08-22,681600.0,37
105069,Tata,Altroz,2020,68656,A (Excellent),Chennai,342500.0,341700.0,2026-07-11,1,2026-08-12,325900.0,32
105070,Honda,Jazz,2020,60662,A (Excellent),Delhi NCR,345400.0,341400.0,2026-07-24,1,2026-08-21,323300.0,28
105071,Mahindra,Scorpio,2021,68043,B (Good),Pune,703000.0,689600.0,2026-08-11,0,,,21
105072,Mahindra,XUV700,2021,53565,B (Good),Chennai,942400.0,1033500.0,2026-08-17,0,,,15
105073,Tata,Punch,2020,81541,A (Excellent),Kolkata,326800.0,340500.0,2026-07-27,0,,,36
105074,Toyota,Fortuner,2017,111926,A (Excellent),Mumbai,1151000.0,1380800.0,2026-07-02,1,2026-08-01,1336500.0,30
105075,Maruti Suzuki,Baleno,2023,46562,B (Good),Kolkata,416900.0,387900.0,2026-08-02,0,,,30
105076,Hyundai,Grand i10,2023,35850,B (Good),Bengaluru,337200.0,340600.0,2026-06-13,1,2026-07-08,324600.0,25
105077,Maruti Suzuki,Baleno,2023,29930,A (Excellent),Delhi NCR,458100.0,396800.0,2026-07-05,1,2026-07-16,390700.0,11
105078,Honda,City,2023,37863,A (Excellent),Ahmedabad,681500.0,698200.0,2026-07-06,1,2026-08-02,680500.0,27
105079,Maruti Suzuki,Dzire,2024,24245,A (Excellent),Delhi NCR,489500.0,566800.0,2026-08-13,0,,,19
105080,Hyundai,Grand i10,2023,22726,B (Good),Ahmedabad,341800.0,316300.0,2026-07-29,1,2026-08-20,302000.0,22
105081,Hyundai,Grand i10,2019,86232,A (Excellent),Pune,236700.0,231400.0,2026-08-11,1,2026-08-24,226600.0,13
105082,Mahindra,XUV700,2023,32028,B (Good),Kolkata,1163900.0,1158800.0,2026-06-09,1,2026-07-16,1102700.0,37
105083,Honda,WR-V,2020,84391,B (Good),Chennai,392200.0,432800.0,2026-06-23,1,2026-08-04,408200.0,42
105084,Maruti Suzuki,WagonR,2019,72494,C (Fair),Hyderabad,187700.0,175500.0,2026-06-26,1,2026-07-14,165800.0,18
105085,Hyundai,Verna,2020,82437,A (Excellent),Delhi NCR,517000.0,538200.0,2026-07-09,1,2026-08-09,524500.0,31
105086,Maruti Suzuki,Dzire,2020,56757,B (Good),Ahmedabad,300400.0,297500.0,2026-07-17,1,2026-08-16,281600.0,30
105087,Maruti Suzuki,Dzire,2020,73890,A (Excellent),Mumbai,318600.0,319800.0,2026-05-10,1,2026-06-15,313700.0,36
105088,Maruti Suzuki,Ertiga,2021,41646,B (Good),Kolkata,433700.0,455600.0,2026-05-08,1,2026-06-18,439800.0,41
105089,Tata,Harrier,2020,71806,B (Good),Hyderabad,739100.0,703200.0,2026-05-22,1,2026-06-16,694000.0,25
105090,Maruti Suzuki,Baleno,2020,71998,B (Good),Ahmedabad,305800.0,378900.0,2026-07-28,0,,,35
105091,Kia,Sonet,2024,36877,A (Excellent),Kolkata,666400.0,683600.0,2026-05-24,1,2026-06-20,655700.0,27
105092,Honda,Jazz,2023,39045,A (Excellent),Bengaluru,468900.0,520900.0,2026-06-21,1,2026-07-17,506000.0,26
105093,Hyundai,Venue,2022,44361,A (Excellent),Bengaluru,513300.0,521200.0,2026-08-25,0,,,7
105094,Tata,Harrier,2018,87561,A (Excellent),Ahmedabad,649800.0,641500.0,2026-06-18,1,2026-07-12,609100.0,24
105095,Tata,Altroz,2024,22510,A (Excellent),Bengaluru,524100.0,576100.0,2026-06-15,1,2026-07-06,543400.0,21
105096,Hyundai,i20,2024,24988,B (Good),Delhi NCR,484100.0,373300.0,2026-06-13,1,2026-07-04,360200.0,21
105097,Honda,WR-V,2021,45156,B (Good),Ahmedabad,449400.0,511500.0,2026-05-18,1,2026-06-28,493600.0,41
105098,Kia,Sonet,2022,48994,B (Good),Mumbai,504500.0,543500.0,2026-07-24,1,2026-08-21,514400.0,28
105099,Kia,Seltos,2020,49993,B (Good),Bengaluru,599900.0,635500.0,2026-05-08,1,2026-06-02,627300.0,25
105100,Honda,WR-V,2022,65909,B (Good),Delhi NCR,483200.0,543200.0,2026-08-03,1,2026-08-30,528200.0,27
105101,Mahindra,Scorpio,2016,113400,B (Good),Kolkata,417300.0,492200.0,2026-06-27,1,2026-08-18,469000.0,52
105102,Mahindra,XUV700,2017,100905,A (Excellent),Ahmedabad,663000.0,593000.0,2026-05-06,1,2026-05-22,562500.0,16
105103,Kia,Seltos,2022,46227,A (Excellent),Bengaluru,785500.0,863500.0,2026-05-31,1,2026-07-07,844000.0,37
105104,Maruti Suzuki,WagonR,2024,29887,B (Good),Chennai,349600.0,380200.0,2026-06-30,1,2026-08-13,375600.0,44
105105,Hyundai,i20,2021,51460,A (Excellent),Kolkata,383300.0,362700.0,2026-08-16,0,,,16
105106,Maruti Suzuki,Ertiga,2017,90607,B (Good),Bengaluru,282200.0,281200.0,2026-08-07,1,2026-08-14,272600.0,7
105107,Hyundai,Creta,2022,41654,B (Good),Kolkata,730800.0,730900.0,2026-07-30,0,,,33
105108,Mahindra,XUV700,2018,95489,A (Excellent),Chennai,733000.0,698400.0,2026-07-04,1,2026-08-12,687300.0,39
105109,Mahindra,XUV700,2019,79841,B (Good),Chennai,758700.0,824700.0,2026-07-22,0,,,41
105110,Toyota,Fortuner,2021,52216,B (Good),Delhi NCR,1658700.0,1642000.0,2026-07-20,1,2026-08-11,1589900.0,22
105111,Hyundai,Verna,2021,61980,A (Excellent),Mumbai,580800.0,491800.0,2026-07-16,1,2026-07-27,476200.0,11
105112,Tata,Tiago,2022,52327,B (Good),Bengaluru,301700.0,365000.0,2026-07-07,1,2026-08-22,345700.0,46
105113,Toyota,Glanza,2020,59898,B (Good),Delhi NCR,335600.0,311500.0,2026-06-11,1,2026-07-06,301300.0,25
105114,Tata,Altroz,2024,23847,A (Excellent),Delhi NCR,523400.0,580300.0,2026-08-18,0,,,14
105115,Mahindra,Bolero,2024,33948,B (Good),Pune,541500.0,619600.0,2026-06-18,1,2026-08-03,605200.0,46
105116,Maruti Suzuki,WagonR,2022,39352,B (Good),Hyderabad,286700.0,251200.0,2026-07-20,1,2026-08-01,247900.0,12
105117,Mahindra,Scorpio,2018,97394,B (Good),Bengaluru,513100.0,511600.0,2026-06-12,1,2026-07-07,499500.0,25
105118,Honda,WR-V,2020,87198,B (Good),Mumbai,391000.0,371900.0,2026-07-04,1,2026-08-02,359500.0,29
105119,Tata,Nexon,2023,34123,B (Good),Kolkata,598300.0,683700.0,2026-06-15,1,2026-07-31,675600.0,46
105120,Maruti Suzuki,Dzire,2020,63177,B (Good),Hyderabad,298400.0,281200.0,2026-06-15,1,2026-07-08,268200.0,23
105121,Honda,Amaze,2024,35641,C (Fair),Ahmedabad,417000.0,298000.0,2026-07-29,1,2026-08-01,283100.0,3
105122,Hyundai,Grand i10,2018,96585,C (Fair),Pune,177500.0,200400.0,2026-08-08,0,,,24
105123,Toyota,Innova,2024,35199,C (Fair),Chennai,1112600.0,1041100.0,2026-08-21,0,,,11
105124,Mahindra,XUV700,2022,38633,C (Fair),Kolkata,946700.0,916600.0,2026-08-13,0,,,19
105125,Maruti Suzuki,Ertiga,2023,40288,B (Good),Hyderabad,524500.0,526000.0,2026-07-13,1,2026-08-02,505300.0,20
105126,Hyundai,Verna,2023,25794,A (Excellent),Ahmedabad,728400.0,822000.0,2026-07-25,0,,,38
105127,Hyundai,Verna,2021,56738,A (Excellent),Delhi NCR,584000.0,587700.0,2026-06-23,1,2026-07-21,554500.0,28
105128,Toyota,Glanza,2021,61143,B (Good),Kolkata,368300.0,344600.0,2026-07-17,1,2026-08-01,334300.0,15
105129,Hyundai,i20,2019,79320,A (Excellent),Delhi NCR,308100.0,310800.0,2026-07-20,1,2026-08-03,292500.0,14
105130,Maruti Suzuki,Baleno,2021,71459,B (Good),Kolkata,336200.0,256700.0,2026-06-08,1,2026-06-25,246800.0,17
105131,Kia,Seltos,2017,109451,B (Good),Delhi NCR,423800.0,436900.0,2026-08-02,1,2026-08-19,425000.0,17
105132,Hyundai,i20,2020,66505,A (Excellent),Bengaluru,343300.0,279800.0,2026-07-11,1,2026-07-30,268000.0,19
105133,Hyundai,Venue,2016,126080,C (Fair),Pune,222100.0,245600.0,2026-08-29,0,,,3
105134,Maruti Suzuki,WagonR,2022,44400,C (Fair),Hyderabad,256600.0,274200.0,2026-07-23,1,2026-08-23,259500.0,31
105135,Honda,Jazz,2017,106927,C (Fair),Bengaluru,206200.0,214300.0,2026-05-26,1,2026-06-18,203500.0,23
105136,Maruti Suzuki,Swift,2016,124418,A (Excellent),Hyderabad,195900.0,168900.0,2026-05-30,1,2026-06-16,162200.0,17
105137,Maruti Suzuki,Dzire,2019,93369,C (Fair),Delhi NCR,236500.0,219800.0,2026-08-04,1,2026-08-23,216100.0,19
105138,Hyundai,i20,2018,104368,A (Excellent),Kolkata,272700.0,270600.0,2026-07-15,1,2026-08-17,259000.0,33
105139,Toyota,Fortuner,2023,34425,B (Good),Kolkata,2040600.0,2258100.0,2026-05-27,1,2026-07-15,2214300.0,49
105140,Maruti Suzuki,Ertiga,2021,60050,B (Good),Mumbai,425400.0,471700.0,2026-07-05,1,2026-08-06,449700.0,32
105141,Tata,Altroz,2024,17783,A (Excellent),Chennai,526700.0,589700.0,2026-05-10,1,2026-06-22,559000.0,43
105142,Mahindra,Bolero,2023,34436,C (Fair),Kolkata,443300.0,460500.0,2026-06-10,1,2026-07-15,446100.0,35
105143,Maruti Suzuki,Dzire,2017,119355,B (Good),Chennai,211400.0,211200.0,2026-07-05,1,2026-08-05,205600.0,31
105144,Maruti Suzuki,WagonR,2019,80946,B (Good),Hyderabad,206700.0,204200.0,2026-05-13,1,2026-06-10,196400.0,28
105145,Tata,Tiago,2020,88123,A (Excellent),Ahmedabad,259600.0,257300.0,2026-07-09,1,2026-08-09,245400.0,31
105146,Toyota,Glanza,2023,31169,C (Fair),Ahmedabad,413000.0,387700.0,2026-07-14,1,2026-08-07,368400.0,24
105147,Maruti Suzuki,Dzire,2017,107053,A (Excellent),Kolkata,231500.0,232700.0,2026-06-01,1,2026-07-16,222700.0,45
105148,Maruti Suzuki,Baleno,2022,47317,B (Good),Delhi NCR,379100.0,360700.0,2026-05-14,1,2026-06-04,347800.0,21
105149,Maruti Suzuki,Swift,2024,27069,B (Good),Hyderabad,428500.0,442200.0,2026-08-24,0,,,8
105150,Maruti Suzuki,Ertiga,2017,120971,B (Good),Delhi NCR,272800.0,275300.0,2026-07-16,1,2026-08-15,272200.0,30
105151,Hyundai,Grand i10,2023,25966,B (Good),Hyderabad,340700.0,377800.0,2026-06-20,1,2026-07-22,373500.0,32
105152,Hyundai,Creta,2024,22495,B (Good),Hyderabad,900200.0,922300.0,2026-05-05,1,2026-06-06,897200.0,32
105153,Toyota,Glanza,2022,59566,B (Good),Bengaluru,405400.0,412700.0,2026-05-14,1,2026-06-02,400900.0,19
105154,Maruti Suzuki,Ertiga,2018,102312,A (Excellent),Bengaluru,330700.0,346100.0,2026-06-06,1,2026-06-22,336500.0,16
105155,Hyundai,i20,2017,108271,B (Good),Kolkata,228800.0,204200.0,2026-08-23,0,,,9
105156,Maruti Suzuki,Swift,2020,87030,A (Excellent),Pune,297800.0,263100.0,2026-06-06,1,2026-06-14,253300.0,8
105157,Tata,Nexon,2017,110449,B (Good),Pune,312900.0,306900.0,2026-08-10,0,,,22
105158,Maruti Suzuki,Swift,2024,22144,A (Excellent),Bengaluru,465100.0,461200.0,2026-07-07,1,2026-07-28,448000.0,21
105159,Toyota,Innova,2020,68736,B (Good),Kolkata,818200.0,839500.0,2026-05-16,1,2026-06-17,792600.0,32
105160,Maruti Suzuki,Dzire,2023,38912,B (Good),Delhi NCR,406200.0,371300.0,2026-06-17,1,2026-07-12,367600.0,25
105161,Mahindra,XUV700,2024,22819,B (Good),Pune,1291200.0,1369600.0,2026-07-10,1,2026-08-13,1347300.0,34
105162,Tata,Harrier,2021,58076,A (Excellent),Chennai,890100.0,896900.0,2026-08-29,0,,,3
105163,Hyundai,Venue,2023,48720,B (Good),Chennai,519900.0,573100.0,2026-06-02,1,2026-07-07,539000.0,35
105164,Maruti Suzuki,Swift,2022,42059,A (Excellent),Bengaluru,377300.0,359500.0,2026-08-25,0,,,7
105165,Hyundai,Grand i10,2020,84268,B (Good),Pune,241400.0,263800.0,2026-08-21,0,,,11
105166,Hyundai,Grand i10,2022,59235,B (Good),Delhi NCR,299500.0,250800.0,2026-05-20,1,2026-05-26,244900.0,6
105167,Tata,Harrier,2023,30866,C (Fair),Pune,921600.0,967400.0,2026-06-15,1,2026-07-07,916500.0,22
105168,Toyota,Glanza,2018,84461,B (Good),Ahmedabad,270600.0,258800.0,2026-08-23,0,,,9
105169,Mahindra,Bolero,2024,23547,B (Good),Chennai,547400.0,585000.0,2026-08-02,0,,,30
105170,Kia,Carens,2023,30028,B (Good),Kolkata,742200.0,753500.0,2026-05-08,1,2026-06-16,740300.0,39
105171,Kia,Carens,2016,126376,B (Good),Bengaluru,345400.0,311900.0,2026-08-23,0,,,9
105172,Tata,Harrier,2022,50219,B (Good),Bengaluru,913300.0,962200.0,2026-06-26,1,2026-07-16,906000.0,20
105173,Honda,Jazz,2022,40592,A (Excellent),Chennai,426000.0,463500.0,2026-05-06,1,2026-06-09,453700.0,34
105174,Toyota,Fortuner,2022,52566,B (Good),Kolkata,1822000.0,1682000.0,2026-06-12,1,2026-07-12,1612000.0,30
105175,Toyota,Glanza,2024,10175,C (Fair),Chennai,463700.0,404500.0,2026-05-31,1,2026-06-19,391800.0,19
105176,Hyundai,Verna,2020,76039,A (Excellent),Pune,520600.0,553300.0,2026-07-27,0,,,36
105177,Kia,Sonet,2023,39175,B (Good),Kolkata,560100.0,576400.0,2026-06-20,1,2026-07-27,557800.0,37
105178,Honda,Amaze,2020,66552,B (Good),Mumbai,307600.0,298700.0,2026-05-24,1,2026-06-15,283900.0,22
105179,Maruti Suzuki,Swift,2021,66838,A (Excellent),Hyderabad,334500.0,285600.0,2026-07-18,1,2026-08-08,277700.0,21
105180,Honda,Amaze,2019,76715,B (Good),Ahmedabad,276800.0,297800.0,2026-07-24,0,,,39
105181,Mahindra,Bolero,2022,46998,B (Good),Bengaluru,442400.0,415900.0,2026-07-04,1,2026-07-27,393300.0,23
105182,Tata,Harrier,2020,73216,B (Good),Mumbai,738000.0,735100.0,2026-07-24,1,2026-08-16,711500.0,23
105183,Maruti Suzuki,Dzire,2023,37375,B (Good),Delhi NCR,406900.0,455900.0,2026-07-18,1,2026-08-19,434200.0,32
105184,Honda,WR-V,2018,91153,C (Fair),Pune,290100.0,292000.0,2026-08-05,0,,,27
105185,Maruti Suzuki,Swift,2024,26757,A (Excellent),Mumbai,462900.0,543100.0,2026-06-24,1,2026-08-01,512000.0,38
105186,Tata,Harrier,2023,24593,B (Good),Chennai,1030700.0,1077200.0,2026-05-31,1,2026-07-12,1057400.0,42
105187,Honda,Jazz,2021,37348,C (Fair),Delhi NCR,324200.0,341500.0,2026-05-28,1,2026-06-13,331000.0,16
105188,Maruti Suzuki,Ertiga,2022,53727,C (Fair),Kolkata,423600.0,439100.0,2026-05-10,1,2026-06-19,430500.0,40
105189,Maruti Suzuki,Baleno,2023,27276,A (Excellent),Chennai,459300.0,516300.0,2026-05-12,1,2026-06-20,510900.0,39
105190,Kia,Seltos,2020,70168,B (Good),Chennai,587200.0,689400.0,2026-05-09,1,2026-06-23,664500.0,45
105191,Honda,Jazz,2024,24337,B (Good),Ahmedabad,484400.0,482300.0,2026-07-05,1,2026-07-31,469900.0,26
105192,Maruti Suzuki,WagonR,2024,11256,C (Fair),Mumbai,320700.0,333900.0,2026-07-15,1,2026-08-20,326600.0,36
105193,Tata,Harrier,2020,69573,C (Fair),Bengaluru,666800.0,628900.0,2026-06-09,1,2026-07-03,609200.0,24
105194,Maruti Suzuki,WagonR,2017,86675,C (Fair),Mumbai,153100.0,143900.0,2026-07-27,1,2026-08-25,138100.0,29
105195,Maruti Suzuki,Swift,2023,33117,A (Excellent),Bengaluru,418500.0,417200.0,2026-08-09,0,,,23
105196,Maruti Suzuki,Swift,2018,107487,C (Fair),Kolkata,200900.0,210300.0,2026-07-18,1,2026-08-22,206600.0,35
105197,Mahindra,XUV700,2019,87409,A (Excellent),Hyderabad,812700.0,845300.0,2026-08-02,0,,,30
105198,Hyundai,Grand i10,2021,60788,B (Good),Kolkata,272100.0,287200.0,2026-08-29,0,,,3
105199,Mahindra,XUV700,2022,55720,B (Good),Chennai,1033200.0,1153900.0,2026-07-18,1,2026-08-17,1138200.0,30
105200,Honda,WR-V,2023,23721,B (Good),Kolkata,554900.0,583400.0,2026-06-28,1,2026-07-22,570200.0,24
105201,Toyota,Glanza,2022,55116,B (Good),Kolkata,407300.0,407800.0,2026-06-20,1,2026-07-24,384700.0,34
105202,Hyundai,Verna,2024,32566,B (Good),Delhi NCR,736000.0,809800.0,2026-07-26,0,,,37
105203,Maruti Suzuki,Ertiga,2018,109303,A (Excellent),Ahmedabad,328100.0,302900.0,2026-06-08,1,2026-07-01,287200.0,23
105204,Maruti Suzuki,Ertiga,2024,30705,C (Fair),Kolkata,523900.0,529400.0,2026-07-01,1,2026-08-15,512700.0,45
105205,Tata,Altroz,2020,69690,B (Good),Ahmedabad,316700.0,288900.0,2026-05-07,1,2026-06-09,273700.0,33
105206,Mahindra,Bolero,2022,49140,A (Excellent),Pune,476700.0,461200.0,2026-07-30,1,2026-08-30,434600.0,31
105207,Tata,Punch,2020,71528,B (Good),Delhi NCR,305900.0,330500.0,2026-08-15,0,,,17
105208,Kia,Seltos,2023,32588,C (Fair),Pune,729700.0,662000.0,2026-05-13,1,2026-06-04,630600.0,22
105209,Tata,Tiago,2022,51582,A (Excellent),Ahmedabad,326000.0,362100.0,2026-05-12,1,2026-06-16,351300.0,35
105210,Hyundai,Creta,2019,75910,A (Excellent),Kolkata,573500.0,556800.0,2026-08-26,0,,,6
105211,Maruti Suzuki,Dzire,2024,16604,B (Good),Mumbai,456800.0,453800.0,2026-07-14,1,2026-08-12,432600.0,29
105212,Tata,Tiago,2023,24907,A (Excellent),Ahmedabad,368400.0,410000.0,2026-07-04,1,2026-08-10,397500.0,37
105213,Toyota,Innova,2022,65546,A (Excellent),Hyderabad,1070800.0,1051600.0,2026-05-29,1,2026-06-21,1014400.0,23
105214,Honda,WR-V,2021,51967,B (Good),Pune,446200.0,472900.0,2026-07-14,1,2026-08-10,462800.0,27
105215,Mahindra,XUV300,2021,58720,C (Fair),Kolkata,409000.0,355300.0,2026-07-03,1,2026-07-27,349000.0,24
105216,Hyundai,i20,2024,27952,A (Excellent),Pune,521200.0,638100.0,2026-05-23,1,2026-07-23,609900.0,61
105217,Tata,Harrier,2022,58291,B (Good),Delhi NCR,905500.0,908300.0,2026-08-17,0,,,15
105218,Tata,Altroz,2022,45243,A (Excellent),Mumbai,424000.0,394800.0,2026-07-19,1,2026-08-13,371900.0,25
105219,Honda,WR-V,2018,94492,A (Excellent),Ahmedabad,346900.0,363800.0,2026-06-23,1,2026-07-30,343100.0,37
105220,Maruti Suzuki,WagonR,2023,43288,C (Fair),Kolkata,282400.0,296800.0,2026-06-27,1,2026-07-30,290400.0,33
105221,Honda,Jazz,2023,44892,A (Excellent),Delhi NCR,466100.0,530800.0,2026-05-20,1,2026-06-25,521400.0,36
105222,Hyundai,Venue,2016,127950,A (Excellent),Ahmedabad,266000.0,262300.0,2026-06-02,1,2026-07-07,250000.0,35
105223,Kia,Sonet,2019,82179,B (Good),Ahmedabad,366900.0,366700.0,2026-07-09,1,2026-08-07,360600.0,29
105224,Maruti Suzuki,Dzire,2022,48083,B (Good),Chennai,366100.0,397700.0,2026-05-18,1,2026-06-21,388900.0,34
105225,Tata,Altroz,2022,40025,B (Good),Pune,394700.0,366600.0,2026-05-12,1,2026-06-09,358800.0,28
105226,Maruti Suzuki,Baleno,2022,46590,B (Good),Kolkata,379300.0,361400.0,2026-08-26,0,,,6
105227,Mahindra,Bolero,2023,35883,B (Good),Mumbai,491800.0,515900.0,2026-07-08,1,2026-07-26,491600.0,18
105228,Maruti Suzuki,Baleno,2021,63420,B (Good),Delhi NCR,339100.0,382400.0,2026-06-13,1,2026-07-10,372600.0,27
105229,Honda,City,2020,79049,C (Fair),Hyderabad,409600.0,383300.0,2026-07-23,1,2026-08-16,377300.0,24
105230,Tata,Nexon,2019,85184,C (Fair),Ahmedabad,349700.0,384900.0,2026-08-22,0,,,10
105231,Toyota,Fortuner,2016,122663,B (Good),Mumbai,958100.0,1163400.0,2026-08-30,0,,,2
105232,Honda,City,2022,45357,A (Excellent),Kolkata,615300.0,630700.0,2026-07-22,0,,,41
105233,Mahindra,Scorpio,2019,90159,B (Good),Kolkata,568300.0,580300.0,2026-08-12,0,,,20
105234,Kia,Seltos,2020,82627,A (Excellent),Bengaluru,625700.0,634400.0,2026-05-09,1,2026-06-03,597200.0,25
105235,Mahindra,XUV700,2024,13114,C (Fair),Hyderabad,1173600.0,904200.0,2026-05-11,1,2026-05-23,873500.0,12
105236,Maruti Suzuki,Ertiga,2022,49869,B (Good),Ahmedabad,472600.0,457000.0,2026-07-09,1,2026-08-13,445200.0,35
105237,Tata,Punch,2020,72603,C (Fair),Bengaluru,275000.0,324000.0,2026-08-02,1,2026-08-29,312500.0,27
105238,Tata,Tiago,2018,78487,A (Excellent),Hyderabad,217200.0,228000.0,2026-05-30,1,2026-06-19,220800.0,20
105239,Honda,City,2022,61997,B (Good),Chennai,559800.0,509600.0,2026-06-15,1,2026-07-10,488300.0,25
105240,Maruti Suzuki,Baleno,2016,108631,B (Good),Mumbai,201400.0,192300.0,2026-06-03,1,2026-06-17,185800.0,14
105241,Honda,Jazz,2023,35155,A (Excellent),Hyderabad,470800.0,446500.0,2026-06-18,1,2026-07-15,439300.0,27
105242,Maruti Suzuki,Swift,2020,66304,B (Good),Ahmedabad,282000.0,311100.0,2026-08-01,0,,,31
105243,Mahindra,XUV300,2021,54774,B (Good),Hyderabad,456300.0,506400.0,2026-06-26,1,2026-07-29,491100.0,33
105244,Honda,Jazz,2022,54781,B (Good),Bengaluru,388600.0,343600.0,2026-05-21,1,2026-06-09,324600.0,19
105245,Maruti Suzuki,Baleno,2022,36074,C (Fair),Delhi NCR,345200.0,347400.0,2026-06-14,1,2026-07-12,333200.0,28
105246,Kia,Carens,2022,50787,B (Good),Ahmedabad,660900.0,675500.0,2026-08-10,0,,,22
105247,Mahindra,XUV300,2021,51950,B (Good),Kolkata,457700.0,422300.0,2026-06-19,1,2026-07-06,401400.0,17
105248,Maruti Suzuki,Swift,2023,31460,C (Fair),Pune,349400.0,338000.0,2026-07-16,1,2026-08-06,329400.0,21
105249,Maruti Suzuki,Ertiga,2021,63373,B (Good),Ahmedabad,423900.0,400700.0,2026-07-25,1,2026-08-21,388800.0,27
105250,Honda,Jazz,2021,60209,C (Fair),Bengaluru,316500.0,310400.0,2026-08-27,0,,,5
105251,Tata,Punch,2024,32040,B (Good),Ahmedabad,465100.0,480100.0,2026-08-14,0,,,18
105252,Maruti Suzuki,Swift,2024,25466,B (Good),Chennai,429200.0,464200.0,2026-06-08,1,2026-07-15,443000.0,37
105253,Mahindra,XUV700,2021,49069,A (Excellent),Hyderabad,1022600.0,1065900.0,2026-08-09,0,,,23
105254,Honda,City,2022,38832,B (Good),Mumbai,573700.0,615000.0,2026-05-22,1,2026-06-12,601400.0,21
105255,Mahindra,Scorpio,2018,108443,C (Fair),Delhi NCR,456100.0,487700.0,2026-07-07,1,2026-07-30,473200.0,23
105256,Tata,Punch,2019,84630,B (Good),Hyderabad,274500.0,270100.0,2026-08-09,0,,,23
105257,Maruti Suzuki,WagonR,2023,34735,B (Good),Bengaluru,316500.0,299700.0,2026-06-03,1,2026-06-20,291200.0,17
105258,Mahindra,XUV300,2022,56538,C (Fair),Mumbai,450500.0,420900.0,2026-07-22,1,2026-08-26,413700.0,35
105259,Hyundai,Creta,2024,25962,B (Good),Kolkata,897000.0,882800.0,2026-05-20,1,2026-07-06,861500.0,47
105260,Maruti Suzuki,WagonR,2024,20767,C (Fair),Delhi NCR,317600.0,382700.0,2026-06-13,1,2026-07-29,366100.0,46
105261,Honda,City,2023,26054,C (Fair),Ahmedabad,574900.0,515600.0,2026-05-19,1,2026-06-15,490800.0,27
105262,Toyota,Fortuner,2023,33312,B (Good),Pune,2042900.0,1998100.0,2026-08-19,0,,,13
105263,Kia,Sonet,2023,42002,A (Excellent),Delhi NCR,603200.0,505900.0,2026-05-25,1,2026-06-08,494200.0,14
105264,Honda,WR-V,2023,30823,A (Excellent),Chennai,595000.0,574600.0,2026-06-02,1,2026-07-03,549300.0,31
105265,Honda,Amaze,2017,107506,B (Good),Mumbai,221600.0,232100.0,2026-06-26,1,2026-07-29,220700.0,33
105266,Mahindra,Scorpio,2023,36741,C (Fair),Hyderabad,789700.0,730300.0,2026-06-08,1,2026-07-14,715300.0,36
105267,Tata,Harrier,2023,29613,B (Good),Mumbai,1025400.0,1037600.0,2026-05-14,1,2026-06-16,1009200.0,33
105268,Mahindra,XUV700,2023,24173,A (Excellent),Pune,1267200.0,1389600.0,2026-08-21,0,,,11
105269,Hyundai,Creta,2023,56017,B (Good),Chennai,791100.0,817100.0,2026-05-19,1,2026-06-12,769500.0,24
105270,Mahindra,Bolero,2023,39099,B (Good),Chennai,490200.0,512400.0,2026-06-08,1,2026-07-16,495100.0,38
105271,Maruti Suzuki,Ertiga,2021,60242,B (Good),Hyderabad,425300.0,396500.0,2026-06-03,1,2026-06-15,389300.0,12
105272,Maruti Suzuki,Dzire,2021,57547,C (Fair),Ahmedabad,296900.0,297300.0,2026-05-15,1,2026-06-19,285400.0,35
105273,Maruti Suzuki,Baleno,2024,25346,A (Excellent),Bengaluru,505800.0,521100.0,2026-08-28,0,,,4
105274,Mahindra,XUV700,2024,27245,B (Good),Chennai,1285300.0,1413700.0,2026-07-16,1,2026-08-26,1369800.0,41
105275,Maruti Suzuki,WagonR,2020,75346,C (Fair),Bengaluru,205600.0,167700.0,2026-08-31,0,,,1
105276,Maruti Suzuki,Dzire,2019,75899,A (Excellent),Ahmedabad,289300.0,310200.0,2026-06-14,1,2026-07-25,305100.0,41
105277,Mahindra,Scorpio,2019,92966,C (Fair),Hyderabad,509900.0,557200.0,2026-08-30,0,,,2
105278,Maruti Suzuki,WagonR,2021,65733,B (Good),Bengaluru,253700.0,239600.0,2026-05-17,1,2026-06-05,236700.0,19
105279,Tata,Nexon,2023,38218,A (Excellent),Hyderabad,643400.0,637800.0,2026-07-19,1,2026-08-15,603000.0,27
105280,Maruti Suzuki,WagonR,2023,42877,B (Good),Ahmedabad,313900.0,294200.0,2026-08-24,0,,,8
105281,Mahindra,Bolero,2022,39622,B (Good),Delhi NCR,445800.0,459600.0,2026-08-24,0,,,8
105282,Honda,WR-V,2021,53596,C (Fair),Hyderabad,400900.0,380200.0,2026-05-19,1,2026-06-15,360300.0,27
105283,Mahindra,Bolero,2021,58111,A (Excellent),Delhi NCR,429700.0,488800.0,2026-06-13,1,2026-07-11,478300.0,28
105284,Honda,WR-V,2021,56018,A (Excellent),Chennai,479900.0,489600.0,2026-08-10,0,,,22
105285,Hyundai,i20,2021,58093,B (Good),Hyderabad,352400.0,323500.0,2026-05-20,1,2026-06-23,314800.0,34
105286,Maruti Suzuki,Dzire,2023,39574,A (Excellent),Pune,438400.0,448600.0,2026-08-12,0,,,20
105287,Mahindra,Bolero,2022,50610,C (Fair),Chennai,396600.0,409100.0,2026-05-23,1,2026-07-08,394300.0,46
105288,Tata,Altroz,2024,32795,C (Fair),Delhi NCR,432200.0,425000.0,2026-06-30,1,2026-07-25,417000.0,25
105289,Tata,Nexon,2024,26004,C (Fair),Pune,596700.0,591000.0,2026-07-04,1,2026-07-28,556600.0,24
105290,Maruti Suzuki,Swift,2020,69261,A (Excellent),Kolkata,303600.0,337900.0,2026-08-29,0,,,3
105291,Hyundai,Creta,2016,117738,A (Excellent),Bengaluru,412600.0,492400.0,2026-06-16,1,2026-07-22,471700.0,36
105292,Maruti Suzuki,Baleno,2018,100736,B (Good),Chennai,245400.0,245600.0,2026-08-10,1,2026-08-30,232200.0,20
105293,Kia,Sonet,2020,65088,B (Good),Kolkata,410700.0,453900.0,2026-07-28,0,,,35
105294,Tata,Altroz,2024,25666,A (Excellent),Chennai,522500.0,505300.0,2026-05-10,1,2026-06-15,492400.0,36
105295,Hyundai,i20,2021,55312,B (Good),Hyderabad,353500.0,384000.0,2026-06-13,1,2026-07-20,362700.0,37
105296,Tata,Punch,2022,63832,B (Good),Chennai,372500.0,367900.0,2026-05-31,1,2026-06-26,360200.0,26
105297,Mahindra,Scorpio,2023,34521,B (Good),Kolkata,879500.0,908000.0,2026-05-29,1,2026-06-30,873800.0,32
105298,Tata,Harrier,2017,92739,C (Fair),Ahmedabad,490000.0,519900.0,2026-07-01,1,2026-08-10,492600.0,40
105299,Maruti Suzuki,Dzire,2024,16195,C (Fair),Hyderabad,411200.0,396900.0,2026-06-27,1,2026-07-18,388200.0,21
105300,Kia,Sonet,2017,101535,B (Good),Mumbai,297400.0,288000.0,2026-05-24,1,2026-06-11,283100.0,18
105301,Mahindra,XUV300,2020,77247,B (Good),Delhi NCR,405400.0,355400.0,2026-05-20,1,2026-05-26,338800.0,6
105302,Honda,WR-V,2017,110975,B (Good),Mumbai,287000.0,272700.0,2026-05-12,1,2026-06-05,261700.0,24
105303,Hyundai,Grand i10,2024,22334,B (Good),Bengaluru,375800.0,405600.0,2026-05-30,1,2026-06-29,392800.0,30
105304,Kia,Seltos,2019,85819,A (Excellent),Mumbai,567400.0,520200.0,2026-07-13,1,2026-08-06,507300.0,24
105305,Hyundai,Grand i10,2020,65945,C (Fair),Ahmedabad,221600.0,216300.0,2026-06-24,1,2026-07-23,206100.0,29
105306,Hyundai,Creta,2021,56545,A (Excellent),Delhi NCR,707100.0,588200.0,2026-07-17,1,2026-07-31,573400.0,14
105307,Tata,Tiago,2020,84437,A (Excellent),Chennai,260600.0,198100.0,2026-08-14,1,2026-08-25,194500.0,11
105308,Maruti Suzuki,WagonR,2020,66360,B (Good),Hyderabad,230700.0,235600.0,2026-06-09,1,2026-06-29,226100.0,20
105309,Honda,Jazz,2019,83380,B (Good),Delhi NCR,284000.0,300900.0,2026-07-17,1,2026-07-31,295000.0,14
105310,Tata,Altroz,2023,35508,B (Good),Delhi NCR,435800.0,447200.0,2026-05-20,1,2026-06-07,433100.0,18
105311,Tata,Tiago,2018,92223,C (Fair),Delhi NCR,178300.0,166300.0,2026-07-29,1,2026-08-20,163400.0,22
105312,Maruti Suzuki,Ertiga,2024,22449,B (Good),Kolkata,587100.0,635500.0,2026-05-31,1,2026-07-22,618400.0,52
105313,Mahindra,Bolero,2018,104165,C (Fair),Chennai,256600.0,238100.0,2026-07-21,1,2026-08-02,228900.0,12
105314,Mahindra,XUV300,2018,96227,B (Good),Bengaluru,328800.0,315800.0,2026-07-18,1,2026-08-18,300100.0,31
105315,Maruti Suzuki,WagonR,2022,50363,B (Good),Kolkata,283400.0,283300.0,2026-07-11,1,2026-08-13,274000.0,33
105316,Honda,City,2023,35657,A (Excellent),Bengaluru,683100.0,648700.0,2026-06-28,1,2026-07-24,616500.0,26
105317,Honda,Amaze,2017,95517,B (Good),Mumbai,224600.0,257500.0,2026-07-30,0,,,33
105318,Maruti Suzuki,Dzire,2024,41907,A (Excellent),Delhi NCR,480600.0,419400.0,2026-07-12,1,2026-07-19,400000.0,7
105319,Honda,City,2023,33874,C (Fair),Delhi NCR,570300.0,562800.0,2026-05-15,1,2026-06-09,551900.0,25
105320,Hyundai,Venue,2024,14240,B (Good),Bengaluru,592000.0,633300.0,2026-05-07,1,2026-06-08,607900.0,32
105321,Toyota,Innova,2019,81509,C (Fair),Ahmedabad,660900.0,622800.0,2026-06-25,1,2026-07-17,607000.0,22
105322,Hyundai,Creta,2021,60457,B (Good),Delhi NCR,652000.0,658400.0,2026-07-09,1,2026-08-02,627500.0,24
105323,Tata,Altroz,2022,36159,A (Excellent),Mumbai,428000.0,445000.0,2026-07-20,1,2026-08-19,438500.0,30
105324,Mahindra,Scorpio,2023,26635,B (Good),Ahmedabad,886600.0,919000.0,2026-08-09,0,,,23
105325,Honda,WR-V,2018,69681,B (Good),Mumbai,330000.0,274300.0,2026-07-13,1,2026-07-27,267900.0,14
105326,Hyundai,Grand i10,2023,46085,C (Fair),Kolkata,300300.0,317300.0,2026-08-18,0,,,14
105327,Toyota,Glanza,2021,55132,B (Good),Chennai,370600.0,346200.0,2026-05-05,1,2026-06-02,336100.0,28
105328,Hyundai,Verna,2021,72393,B (Good),Kolkata,531800.0,503800.0,2026-07-07,1,2026-08-08,473700.0,32
105329,Maruti Suzuki,Swift,2020,66863,C (Fair),Delhi NCR,253700.0,217200.0,2026-05-22,1,2026-05-31,213500.0,9
105330,Mahindra,Bolero,2020,74994,B (Good),Hyderabad,355600.0,370100.0,2026-06-28,1,2026-07-22,361100.0,24
105331,Maruti Suzuki,Ertiga,2021,60024,A (Excellent),Bengaluru,459500.0,507400.0,2026-05-14,1,2026-06-05,498800.0,22
105332,Hyundai,Venue,2016,115534,B (Good),Delhi NCR,249800.0,258300.0,2026-05-07,1,2026-05-19,249800.0,12
105333,Hyundai,Grand i10,2023,35983,C (Fair),Mumbai,303500.0,303900.0,2026-07-12,1,2026-08-03,291700.0,22
105334,Hyundai,Verna,2020,76955,A (Excellent),Mumbai,520100.0,535800.0,2026-05-06,1,2026-06-01,518000.0,26
105335,Kia,Seltos,2016,131464,A (Excellent),Bengaluru,406200.0,406300.0,2026-07-26,1,2026-08-26,399000.0,31
105336,Hyundai,Grand i10,2019,92095,C (Fair),Chennai,196000.0,166400.0,2026-08-14,0,,,18
105337,Hyundai,Grand i10,2024,14768,A (Excellent),Bengaluru,409000.0,374000.0,2026-07-02,1,2026-07-19,361200.0,17
105338,Hyundai,i20,2023,42087,B (Good),Kolkata,432800.0,375000.0,2026-06-13,1,2026-06-22,363000.0,9
105339,Maruti Suzuki,Ertiga,2023,33462,A (Excellent),Kolkata,570500.0,572200.0,2026-06-19,1,2026-07-23,561400.0,34
105340,Toyota,Fortuner,2020,66375,B (Good),Chennai,1486800.0,1700100.0,2026-06-14,1,2026-07-28,1664500.0,44
105341,Tata,Tiago,2024,19312,B (Good),Chennai,377000.0,361900.0,2026-08-10,0,,,22
105342,Kia,Sonet,2020,56917,B (Good),Mumbai,414300.0,410900.0,2026-07-07,1,2026-07-28,388100.0,21
105343,Mahindra,XUV700,2024,11936,B (Good),Ahmedabad,1305500.0,1163000.0,2026-07-11,1,2026-08-06,1101300.0,26
105344,Maruti Suzuki,Swift,2023,51820,A (Excellent),Kolkata,410400.0,442600.0,2026-07-30,0,,,33
105345,Hyundai,Venue,2020,74949,B (Good),Hyderabad,381000.0,391100.0,2026-07-24,1,2026-08-23,373900.0,30
105346,Tata,Tiago,2022,44202,B (Good),Chennai,304200.0,312700.0,2026-06-05,1,2026-07-08,296800.0,33
105347,Honda,WR-V,2023,31232,A (Excellent),Delhi NCR,594700.0,584500.0,2026-06-27,1,2026-07-12,562800.0,15
105348,Hyundai,Verna,2022,54469,C (Fair),Mumbai,536100.0,550000.0,2026-06-02,1,2026-06-25,526800.0,23
105349,Honda,Jazz,2024,31552,C (Fair),Bengaluru,432700.0,404400.0,2026-05-12,1,2026-05-25,400000.0,13
105350,Tata,Punch,2021,57470,A (Excellent),Ahmedabad,368600.0,338600.0,2026-07-05,1,2026-07-27,322800.0,22
105351,Hyundai,i20,2016,119392,A (Excellent),Delhi NCR,222100.0,239100.0,2026-05-24,1,2026-06-22,236700.0,29
105352,Tata,Punch,2023,33638,B (Good),Mumbai,422500.0,393500.0,2026-08-31,0,,,1
105353,Hyundai,Creta,2023,28429,B (Good),Mumbai,814200.0,780900.0,2026-06-25,1,2026-07-23,736600.0,28
105354,Mahindra,Bolero,2024,20165,B (Good),Ahmedabad,549300.0,575000.0,2026-05-18,1,2026-06-24,556800.0,37
105355,Maruti Suzuki,Baleno,2022,44369,B (Good),Chennai,380200.0,473900.0,2026-06-01,1,2026-07-14,451100.0,43
105356,Mahindra,Scorpio,2017,110484,B (Good),Kolkata,460100.0,451100.0,2026-05-07,1,2026-06-15,428200.0,39
105357,Tata,Nexon,2020,79964,A (Excellent),Bengaluru,463800.0,521500.0,2026-05-20,1,2026-06-16,512300.0,27
105358,Mahindra,XUV700,2022,53906,B (Good),Bengaluru,1035200.0,1058800.0,2026-05-22,1,2026-06-16,1044900.0,25
105359,Maruti Suzuki,Dzire,2022,51957,C (Fair),Pune,328200.0,358100.0,2026-05-19,1,2026-06-10,353900.0,22
105360,Mahindra,Scorpio,2023,25056,B (Good),Delhi NCR,888100.0,812300.0,2026-08-20,1,2026-08-31,803300.0,11
105361,Toyota,Innova,2024,13869,A (Excellent),Hyderabad,1364600.0,1431900.0,2026-07-18,1,2026-08-24,1377100.0,37
105362,Tata,Harrier,2022,39665,B (Good),Hyderabad,923400.0,785800.0,2026-07-23,1,2026-08-12,743800.0,20
105363,Toyota,Glanza,2023,31447,A (Excellent),Kolkata,495500.0,540300.0,2026-08-15,0,,,17
105364,Honda,Amaze,2021,71081,C (Fair),Delhi NCR,302700.0,287600.0,2026-07-29,1,2026-08-20,274800.0,22
105365,Hyundai,Grand i10,2021,55792,B (Good),Mumbai,273500.0,287600.0,2026-05-08,1,2026-05-29,279100.0,21
105366,Hyundai,Venue,2022,39814,B (Good),Delhi NCR,477600.0,519300.0,2026-06-23,1,2026-07-23,493200.0,30
105367,Tata,Harrier,2020,62757,B (Good),Kolkata,746300.0,850500.0,2026-08-27,0,,,5
105368,Mahindra,XUV700,2022,52178,B (Good),Pune,1037100.0,940800.0,2026-07-24,1,2026-08-05,926100.0,12
105369,Mahindra,XUV300,2021,68992,C (Fair),Ahmedabad,404500.0,346800.0,2026-06-20,1,2026-07-18,327100.0,28
105370,Maruti Suzuki,Ertiga,2017,106857,B (Good),Bengaluru,277200.0,309000.0,2026-07-12,1,2026-08-04,303300.0,23
105371,Mahindra,XUV700,2022,55006,B (Good),Chennai,1034000.0,1061100.0,2026-06-25,1,2026-07-30,1031900.0,35
105372,Mahindra,XUV300,2021,63405,C (Fair),Hyderabad,406900.0,335100.0,2026-07-13,1,2026-08-01,326900.0,19
105373,Mahindra,XUV700,2021,60388,A (Excellent),Pune,1010400.0,1121000.0,2026-07-17,1,2026-08-15,1071200.0,29
105374,Honda,Amaze,2020,84834,B (Good),Pune,301500.0,263000.0,2026-08-05,0,,,27
105375,Hyundai,Verna,2016,121204,B (Good),Pune,314400.0,358100.0,2026-08-10,0,,,22
105376,Maruti Suzuki,Swift,2020,76685,B (Good),Bengaluru,278900.0,322800.0,2026-07-28,0,,,35
105377,Kia,Sonet,2024,23907,B (Good),Ahmedabad,625300.0,586300.0,2026-08-03,1,2026-08-30,579200.0,27
105378,Hyundai,Creta,2023,36743,C (Fair),Hyderabad,726500.0,704900.0,2026-06-18,1,2026-07-07,688600.0,19
105379,Tata,Altroz,2023,39044,A (Excellent),Chennai,468900.0,470700.0,2026-05-27,1,2026-06-25,463600.0,29
105380,Hyundai,Grand i10,2021,61475,B (Good),Kolkata,271900.0,268100.0,2026-08-13,0,,,19
105381,Mahindra,XUV300,2018,93854,B (Good),Bengaluru,329700.0,332500.0,2026-07-21,1,2026-08-11,314300.0,21
105382,Tata,Nexon,2022,50287,A (Excellent),Kolkata,578200.0,520400.0,2026-06-07,1,2026-07-02,490300.0,25
105383,Hyundai,Grand i10,2020,74281,C (Fair),Delhi NCR,219600.0,230500.0,2026-06-13,1,2026-07-12,220000.0,29
105384,Honda,City,2021,55216,B (Good),Ahmedabad,513100.0,589700.0,2026-05-28,1,2026-07-07,565200.0,40
105385,Honda,Jazz,2022,46172,C (Fair),Mumbai,352900.0,344100.0,2026-07-31,1,2026-08-20,329600.0,20
105386,Kia,Carens,2016,129564,A (Excellent),Mumbai,371700.0,366300.0,2026-06-20,1,2026-07-16,358800.0,26
105387,Maruti Suzuki,Baleno,2021,58811,A (Excellent),Delhi NCR,368000.0,304200.0,2026-07-07,1,2026-07-17,295600.0,10
105388,Hyundai,Creta,2021,66471,C (Fair),Chennai,583100.0,619300.0,2026-06-03,1,2026-07-10,606100.0,37
105389,Tata,Nexon,2020,80488,B (Good),Ahmedabad,429200.0,409800.0,2026-08-29,0,,,3
105390,Kia,Carens,2021,59028,B (Good),Kolkata,596200.0,600200.0,2026-06-04,1,2026-07-05,584400.0,31
105391,Tata,Tiago,2024,30560,B (Good),Delhi NCR,372600.0,370000.0,2026-08-19,0,,,13
105392,Mahindra,Scorpio,2021,56788,A (Excellent),Ahmedabad,768400.0,747600.0,2026-06-12,1,2026-07-11,719800.0,29
105393,Honda,WR-V,2021,51525,B (Good),Hyderabad,446400.0,433700.0,2026-07-01,1,2026-07-23,421800.0,22
105394,Kia,Seltos,2020,69577,B (Good),Mumbai,587600.0,670600.0,2026-08-02,0,,,30
105395,Hyundai,Creta,2022,62870,B (Good),Ahmedabad,714700.0,914700.0,2026-05-24,1,2026-07-13,890800.0,50
105396,Kia,Seltos,2022,55415,A (Excellent),Pune,778000.0,860700.0,2026-07-14,1,2026-08-11,826300.0,28
105397,Hyundai,Venue,2021,57010,C (Fair),Delhi NCR,384100.0,359600.0,2026-07-27,1,2026-08-17,339200.0,21
105398,Tata,Harrier,2020,66334,C (Fair),Bengaluru,669100.0,725700.0,2026-05-23,1,2026-06-19,698100.0,27
105399,Maruti Suzuki,Baleno,2018,86049,B (Good),Hyderabad,249400.0,250300.0,2026-08-27,0,,,5
105400,Maruti Suzuki,Ertiga,2016,114798,B (Good),Mumbai,250000.0,263800.0,2026-07-16,1,2026-08-08,251600.0,23
105401,Hyundai,Grand i10,2020,62831,A (Excellent),Chennai,266800.0,306200.0,2026-07-02,1,2026-08-08,295900.0,37
105402,Tata,Nexon,2023,28019,B (Good),Kolkata,602100.0,630300.0,2026-06-12,1,2026-07-11,606000.0,29
105403,Kia,Seltos,2022,54957,B (Good),Pune,720700.0,755800.0,2026-08-03,0,,,29
105404,Toyota,Innova,2023,17178,B (Good),Delhi NCR,1145900.0,1008500.0,2026-08-09,1,2026-08-23,983500.0,14
105405,Mahindra,Bolero,2019,80406,B (Good),Mumbai,321700.0,357400.0,2026-05-08,1,2026-06-21,351800.0,44
105406,Maruti Suzuki,Dzire,2018,97689,A (Excellent),Pune,257000.0,267400.0,2026-05-10,1,2026-06-09,251600.0,30
105407,Maruti Suzuki,Ertiga,2017,107537,A (Excellent),Chennai,299200.0,277100.0,2026-08-03,1,2026-08-22,263800.0,19
105408,Toyota,Fortuner,2022,40855,B (Good),Delhi NCR,1844500.0,1785000.0,2026-06-09,1,2026-07-03,1678300.0,24
105409,Hyundai,Creta,2019,74039,B (Good),Hyderabad,532100.0,435300.0,2026-08-29,0,,,3
105410,Tata,Punch,2024,29588,B (Good),Delhi NCR,466300.0,457800.0,2026-06-10,1,2026-06-20,436800.0,10
105411,Toyota,Fortuner,2021,64374,A (Excellent),Kolkata,1768400.0,1798100.0,2026-05-17,1,2026-06-27,1704000.0,41
105412,Maruti Suzuki,Baleno,2021,50330,A (Excellent),Mumbai,371400.0,446900.0,2026-08-03,0,,,29
105413,Maruti Suzuki,Dzire,2021,55451,B (Good),Hyderabad,330600.0,328700.0,2026-06-03,1,2026-06-28,324600.0,25
105414,Mahindra,Scorpio,2022,50926,B (Good),Ahmedabad,786700.0,714000.0,2026-06-23,1,2026-07-16,690500.0,23
105415,Tata,Tiago,2022,59387,A (Excellent),Delhi NCR,323400.0,258300.0,2026-06-26,1,2026-07-07,248400.0,11
105416,Hyundai,i20,2024,37653,B (Good),Delhi NCR,477800.0,496400.0,2026-05-21,1,2026-06-22,469100.0,32
105417,Maruti Suzuki,Ertiga,2024,25359,C (Fair),Chennai,526800.0,507600.0,2026-07-29,1,2026-08-26,500100.0,28
105418,Tata,Punch,2022,52224,B (Good),Kolkata,377100.0,352000.0,2026-06-19,1,2026-07-17,339800.0,28
105419,Tata,Harrier,2021,71842,B (Good),Kolkata,812200.0,785600.0,2026-05-05,1,2026-06-04,749000.0,30
105420,Maruti Suzuki,Baleno,2021,56502,A (Excellent),Bengaluru,368900.0,311500.0,2026-08-07,1,2026-08-17,304900.0,10
105421,Tata,Altroz,2024,40928,B (Good),Hyderabad,476200.0,503000.0,2026-08-09,0,,,23
105422,Tata,Tiago,2020,74095,B (Good),Chennai,244100.0,264300.0,2026-06-22,1,2026-07-26,250100.0,34
105423,Hyundai,Verna,2017,107081,C (Fair),Chennai,315900.0,303900.0,2026-06-22,1,2026-07-24,300000.0,32
105424,Honda,Jazz,2017,95099,C (Fair),Delhi NCR,209000.0,238100.0,2026-07-13,1,2026-08-06,227700.0,24
105425,Tata,Altroz,2023,47128,B (Good),Kolkata,430500.0,433100.0,2026-05-13,1,2026-06-14,409000.0,32
105426,Maruti Suzuki,Swift,2022,49362,B (Good),Ahmedabad,346700.0,358800.0,2026-08-17,0,,,15
105427,Maruti Suzuki,Swift,2017,104361,B (Good),Pune,203800.0,199800.0,2026-06-17,1,2026-06-30,192000.0,13
105428,Kia,Sonet,2022,38975,A (Excellent),Kolkata,550600.0,577400.0,2026-08-23,0,,,9
105429,Kia,Seltos,2021,63713,B (Good),Ahmedabad,649800.0,717900.0,2026-07-10,1,2026-08-17,690500.0,38
105430,Hyundai,i20,2021,55805,C (Fair),Bengaluru,317900.0,329600.0,2026-08-09,0,,,23
105431,Kia,Carens,2023,39340,A (Excellent),Ahmedabad,793900.0,814200.0,2026-08-18,0,,,14
105432,Mahindra,XUV700,2020,63877,B (Good),Chennai,848200.0,723100.0,2026-07-29,1,2026-08-12,714700.0,14
105433,Maruti Suzuki,WagonR,2019,76661,B (Good),Hyderabad,207600.0,220500.0,2026-06-29,1,2026-08-03,214500.0,35
105434,Tata,Nexon,2020,60840,B (Good),Hyderabad,438400.0,390200.0,2026-08-22,0,,,10
105435,Toyota,Innova,2019,88810,B (Good),Pune,728600.0,706200.0,2026-07-16,1,2026-08-16,698300.0,31
105436,Hyundai,Creta,2019,83309,C (Fair),Ahmedabad,474100.0,494500.0,2026-06-08,1,2026-07-08,476100.0,30
105437,Maruti Suzuki,Dzire,2022,33148,C (Fair),Mumbai,334700.0,351300.0,2026-07-27,0,,,36
105438,Maruti Suzuki,Dzire,2023,46395,B (Good),Pune,403100.0,413600.0,2026-08-28,0,,,4
105439,Hyundai,Creta,2016,125784,B (Good),Chennai,378600.0,369800.0,2026-06-25,1,2026-07-22,357000.0,27
105440,Mahindra,XUV700,2020,75778,B (Good),Hyderabad,837400.0,899800.0,2026-05-15,1,2026-06-14,872800.0,30
105441,Honda,City,2021,72190,A (Excellent),Mumbai,544200.0,552600.0,2026-05-30,1,2026-06-22,519500.0,23
105442,Mahindra,XUV700,2024,21666,B (Good),Kolkata,1292700.0,1333000.0,2026-07-19,1,2026-08-16,1302800.0,28
105443,Tata,Punch,2022,55364,B (Good),Pune,375900.0,406200.0,2026-06-21,1,2026-07-24,392700.0,33
105444,Mahindra,Bolero,2018,93591,C (Fair),Pune,259700.0,241200.0,2026-06-13,1,2026-06-27,233000.0,14
105445,Tata,Altroz,2023,26947,A (Excellent),Chennai,474800.0,482100.0,2026-07-28,0,,,35
105446,Maruti Suzuki,Ertiga,2020,83378,B (Good),Bengaluru,377500.0,355200.0,2026-08-14,0,,,18
105447,Hyundai,Verna,2022,48067,A (Excellent),Chennai,647700.0,529700.0,2026-05-31,1,2026-06-21,499800.0,21
105448,Tata,Harrier,2018,96184,A (Excellent),Mumbai,643600.0,606900.0,2026-06-18,1,2026-07-11,599900.0,23
105449,Hyundai,i20,2024,31462,C (Fair),Kolkata,432800.0,436300.0,2026-06-18,1,2026-07-19,411900.0,31
105450,Hyundai,Venue,2018,107560,B (Good),Kolkata,304400.0,263100.0,2026-06-03,1,2026-06-26,247400.0,23
105451,Toyota,Innova,2020,100373,B (Good),Pune,790400.0,637900.0,2026-06-14,1,2026-06-23,622800.0,9
105452,Kia,Sonet,2022,54486,B (Good),Mumbai,501600.0,468400.0,2026-07-22,1,2026-08-05,457100.0,14
105453,Maruti Suzuki,Ertiga,2017,106574,B (Good),Hyderabad,277300.0,264200.0,2026-08-16,0,,,16
105454,Toyota,Fortuner,2016,119899,B (Good),Mumbai,961100.0,877400.0,2026-06-28,1,2026-07-17,851000.0,19
105455,Tata,Tiago,2019,98049,C (Fair),Delhi NCR,194700.0,197200.0,2026-05-12,1,2026-06-01,191700.0,20
105456,Mahindra,Scorpio,2022,43351,B (Good),Chennai,793000.0,665400.0,2026-05-18,1,2026-05-29,651500.0,11
105457,Honda,Jazz,2023,31911,C (Fair),Bengaluru,393700.0,334400.0,2026-08-17,0,,,15
105458,Hyundai,Creta,2023,35751,A (Excellent),Ahmedabad,872700.0,759400.0,2026-07-05,1,2026-07-31,745600.0,26
105459,Hyundai,Creta,2023,29316,C (Fair),Ahmedabad,732100.0,693700.0,2026-07-12,1,2026-07-31,671900.0,19
105460,Maruti Suzuki,Swift,2021,50284,A (Excellent),Bengaluru,340400.0,345000.0,2026-05-05,1,2026-05-28,328800.0,23
105461,Hyundai,i20,2021,54737,B (Good),Chennai,353700.0,298400.0,2026-08-29,0,,,3
105462,Maruti Suzuki,Dzire,2022,52237,A (Excellent),Hyderabad,393700.0,392800.0,2026-05-30,1,2026-06-24,381700.0,25
105463,Maruti Suzuki,Dzire,2024,35475,C (Fair),Chennai,403200.0,384500.0,2026-07-15,1,2026-08-15,378100.0,31
105464,Honda,Amaze,2023,44236,C (Fair),Kolkata,376100.0,359100.0,2026-06-09,1,2026-07-04,342400.0,25
105465,Honda,WR-V,2019,84165,B (Good),Ahmedabad,357000.0,330500.0,2026-05-12,1,2026-05-25,320400.0,13
105466,Honda,Amaze,2021,69089,B (Good),Chennai,337100.0,308400.0,2026-05-29,1,2026-06-25,301200.0,27
105467,Tata,Nexon,2021,60124,B (Good),Delhi NCR,482100.0,478100.0,2026-06-09,1,2026-07-04,463600.0,25
105468,Tata,Nexon,2020,79351,A (Excellent),Mumbai,464100.0,479400.0,2026-06-03,1,2026-06-26,464300.0,23
105469,Mahindra,XUV300,2024,43332,B (Good),Bengaluru,612900.0,671300.0,2026-06-06,1,2026-07-09,651800.0,33
105470,Toyota,Glanza,2019,86706,B (Good),Ahmedabad,296700.0,293000.0,2026-06-27,1,2026-07-27,281900.0,30
105471,Honda,WR-V,2021,58207,B (Good),Hyderabad,443300.0,423600.0,2026-06-07,1,2026-06-24,412600.0,17
105472,Tata,Nexon,2022,34054,C (Fair),Kolkata,490000.0,440900.0,2026-05-14,1,2026-05-27,425600.0,13
105473,Kia,Seltos,2024,37254,C (Fair),Kolkata,798000.0,803200.0,2026-05-21,1,2026-06-21,771100.0,31
105474,Honda,Jazz,2021,61581,A (Excellent),Bengaluru,379200.0,360900.0,2026-05-30,1,2026-06-23,346900.0,24
105475,Toyota,Innova,2024,33314,C (Fair),Ahmedabad,1114700.0,1173700.0,2026-05-13,1,2026-06-19,1161200.0,37
105476,Maruti Suzuki,Dzire,2024,28522,B (Good),Kolkata,451200.0,442200.0,2026-05-12,1,2026-06-09,420300.0,28
105477,Hyundai,Verna,2023,39985,B (Good),Mumbai,664600.0,580400.0,2026-06-12,1,2026-06-29,551700.0,17
105478,Mahindra,XUV700,2018,97187,B (Good),Kolkata,677400.0,659000.0,2026-08-13,0,,,19
105479,Hyundai,Grand i10,2021,53121,C (Fair),Hyderabad,246800.0,211800.0,2026-08-23,0,,,9
105480,Hyundai,Grand i10,2016,105438,C (Fair),Pune,145500.0,132500.0,2026-08-16,1,2026-08-30,130100.0,14
105481,Honda,City,2019,78540,A (Excellent),Bengaluru,447600.0,471100.0,2026-07-28,1,2026-08-30,464900.0,33
105482,Tata,Nexon,2024,25592,B (Good),Bengaluru,663300.0,647800.0,2026-08-26,0,,,6
105483,Maruti Suzuki,Baleno,2022,46235,A (Excellent),Chennai,409800.0,378700.0,2026-05-12,1,2026-06-04,365700.0,23
105484,Toyota,Fortuner,2024,41607,B (Good),Chennai,2225700.0,2062800.0,2026-07-19,1,2026-08-20,1940600.0,32
105485,Hyundai,Venue,2018,101088,B (Good),Hyderabad,306600.0,300900.0,2026-08-23,0,,,9
105486,Toyota,Glanza,2017,104034,A (Excellent),Bengaluru,260300.0,290700.0,2026-06-07,1,2026-07-04,286200.0,27
105487,Mahindra,XUV700,2024,28277,A (Excellent),Kolkata,1386700.0,1071100.0,2026-06-28,1,2026-07-12,1031300.0,14
105488,Toyota,Innova,2022,45772,A (Excellent),Ahmedabad,1093500.0,1225600.0,2026-05-06,1,2026-06-15,1202400.0,40
105489,Mahindra,XUV300,2023,31560,A (Excellent),Mumbai,609800.0,546400.0,2026-05-26,1,2026-06-08,535400.0,13
105490,Maruti Suzuki,Baleno,2022,62898,C (Fair),Hyderabad,335600.0,278900.0,2026-06-20,1,2026-07-09,268400.0,19
105491,Mahindra,XUV700,2017,123152,A (Excellent),Pune,646600.0,614200.0,2026-07-16,1,2026-08-11,589700.0,26
105492,Mahindra,Scorpio,2016,117584,B (Good),Bengaluru,415400.0,414100.0,2026-07-24,1,2026-08-18,404100.0,25
105493,Tata,Altroz,2022,54835,C (Fair),Kolkata,349700.0,337900.0,2026-08-01,0,,,31
105494,Mahindra,XUV300,2016,117961,B (Good),Pune,265700.0,238600.0,2026-05-09,1,2026-06-01,227400.0,23
105495,Tata,Tiago,2017,109033,C (Fair),Bengaluru,159300.0,162100.0,2026-06-25,1,2026-07-18,156700.0,23
105496,Hyundai,Grand i10,2020,66048,C (Fair),Hyderabad,221600.0,245300.0,2026-06-06,1,2026-07-08,241000.0,32
105497,Toyota,Fortuner,2022,37982,B (Good),Ahmedabad,1850100.0,2074200.0,2026-06-29,1,2026-08-24,1970300.0,56
105498,Hyundai,i20,2020,71378,B (Good),Mumbai,316200.0,317800.0,2026-08-09,1,2026-08-24,311500.0,15
105499,Kia,Carens,2023,42265,A (Excellent),Mumbai,791500.0,733400.0,2026-08-03,0,,,29
105500,Maruti Suzuki,Baleno,2024,18462,B (Good),Delhi NCR,471600.0,456200.0,2026-08-09,1,2026-08-25,449500.0,16
105501,Honda,Amaze,2021,45559,B (Good),Hyderabad,345600.0,354200.0,2026-06-19,1,2026-07-18,348900.0,29
105502,Mahindra,Bolero,2020,73214,B (Good),Kolkata,356300.0,342000.0,2026-06-03,1,2026-07-03,333800.0,30
105503,Hyundai,Verna,2022,59531,B (Good),Kolkata,592500.0,545700.0,2026-07-08,1,2026-08-15,531300.0,38
105504,Honda,Jazz,2021,59400,B (Good),Chennai,351900.0,387900.0,2026-08-17,0,,,15
105505,Hyundai,Verna,2019,82843,B (Good),Hyderabad,435400.0,369800.0,2026-08-05,1,2026-08-31,348200.0,26
105506,Hyundai,Grand i10,2021,56413,C (Fair),Chennai,246000.0,277200.0,2026-05-09,1,2026-06-17,261100.0,39
105507,Maruti Suzuki,WagonR,2023,39701,A (Excellent),Delhi NCR,340100.0,326900.0,2026-07-06,1,2026-07-30,320700.0,24
105508,Mahindra,Scorpio,2021,61778,B (Good),Chennai,707700.0,869700.0,2026-06-05,1,2026-07-20,836300.0,45
105509,Mahindra,XUV700,2022,48209,A (Excellent),Chennai,1124800.0,1210900.0,2026-08-02,0,,,30
105510,Tata,Punch,2022,41320,C (Fair),Bengaluru,343300.0,320800.0,2026-06-13,1,2026-06-30,314700.0,17
105511,Toyota,Fortuner,2021,71669,B (Good),Hyderabad,1624600.0,1704400.0,2026-07-26,1,2026-08-25,1637800.0,30
105512,Toyota,Innova,2023,28442,B (Good),Ahmedabad,1132800.0,1039300.0,2026-08-22,0,,,10
105513,Maruti Suzuki,Baleno,2021,47048,C (Fair),Kolkata,310500.0,329200.0,2026-07-28,0,,,35
105514,Maruti Suzuki,Dzire,2019,80919,A (Excellent),Pune,287700.0,278000.0,2026-06-21,1,2026-07-15,267200.0,24
105515,Mahindra,XUV700,2023,36917,A (Excellent),Delhi NCR,1250700.0,1124900.0,2026-08-09,1,2026-08-21,1095500.0,12
105516,Hyundai,Grand i10,2021,54799,B (Good),Bengaluru,273800.0,309000.0,2026-08-26,0,,,6
105517,Mahindra,Scorpio,2021,61333,A (Excellent),Hyderabad,764700.0,765800.0,2026-05-23,1,2026-06-24,721600.0,32
105518,Hyundai,Venue,2016,122765,A (Excellent),Hyderabad,267600.0,255400.0,2026-08-22,0,,,10
105519,Hyundai,Venue,2024,11220,B (Good),Bengaluru,593900.0,620800.0,2026-08-02,1,2026-08-29,593900.0,27
105520,Tata,Tiago,2021,53105,B (Good),Hyderabad,274300.0,281900.0,2026-07-02,1,2026-07-26,271400.0,24
105521,Toyota,Innova,2022,41778,B (Good),Delhi NCR,1016700.0,818300.0,2026-08-13,1,2026-08-24,769300.0,11
105522,Honda,Jazz,2023,24015,B (Good),Ahmedabad,441000.0,452500.0,2026-06-19,1,2026-07-22,435400.0,33
105523,Maruti Suzuki,Swift,2023,31918,B (Good),Hyderabad,388000.0,407100.0,2026-08-16,0,,,16
105524,Honda,City,2022,52083,A (Excellent),Bengaluru,611000.0,606600.0,2026-06-12,1,2026-07-08,599400.0,26
105525,Kia,Sonet,2016,134816,A (Excellent),Kolkata,281500.0,295900.0,2026-07-09,1,2026-08-07,292800.0,29
105526,Tata,Nexon,2024,13072,B (Good),Pune,671800.0,607300.0,2026-05-31,1,2026-07-03,597700.0,33
105527,Hyundai,Verna,2019,91097,C (Fair),Chennai,388300.0,398800.0,2026-07-29,0,,,34
105528,Maruti Suzuki,Dzire,2019,65083,A (Excellent),Chennai,292700.0,310400.0,2026-07-14,1,2026-08-21,299000.0,38
105529,Toyota,Innova,2022,32258,B (Good),Ahmedabad,1026800.0,1191700.0,2026-07-02,1,2026-08-19,1157200.0,48
105530,Toyota,Fortuner,2024,17563,B (Good),Hyderabad,2281500.0,2125000.0,2026-07-18,1,2026-07-27,2099800.0,9
105531,Hyundai,Creta,2023,49901,A (Excellent),Pune,859900.0,913900.0,2026-05-19,1,2026-06-27,881500.0,39
105532,Hyundai,Verna,2019,79453,A (Excellent),Hyderabad,472000.0,508100.0,2026-05-22,1,2026-07-02,496200.0,41
105533,Maruti Suzuki,WagonR,2024,32981,A (Excellent),Hyderabad,376400.0,392700.0,2026-07-09,1,2026-08-13,374300.0,35
105534,Maruti Suzuki,WagonR,2020,61050,C (Fair),Bengaluru,208800.0,195000.0,2026-08-06,1,2026-08-27,193000.0,21
105535,Toyota,Innova,2016,106066,B (Good),Bengaluru,538600.0,523200.0,2026-07-16,1,2026-08-13,513000.0,28
105536,Toyota,Innova,2018,104358,B (Good),Bengaluru,651700.0,730900.0,2026-05-20,1,2026-06-13,705000.0,24
105537,Honda,City,2020,79684,B (Good),Kolkata,454900.0,402700.0,2026-05-23,1,2026-06-18,380400.0,26
105538,Mahindra,XUV700,2019,94697,C (Fair),Kolkata,671800.0,751900.0,2026-08-18,0,,,14
105539,Mahindra,Bolero,2022,56328,A (Excellent),Pune,473100.0,457500.0,2026-08-02,1,2026-08-30,448700.0,28
105540,Kia,Seltos,2023,33514,B (Good),Ahmedabad,810000.0,821200.0,2026-07-01,1,2026-08-14,793800.0,44
105541,Mahindra,Scorpio,2020,80977,B (Good),Bengaluru,630800.0,727500.0,2026-06-02,1,2026-06-28,712900.0,26
105542,Maruti Suzuki,WagonR,2022,69159,A (Excellent),Kolkata,300000.0,272000.0,2026-06-16,1,2026-07-19,262500.0,33
105543,Maruti Suzuki,Dzire,2021,54852,C (Fair),Hyderabad,297700.0,328400.0,2026-07-31,1,2026-08-30,319200.0,30
105544,Maruti Suzuki,Baleno,2023,32259,B (Good),Ahmedabad,423100.0,443600.0,2026-05-28,1,2026-06-27,417800.0,30
105545,Hyundai,Venue,2021,54339,C (Fair),Hyderabad,385200.0,338100.0,2026-06-30,1,2026-07-07,325900.0,7
105546,Toyota,Fortuner,2018,89386,A (Excellent),Kolkata,1297000.0,1489800.0,2026-06-05,1,2026-07-26,1411400.0,51
105547,Maruti Suzuki,Ertiga,2024,20371,B (Good),Chennai,588400.0,596800.0,2026-07-28,1,2026-08-29,582700.0,32
105548,Hyundai,i20,2023,33273,C (Fair),Hyderabad,393100.0,388600.0,2026-07-18,1,2026-08-15,379300.0,28
105549,Tata,Altroz,2022,53339,B (Good),Bengaluru,389200.0,340900.0,2026-07-06,1,2026-07-15,322300.0,9
105550,Honda,City,2022,62486,B (Good),Bengaluru,559500.0,510400.0,2026-05-17,1,2026-06-04,495100.0,18
105551,Hyundai,Venue,2018,92177,A (Excellent),Mumbai,334400.0,423500.0,2026-06-26,1,2026-08-15,409800.0,50
105552,Maruti Suzuki,Dzire,2023,46842,B (Good),Chennai,402900.0,393300.0,2026-08-16,0,,,16
105553,Maruti Suzuki,WagonR,2019,86692,B (Good),Bengaluru,205400.0,215100.0,2026-07-01,1,2026-07-22,210100.0,21
105554,Mahindra,Scorpio,2019,95648,C (Fair),Hyderabad,508400.0,603400.0,2026-05-26,1,2026-07-04,573900.0,39
105555,Hyundai,Creta,2018,97596,A (Excellent),Ahmedabad,509700.0,431300.0,2026-08-31,0,,,1
105556,Mahindra,Scorpio,2018,97842,A (Excellent),Kolkata,553800.0,533400.0,2026-07-27,1,2026-08-15,506300.0,19
105557,Maruti Suzuki,WagonR,2021,63289,B (Good),Hyderabad,254400.0,266900.0,2026-05-25,1,2026-06-30,252400.0,36
105558,Tata,Altroz,2019,83723,A (Excellent),Hyderabad,306600.0,303600.0,2026-08-14,0,,,18
105559,Toyota,Glanza,2021,52949,C (Fair),Chennai,334300.0,326400.0,2026-06-09,1,2026-07-08,319300.0,29
105560,Mahindra,XUV300,2023,25371,C (Fair),Hyderabad,511400.0,497500.0,2026-05-31,1,2026-07-11,469300.0,41
105561,Tata,Nexon,2023,61721,A (Excellent),Bengaluru,627700.0,722400.0,2026-07-20,1,2026-08-18,713300.0,29
105562,Hyundai,Creta,2019,85155,B (Good),Hyderabad,525700.0,618800.0,2026-05-21,1,2026-06-26,595300.0,36
105563,Maruti Suzuki,Baleno,2020,78803,B (Good),Pune,303500.0,341000.0,2026-05-18,1,2026-06-23,337200.0,36
105564,Hyundai,Venue,2023,17338,B (Good),Pune,537100.0,631200.0,2026-06-21,1,2026-07-24,594200.0,33
105565,Tata,Punch,2024,33403,B (Good),Delhi NCR,464400.0,439700.0,2026-07-24,1,2026-07-30,431200.0,6
105566,Hyundai,Verna,2024,20501,B (Good),Bengaluru,745200.0,682800.0,2026-06-24,1,2026-07-24,659600.0,30
105567,Mahindra,XUV300,2021,53915,B (Good),Kolkata,456700.0,476800.0,2026-08-05,0,,,27
105568,Kia,Sonet,2019,93522,B (Good),Kolkata,362400.0,362200.0,2026-05-13,1,2026-06-21,357800.0,39
105569,Honda,WR-V,2021,52916,A (Excellent),Chennai,481500.0,401200.0,2026-07-06,1,2026-07-24,395500.0,18
105570,Kia,Carens,2022,42361,A (Excellent),Bengaluru,720100.0,658300.0,2026-05-05,1,2026-05-27,620100.0,22
105571,Hyundai,Creta,2020,74197,A (Excellent),Pune,631400.0,612200.0,2026-06-28,1,2026-07-15,591400.0,17
105572,Kia,Seltos,2023,26032,C (Fair),Ahmedabad,734600.0,655100.0,2026-07-04,1,2026-07-25,633300.0,21
105573,Hyundai,Creta,2022,57670,B (Good),Ahmedabad,718600.0,725200.0,2026-06-17,1,2026-07-17,708400.0,30
105574,Honda,WR-V,2022,34162,C (Fair),Ahmedabad,449600.0,346600.0,2026-08-10,1,2026-08-29,340500.0,19
105575,Toyota,Glanza,2020,59484,B (Good),Bengaluru,335700.0,350400.0,2026-08-14,0,,,18
105576,Tata,Punch,2022,64634,C (Fair),Chennai,335000.0,361300.0,2026-06-07,1,2026-07-10,350500.0,33
105577,Maruti Suzuki,Dzire,2019,89242,C (Fair),Mumbai,237600.0,201000.0,2026-05-23,1,2026-05-27,191100.0,4
105578,Maruti Suzuki,Swift,2023,39889,B (Good),Hyderabad,384800.0,368300.0,2026-07-06,1,2026-08-12,356700.0,37
105579,Honda,WR-V,2016,135120,C (Fair),Delhi NCR,228600.0,186400.0,2026-08-09,1,2026-08-25,176700.0,16
105580,Maruti Suzuki,WagonR,2023,29773,A (Excellent),Kolkata,343600.0,296100.0,2026-06-20,1,2026-07-07,284900.0,17
105581,Honda,Jazz,2024,26020,B (Good),Hyderabad,483600.0,425400.0,2026-07-10,1,2026-07-27,420000.0,17
105582,Maruti Suzuki,Swift,2020,88311,A (Excellent),Bengaluru,297400.0,244100.0,2026-06-16,1,2026-06-28,234900.0,12
105583,Maruti Suzuki,Baleno,2019,82025,B (Good),Bengaluru,275200.0,293100.0,2026-08-06,0,,,26
105584,Hyundai,i20,2024,38124,C (Fair),Pune,429800.0,443000.0,2026-05-06,1,2026-06-02,434300.0,27
105585,Toyota,Fortuner,2021,57625,C (Fair),Pune,1484300.0,1563700.0,2026-07-16,1,2026-08-22,1529800.0,37
105586,Tata,Nexon,2019,83612,A (Excellent),Pune,420400.0,435300.0,2026-07-03,1,2026-07-21,427000.0,18
105587,Maruti Suzuki,Ertiga,2021,62158,C (Fair),Kolkata,382000.0,373000.0,2026-05-13,1,2026-06-11,366700.0,29
105588,Honda,City,2021,58156,A (Excellent),Hyderabad,552500.0,587400.0,2026-06-13,1,2026-07-13,576200.0,30
105589,Tata,Tiago,2023,35992,B (Good),Delhi NCR,337200.0,289600.0,2026-06-11,1,2026-07-04,281500.0,23
105590,Tata,Tiago,2020,70140,B (Good),Delhi NCR,245100.0,251700.0,2026-05-09,1,2026-05-25,241400.0,16
105591,Honda,City,2024,18568,C (Fair),Kolkata,636600.0,656600.0,2026-07-25,0,,,38
105592,Hyundai,Verna,2021,52266,C (Fair),Bengaluru,489000.0,457200.0,2026-06-29,1,2026-07-21,444100.0,22
105593,Mahindra,Bolero,2024,34144,B (Good),Chennai,541400.0,573200.0,2026-08-01,1,2026-08-30,548800.0,29
105594,Tata,Nexon,2023,39779,A (Excellent),Kolkata,642400.0,709300.0,2026-08-16,0,,,16
105595,Maruti Suzuki,Swift,2021,54456,A (Excellent),Ahmedabad,338900.0,364600.0,2026-05-19,1,2026-06-22,356000.0,34
105596,Hyundai,Grand i10,2024,25973,A (Excellent),Ahmedabad,404400.0,385700.0,2026-06-24,1,2026-08-02,367200.0,39
105597,Tata,Nexon,2024,28569,B (Good),Bengaluru,661200.0,623400.0,2026-08-05,1,2026-08-22,605600.0,17
105598,Tata,Tiago,2019,98089,A (Excellent),Kolkata,233600.0,265000.0,2026-06-25,1,2026-08-18,258900.0,54
105599,Kia,Seltos,2023,47117,A (Excellent),Mumbai,862400.0,769400.0,2026-06-01,1,2026-06-23,748300.0,22
105600,Kia,Seltos,2024,28162,B (Good),Ahmedabad,895000.0,899700.0,2026-08-09,0,,,23
105601,Tata,Nexon,2021,51271,B (Good),Bengaluru,486600.0,438100.0,2026-06-15,1,2026-07-02,416700.0,17
105602,Mahindra,Bolero,2023,47722,A (Excellent),Chennai,524600.0,543200.0,2026-08-07,0,,,25
105603,Maruti Suzuki,Baleno,2022,53992,B (Good),Kolkata,376400.0,372400.0,2026-08-14,0,,,18
105604,Tata,Altroz,2023,41754,B (Good),Chennai,432900.0,432500.0,2026-07-04,1,2026-07-31,411000.0,27
105605,Hyundai,Creta,2021,75192,B (Good),Bengaluru,641800.0,636000.0,2026-06-12,1,2026-07-11,598900.0,29
105606,Maruti Suzuki,WagonR,2024,18893,A (Excellent),Mumbai,381800.0,364400.0,2026-06-19,1,2026-07-13,358100.0,24
105607,Tata,Tiago,2020,70670,A (Excellent),Delhi NCR,264600.0,262800.0,2026-08-15,0,,,17
105608,Honda,Amaze,2018,92468,C (Fair),Pune,222900.0,210000.0,2026-08-18,0,,,14
105609,Hyundai,i20,2016,113661,B (Good),Delhi NCR,206900.0,188800.0,2026-08-11,0,,,21
105610,Honda,Jazz,2021,59847,A (Excellent),Delhi NCR,379900.0,361800.0,2026-08-11,1,2026-08-26,355100.0,15
105611,Mahindra,XUV700,2016,125954,B (Good),Chennai,543100.0,438600.0,2026-08-27,1,2026-08-30,424800.0,3
105612,Hyundai,Verna,2019,81598,B (Good),Delhi NCR,436000.0,437500.0,2026-05-29,1,2026-07-01,431200.0,33
105613,Maruti Suzuki,WagonR,2024,27220,A (Excellent),Pune,378600.0,439100.0,2026-06-27,1,2026-07-29,425900.0,32
105614,Hyundai,i20,2020,71513,B (Good),Mumbai,316100.0,327000.0,2026-07-31,0,,,32
105615,Maruti Suzuki,Swift,2024,21325,B (Good),Hyderabad,431000.0,435900.0,2026-08-29,0,,,3
105616,Maruti Suzuki,Ertiga,2018,86594,B (Good),Delhi NCR,311500.0,336200.0,2026-07-30,0,,,33
105617,Honda,WR-V,2019,76762,B (Good),Pune,359900.0,395400.0,2026-07-29,0,,,34
105618,Hyundai,Verna,2020,75464,A (Excellent),Hyderabad,520900.0,648300.0,2026-06-25,1,2026-08-10,624900.0,46
105619,Mahindra,Scorpio,2023,35829,C (Fair),Bengaluru,790400.0,760200.0,2026-06-09,1,2026-07-09,719700.0,30
105620,Kia,Carens,2020,78749,A (Excellent),Hyderabad,573700.0,503800.0,2026-05-08,1,2026-06-01,483100.0,24
105621,Honda,City,2024,26956,A (Excellent),Ahmedabad,757400.0,797700.0,2026-08-17,0,,,15
105622,Tata,Punch,2022,41013,A (Excellent),Bengaluru,412100.0,417600.0,2026-06-20,1,2026-07-17,402900.0,27
105623,Hyundai,Venue,2019,83407,B (Good),Hyderabad,343500.0,379400.0,2026-08-21,0,,,11
105624,Maruti Suzuki,Dzire,2024,31836,B (Good),Ahmedabad,449700.0,496900.0,2026-06-09,1,2026-07-24,484200.0,45
105625,Tata,Nexon,2021,66752,B (Good),Kolkata,478700.0,485000.0,2026-06-19,1,2026-07-25,469300.0,36
105626,Honda,City,2024,25094,B (Good),Hyderabad,702600.0,799400.0,2026-05-19,1,2026-06-14,771700.0,26
105627,Tata,Altroz,2022,42421,C (Fair),Hyderabad,354300.0,353200.0,2026-05-24,1,2026-06-29,335300.0,36
105628,Maruti Suzuki,Swift,2022,34804,C (Fair),Bengaluru,316800.0,267200.0,2026-06-24,1,2026-07-02,264000.0,8
105629,Toyota,Innova,2022,48370,A (Excellent),Chennai,1090500.0,1079100.0,2026-07-28,1,2026-08-13,1022600.0,16
105630,Mahindra,Scorpio,2021,58310,B (Good),Kolkata,710300.0,695700.0,2026-07-28,1,2026-08-23,682600.0,26
105631,Hyundai,Grand i10,2024,31310,A (Excellent),Mumbai,402100.0,416700.0,2026-05-31,1,2026-06-29,394100.0,29
105632,Hyundai,Venue,2021,67930,A (Excellent),Chennai,455600.0,465400.0,2026-07-07,1,2026-08-11,454400.0,35
105633,Mahindra,XUV300,2024,33965,B (Good),Hyderabad,618900.0,604000.0,2026-06-27,1,2026-07-19,578200.0,22
105634,Hyundai,Creta,2019,71961,B (Good),Mumbai,533300.0,493700.0,2026-07-29,1,2026-08-12,481200.0,14
105635,Honda,WR-V,2021,51821,B (Good),Ahmedabad,446300.0,472200.0,2026-07-19,1,2026-08-20,457300.0,32
105636,Maruti Suzuki,Swift,2021,60871,B (Good),Mumbai,311700.0,267900.0,2026-07-29,1,2026-08-15,255800.0,17
105637,Kia,Seltos,2017,104494,A (Excellent),Chennai,460300.0,491800.0,2026-05-15,1,2026-06-18,471900.0,34
105638,Maruti Suzuki,Ertiga,2024,19429,B (Good),Kolkata,588900.0,630500.0,2026-06-26,1,2026-08-04,614900.0,39
105639,Kia,Seltos,2022,46117,B (Good),Ahmedabad,727400.0,774500.0,2026-06-03,1,2026-07-15,731600.0,42
105640,Tata,Altroz,2022,46963,B (Good),Bengaluru,391800.0,409400.0,2026-06-28,1,2026-07-22,386800.0,24
105641,Toyota,Fortuner,2022,39957,B (Good),Chennai,1846300.0,1920300.0,2026-08-18,0,,,14
105642,Tata,Punch,2023,31703,B (Good),Pune,423400.0,360800.0,2026-05-15,1,2026-06-06,346000.0,22
105643,Tata,Altroz,2021,81702,B (Good),Chennai,343600.0,282000.0,2026-05-06,1,2026-06-04,265800.0,29
105644,Toyota,Glanza,2020,74272,C (Fair),Delhi NCR,297400.0,288000.0,2026-07-09,1,2026-08-03,275600.0,25
105645,Maruti Suzuki,Ertiga,2022,55776,C (Fair),Mumbai,422700.0,438100.0,2026-06-09,1,2026-07-08,413400.0,29
105646,Honda,Amaze,2017,105884,B (Good),Kolkata,222000.0,213900.0,2026-07-16,1,2026-08-28,202400.0,43
105647,Honda,City,2018,99928,B (Good),Ahmedabad,368400.0,331200.0,2026-07-15,1,2026-08-21,326500.0,37
105648,Toyota,Fortuner,2023,19951,A (Excellent),Hyderabad,2236800.0,2138800.0,2026-07-04,1,2026-07-28,2075500.0,24
105649,Toyota,Innova,2016,116446,B (Good),Mumbai,532400.0,403300.0,2026-08-22,0,,,10
105650,Toyota,Glanza,2023,45847,B (Good),Chennai,452000.0,493200.0,2026-05-20,1,2026-06-20,466000.0,31
105651,Mahindra,XUV300,2023,38857,B (Good),Chennai,560300.0,528500.0,2026-08-06,1,2026-08-24,510700.0,18
105652,Hyundai,i20,2021,61106,C (Fair),Ahmedabad,316200.0,346300.0,2026-07-29,0,,,34
105653,Hyundai,Grand i10,2016,133407,B (Good),Mumbai,156600.0,118600.0,2026-07-04,1,2026-07-10,111900.0,6
105654,Maruti Suzuki,Swift,2024,23530,A (Excellent),Mumbai,464500.0,466200.0,2026-07-14,1,2026-08-14,440600.0,31
105655,Maruti Suzuki,Ertiga,2024,22520,C (Fair),Hyderabad,528400.0,412800.0,2026-07-13,1,2026-07-31,397900.0,18
105656,Maruti Suzuki,Swift,2021,61606,B (Good),Bengaluru,311500.0,296800.0,2026-06-22,1,2026-07-09,285200.0,17
105657,Mahindra,XUV700,2023,39477,C (Fair),Kolkata,1039400.0,1037300.0,2026-08-25,0,,,7
105658,Honda,WR-V,2024,9829,A (Excellent),Hyderabad,668000.0,624100.0,2026-05-24,1,2026-06-13,606800.0,20
105659,Toyota,Glanza,2023,36205,A (Excellent),Delhi NCR,493000.0,496600.0,2026-07-05,1,2026-08-08,489800.0,34
105660,Hyundai,Venue,2019,72060,B (Good),Bengaluru,347800.0,343600.0,2026-07-14,1,2026-08-06,336200.0,23
105661,Hyundai,i20,2021,57047,B (Good),Ahmedabad,352800.0,304500.0,2026-07-12,1,2026-08-04,297700.0,23
105662,Mahindra,Bolero,2022,44060,B (Good),Chennai,443700.0,456100.0,2026-06-12,1,2026-07-20,434800.0,38
105663,Hyundai,i20,2023,31317,A (Excellent),Mumbai,472700.0,531700.0,2026-07-31,0,,,32
105664,Toyota,Glanza,2019,84147,B (Good),Pune,297500.0,314800.0,2026-08-29,0,,,3
105665,Maruti Suzuki,Swift,2019,68149,A (Excellent),Bengaluru,276600.0,278100.0,2026-05-25,1,2026-06-18,273900.0,24
105666,Mahindra,Bolero,2017,106383,B (Good),Hyderabad,258900.0,246300.0,2026-05-10,1,2026-05-29,235000.0,19
105667,Maruti Suzuki,Ertiga,2021,58843,B (Good),Chennai,426000.0,412000.0,2026-06-04,1,2026-07-03,403100.0,29
105668,Hyundai,Creta,2019,98191,B (Good),Pune,518300.0,490700.0,2026-06-21,1,2026-07-22,485600.0,31
105669,Tata,Tiago,2018,106484,B (Good),Bengaluru,195000.0,215200.0,2026-08-23,0,,,9
105670,Hyundai,Creta,2021,68733,C (Fair),Ahmedabad,581700.0,556500.0,2026-05-18,1,2026-07-05,524700.0,48
105671,Hyundai,Verna,2016,129165,B (Good),Bengaluru,311500.0,371200.0,2026-08-11,0,,,21
105672,Honda,Jazz,2018,89715,A (Excellent),Ahmedabad,277200.0,288800.0,2026-07-17,1,2026-08-22,277300.0,36
105673,Maruti Suzuki,WagonR,2021,55196,B (Good),Chennai,256600.0,252900.0,2026-08-19,0,,,13
105674,Tata,Punch,2020,84219,B (Good),Ahmedabad,301700.0,330100.0,2026-08-24,0,,,8
105675,Maruti Suzuki,Baleno,2021,46303,B (Good),Ahmedabad,345300.0,313100.0,2026-07-21,1,2026-08-03,304500.0,13
105676,Maruti Suzuki,Swift,2020,70957,B (Good),Kolkata,280600.0,307500.0,2026-08-24,0,,,8
105677,Mahindra,Scorpio,2021,69611,B (Good),Chennai,701800.0,681700.0,2026-08-28,0,,,4
105678,Maruti Suzuki,WagonR,2021,64649,C (Fair),Delhi NCR,228600.0,211400.0,2026-07-14,1,2026-08-04,205700.0,21
105679,Maruti Suzuki,Ertiga,2019,79389,B (Good),Hyderabad,345000.0,427300.0,2026-05-17,1,2026-06-21,412900.0,35
105680,Maruti Suzuki,Baleno,2024,17379,C (Fair),Pune,424900.0,456800.0,2026-06-03,1,2026-07-16,441200.0,43
105681,Maruti Suzuki,Baleno,2022,47917,B (Good),Ahmedabad,378800.0,366100.0,2026-07-26,1,2026-08-30,357400.0,35
105682,Hyundai,Venue,2023,42082,B (Good),Kolkata,523500.0,497100.0,2026-07-03,1,2026-08-05,486000.0,33
105683,Mahindra,Bolero,2024,25836,B (Good),Bengaluru,546100.0,537600.0,2026-08-21,0,,,11
105684,Maruti Suzuki,Baleno,2023,42186,A (Excellent),Mumbai,452300.0,428600.0,2026-08-24,0,,,8
105685,Kia,Sonet,2022,44165,A (Excellent),Bengaluru,547700.0,568500.0,2026-06-06,1,2026-06-28,560700.0,22
105686,Maruti Suzuki,Ertiga,2020,78369,A (Excellent),Delhi NCR,410000.0,363300.0,2026-06-19,1,2026-07-18,344700.0,29
105687,Hyundai,Verna,2023,40424,A (Excellent),Pune,717500.0,820800.0,2026-08-20,0,,,12
105688,Hyundai,i20,2022,50428,B (Good),Kolkata,390400.0,399100.0,2026-07-07,1,2026-08-07,384500.0,31
105689,Mahindra,Bolero,2024,27528,B (Good),Ahmedabad,545100.0,599500.0,2026-05-16,1,2026-06-28,590200.0,43
105690,Honda,Jazz,2022,40501,A (Excellent),Kolkata,426100.0,370500.0,2026-06-15,1,2026-07-12,349800.0,27
105691,Tata,Harrier,2022,43846,B (Good),Pune,919400.0,938700.0,2026-08-31,0,,,1
105692,Maruti Suzuki,Ertiga,2022,47338,B (Good),Mumbai,473800.0,497200.0,2026-05-30,1,2026-06-27,486800.0,28
105693,Kia,Sonet,2020,88082,A (Excellent),Chennai,432700.0,510300.0,2026-05-26,1,2026-07-02,491700.0,37
105694,Hyundai,Verna,2023,41248,B (Good),Hyderabad,663700.0,711400.0,2026-07-26,1,2026-08-16,671900.0,21
105695,Hyundai,Venue,2023,36254,C (Fair),Kolkata,474100.0,512500.0,2026-08-10,0,,,22
105696,Tata,Tiago,2020,73366,C (Fair),Delhi NCR,219800.0,225700.0,2026-07-13,1,2026-08-06,219700.0,24
105697,Hyundai,Venue,2021,75172,B (Good),Mumbai,418600.0,430300.0,2026-06-30,1,2026-07-26,416700.0,26
105698,Hyundai,Creta,2024,23408,B (Good),Bengaluru,899400.0,868800.0,2026-08-02,1,2026-08-16,823300.0,14
105699,Kia,Seltos,2019,88318,B (Good),Bengaluru,523900.0,514600.0,2026-05-29,1,2026-06-28,495300.0,30
105700,Maruti Suzuki,Swift,2022,59362,B (Good),Pune,343100.0,369400.0,2026-05-18,1,2026-06-11,350100.0,24
105701,Maruti Suzuki,Baleno,2019,75758,B (Good),Delhi NCR,277100.0,247600.0,2026-06-02,1,2026-06-23,242400.0,21
105702,Tata,Tiago,2017,97290,C (Fair),Pune,161400.0,144300.0,2026-07-14,1,2026-08-08,142800.0,25
105703,Tata,Nexon,2018,102434,C (Fair),Kolkata,312200.0,270000.0,2026-07-02,1,2026-07-26,254200.0,24
105704,Hyundai,Grand i10,2020,82220,C (Fair),Chennai,217700.0,211400.0,2026-05-13,1,2026-06-19,208100.0,37
105705,Maruti Suzuki,Ertiga,2022,35644,B (Good),Bengaluru,479600.0,446900.0,2026-05-18,1,2026-06-07,438600.0,20
105706,Tata,Harrier,2023,38905,A (Excellent),Delhi NCR,1096800.0,1047700.0,2026-05-25,1,2026-06-13,1026000.0,19
105707,Honda,Amaze,2021,53542,B (Good),Pune,342700.0,362900.0,2026-05-17,1,2026-06-16,349100.0,30
105708,Mahindra,XUV300,2023,29403,C (Fair),Kolkata,509300.0,459700.0,2026-05-30,1,2026-06-30,442600.0,31
105709,Toyota,Fortuner,2018,101188,A (Excellent),Kolkata,1280200.0,1260300.0,2026-08-03,0,,,29
105710,Hyundai,i20,2022,60520,A (Excellent),Mumbai,417200.0,360400.0,2026-06-05,1,2026-06-29,344900.0,24
105711,Honda,Jazz,2019,89590,B (Good),Chennai,282100.0,272900.0,2026-08-10,0,,,22
105712,Toyota,Innova,2024,17590,A (Excellent),Hyderabad,1359400.0,1436900.0,2026-06-14,1,2026-07-14,1363900.0,30
105713,Maruti Suzuki,WagonR,2023,30030,A (Excellent),Ahmedabad,343500.0,401200.0,2026-06-26,1,2026-08-07,391700.0,42
105714,Kia,Carens,2022,47980,B (Good),Delhi NCR,662900.0,682100.0,2026-06-13,1,2026-07-16,660000.0,33
105715,Kia,Carens,2024,24692,A (Excellent),Pune,885700.0,791000.0,2026-08-03,1,2026-08-29,768500.0,26
105716,Tata,Nexon,2019,89313,B (Good),Delhi NCR,386800.0,372400.0,2026-07-07,1,2026-08-08,367900.0,32
105717,Maruti Suzuki,Baleno,2023,31274,B (Good),Mumbai,423600.0,424300.0,2026-05-15,1,2026-06-06,408800.0,22
105718,Mahindra,Bolero,2022,48700,A (Excellent),Pune,476900.0,528500.0,2026-08-12,0,,,20
105719,Toyota,Innova,2018,86380,A (Excellent),Hyderabad,717900.0,689200.0,2026-07-03,1,2026-08-03,671800.0,31
105720,Toyota,Glanza,2018,91861,C (Fair),Chennai,241600.0,243400.0,2026-07-16,1,2026-08-11,229900.0,26
105721,Tata,Harrier,2024,35768,B (Good),Kolkata,1119600.0,1264500.0,2026-07-31,0,,,32
105722,Hyundai,Creta,2021,53390,A (Excellent),Pune,709500.0,845100.0,2026-05-22,1,2026-06-30,813700.0,39
105723,Honda,WR-V,2021,49831,C (Fair),Hyderabad,402500.0,341100.0,2026-05-17,1,2026-05-28,329900.0,11
105724,Honda,Jazz,2019,76145,C (Fair),Bengaluru,257600.0,259000.0,2026-06-02,1,2026-07-03,251400.0,31
105725,Tata,Punch,2019,91446,B (Good),Delhi NCR,272400.0,294100.0,2026-06-05,1,2026-07-02,287400.0,27
105726,Maruti Suzuki,Dzire,2018,113719,B (Good),Kolkata,233800.0,250400.0,2026-05-31,1,2026-06-25,241700.0,25
105727,Tata,Harrier,2021,72343,B (Good),Hyderabad,811700.0,910200.0,2026-08-12,0,,,20
105728,Mahindra,XUV300,2024,16987,C (Fair),Bengaluru,566800.0,536600.0,2026-05-18,1,2026-06-14,517700.0,27
105729,Tata,Harrier,2024,8962,B (Good),Chennai,1150800.0,1251800.0,2026-05-20,1,2026-06-12,1230800.0,23
105730,Toyota,Glanza,2018,100619,C (Fair),Kolkata,239300.0,220500.0,2026-05-25,1,2026-06-20,217300.0,26
105731,Maruti Suzuki,Dzire,2017,93313,A (Excellent),Delhi NCR,235000.0,262200.0,2026-06-13,1,2026-07-13,247900.0,30
105732,Honda,WR-V,2024,21371,B (Good),Hyderabad,611300.0,684000.0,2026-07-01,1,2026-08-09,643000.0,39
105733,Honda,Jazz,2022,46143,A (Excellent),Delhi NCR,423600.0,405700.0,2026-06-23,1,2026-07-12,396900.0,19
105734,Maruti Suzuki,Ertiga,2023,45327,A (Excellent),Hyderabad,563500.0,681300.0,2026-06-08,1,2026-07-17,663800.0,39
105735,Kia,Seltos,2019,78836,C (Fair),Bengaluru,476400.0,491400.0,2026-07-19,1,2026-08-10,465700.0,22
105736,Maruti Suzuki,Ertiga,2019,85872,A (Excellent),Delhi NCR,370000.0,388500.0,2026-05-30,1,2026-06-27,384400.0,28
105737,Maruti Suzuki,Dzire,2021,56749,C (Fair),Pune,297100.0,272700.0,2026-07-31,1,2026-08-26,265700.0,26
105738,Mahindra,XUV700,2021,66842,A (Excellent),Delhi NCR,1003500.0,813300.0,2026-07-22,1,2026-08-08,780100.0,17
105739,Maruti Suzuki,Swift,2023,30148,A (Excellent),Bengaluru,419800.0,449800.0,2026-05-09,1,2026-05-29,429500.0,20
105740,Maruti Suzuki,WagonR,2020,71245,A (Excellent),Hyderabad,247900.0,284500.0,2026-05-10,1,2026-06-14,281400.0,35
105741,Mahindra,XUV300,2021,67618,A (Excellent),Kolkata,486100.0,529900.0,2026-05-13,1,2026-06-20,524300.0,38
105742,Hyundai,Verna,2018,100836,C (Fair),Delhi NCR,349600.0,376600.0,2026-06-26,1,2026-07-27,364300.0,31
105743,Hyundai,i20,2020,81255,A (Excellent),Ahmedabad,337800.0,330900.0,2026-05-06,1,2026-06-08,321400.0,33
105744,Toyota,Innova,2024,36096,C (Fair),Mumbai,1111500.0,1283700.0,2026-05-07,1,2026-06-01,1231500.0,25
105745,Hyundai,Venue,2024,32783,B (Good),Hyderabad,580900.0,573900.0,2026-06-14,1,2026-07-06,539600.0,22
105746,Tata,Harrier,2020,84536,A (Excellent),Bengaluru,787300.0,736400.0,2026-05-29,1,2026-07-01,701400.0,33
105747,Toyota,Fortuner,2023,39238,C (Fair),Delhi NCR,1827400.0,2070200.0,2026-08-29,0,,,3
105748,Hyundai,i20,2019,70800,B (Good),Pune,287900.0,284700.0,2026-08-22,0,,,10
105749,Mahindra,XUV700,2019,75738,B (Good),Kolkata,762100.0,793900.0,2026-05-06,1,2026-06-12,779100.0,37
105750,Maruti Suzuki,WagonR,2019,68696,A (Excellent),Chennai,226200.0,224500.0,2026-07-02,1,2026-07-20,219200.0,18
105751,Hyundai,Verna,2023,37324,C (Fair),Kolkata,599800.0,560900.0,2026-08-31,0,,,1
105752,Tata,Nexon,2023,35239,B (Good),Ahmedabad,597600.0,587100.0,2026-06-22,1,2026-07-22,561900.0,30
105753,Tata,Punch,2016,117021,B (Good),Hyderabad,199500.0,191100.0,2026-07-06,1,2026-07-24,180000.0,18
105754,Mahindra,Scorpio,2023,32727,A (Excellent),Delhi NCR,951600.0,950400.0,2026-06-27,1,2026-07-25,938800.0,28
105755,Mahindra,XUV300,2023,24775,B (Good),Delhi NCR,568500.0,598800.0,2026-07-04,1,2026-07-19,583600.0,15
105756,Mahindra,XUV700,2022,41622,B (Good),Hyderabad,1048600.0,942200.0,2026-08-17,0,,,15
105757,Hyundai,Venue,2021,72248,A (Excellent),Bengaluru,453500.0,476600.0,2026-06-14,1,2026-07-13,469500.0,29
105758,Mahindra,XUV300,2022,47736,C (Fair),Mumbai,454700.0,410400.0,2026-05-26,1,2026-06-14,386400.0,19
105759,Maruti Suzuki,WagonR,2020,57572,B (Good),Kolkata,232900.0,230200.0,2026-05-15,1,2026-06-15,218500.0,31
105760,Tata,Tiago,2018,97226,B (Good),Kolkata,197100.0,192900.0,2026-08-07,0,,,25
105761,Mahindra,XUV700,2019,80018,A (Excellent),Bengaluru,819300.0,762900.0,2026-07-26,1,2026-08-09,746800.0,14
105762,Hyundai,i20,2018,91959,B (Good),Hyderabad,256000.0,220000.0,2026-05-08,1,2026-05-31,207100.0,23
105763,Hyundai,Creta,2024,11706,A (Excellent),Pune,983000.0,974800.0,2026-06-13,1,2026-07-18,955700.0,35
105764,Hyundai,Verna,2024,3551,C (Fair),Ahmedabad,682300.0,689000.0,2026-07-28,1,2026-08-29,652900.0,32
105765,Hyundai,i20,2021,58133,A (Excellent),Delhi NCR,380600.0,371100.0,2026-08-26,0,,,6
105766,Tata,Tiago,2018,103658,B (Good),Kolkata,195700.0,183200.0,2026-06-15,1,2026-07-08,176100.0,23
105767,Honda,City,2022,52503,C (Fair),Bengaluru,508900.0,529800.0,2026-06-05,1,2026-06-27,503000.0,22
105768,Maruti Suzuki,Ertiga,2023,40303,A (Excellent),Mumbai,566500.0,555100.0,2026-07-04,1,2026-07-26,522400.0,22
105769,Tata,Punch,2024,7678,A (Excellent),Bengaluru,514900.0,529300.0,2026-06-01,1,2026-06-26,508100.0,25
105770,Hyundai,Grand i10,2016,129712,B (Good),Mumbai,157300.0,145100.0,2026-06-01,1,2026-06-23,141700.0,22
105771,Honda,Amaze,2023,34569,B (Good),Bengaluru,422100.0,429000.0,2026-08-16,0,,,16
105772,Kia,Seltos,2022,54216,A (Excellent),Delhi NCR,779000.0,761900.0,2026-07-30,1,2026-08-28,729000.0,29
105773,Maruti Suzuki,Ertiga,2021,70127,A (Excellent),Hyderabad,454500.0,485700.0,2026-06-02,1,2026-06-25,458900.0,23
105774,Honda,Amaze,2024,17681,C (Fair),Mumbai,424800.0,421000.0,2026-07-22,1,2026-08-13,413600.0,22
105775,Mahindra,Scorpio,2024,20344,C (Fair),Bengaluru,882600.0,945800.0,2026-08-22,0,,,10
105776,Mahindra,Scorpio,2018,91566,C (Fair),Bengaluru,464700.0,384400.0,2026-07-15,1,2026-08-01,371800.0,17
105777,Hyundai,Grand i10,2022,36190,B (Good),Pune,306800.0,390100.0,2026-07-02,1,2026-08-17,384300.0,46
105778,Toyota,Innova,2021,58192,B (Good),Kolkata,909300.0,921900.0,2026-08-16,0,,,16
105779,Kia,Seltos,2016,111971,B (Good),Mumbai,384600.0,385400.0,2026-06-23,1,2026-07-07,374100.0,14
105780,Tata,Altroz,2017,97140,B (Good),Delhi NCR,231600.0,262200.0,2026-07-23,1,2026-08-16,259500.0,24
105781,Toyota,Innova,2020,86879,C (Fair),Delhi NCR,722100.0,789200.0,2026-07-10,1,2026-08-04,776200.0,25
105782,Maruti Suzuki,Swift,2023,51431,B (Good),Mumbai,380200.0,407300.0,2026-08-08,0,,,24
105783,Toyota,Innova,2023,37560,B (Good),Chennai,1122200.0,1193400.0,2026-07-17,1,2026-08-25,1126500.0,39
105784,Hyundai,Grand i10,2021,60357,B (Good),Delhi NCR,272200.0,305000.0,2026-08-23,0,,,9
105785,Tata,Punch,2020,59908,C (Fair),Ahmedabad,278800.0,295700.0,2026-07-27,0,,,36
105786,Tata,Altroz,2023,40528,B (Good),Pune,433500.0,457900.0,2026-06-13,1,2026-07-17,452000.0,34
105787,Hyundai,Verna,2022,45767,B (Good),Pune,601200.0,633000.0,2026-06-23,1,2026-07-29,610500.0,36
105788,Tata,Punch,2017,115327,A (Excellent),Delhi NCR,237200.0,276600.0,2026-06-18,1,2026-07-27,263500.0,39
105789,Kia,Carens,2019,91901,B (Good),Pune,476500.0,472900.0,2026-05-13,1,2026-05-30,455400.0,17
105790,Tata,Nexon,2022,51968,C (Fair),Mumbai,480900.0,483700.0,2026-06-13,1,2026-07-10,472500.0,27
105791,Mahindra,Scorpio,2020,65462,A (Excellent),Chennai,692800.0,623300.0,2026-07-27,1,2026-08-06,589900.0,10
105792,Hyundai,Grand i10,2021,69649,B (Good),Hyderabad,269500.0,280900.0,2026-06-21,1,2026-07-17,267200.0,26
105793,Honda,WR-V,2021,69914,B (Good),Hyderabad,437800.0,465700.0,2026-07-15,1,2026-08-22,441000.0,38
105794,Hyundai,Verna,2024,21770,A (Excellent),Mumbai,803700.0,857500.0,2026-08-14,0,,,18
105795,Kia,Seltos,2024,14849,B (Good),Delhi NCR,907200.0,1035200.0,2026-05-08,1,2026-06-01,997600.0,24
105796,Honda,Jazz,2023,36743,B (Good),Hyderabad,435200.0,393600.0,2026-05-12,1,2026-06-07,377700.0,26
105797,Hyundai,Verna,2020,64833,B (Good),Kolkata,487900.0,469100.0,2026-06-06,1,2026-06-29,453700.0,23
105798,Hyundai,Creta,2016,137343,B (Good),Hyderabad,373600.0,409600.0,2026-08-25,0,,,7
105799,Tata,Altroz,2024,34563,C (Fair),Delhi NCR,431400.0,433600.0,2026-06-10,1,2026-07-01,420200.0,21
105800,Honda,WR-V,2019,100293,B (Good),Kolkata,350700.0,331800.0,2026-06-01,1,2026-07-02,319400.0,31
105801,Maruti Suzuki,WagonR,2020,71819,A (Excellent),Ahmedabad,247700.0,266300.0,2026-05-17,1,2026-06-26,258400.0,40
105802,Maruti Suzuki,Dzire,2022,50023,B (Good),Delhi NCR,365400.0,428200.0,2026-08-12,0,,,20
105803,Hyundai,Grand i10,2017,123332,A (Excellent),Pune,188100.0,197000.0,2026-08-18,0,,,14
105804,Hyundai,Grand i10,2019,83482,C (Fair),Mumbai,197900.0,196300.0,2026-07-14,1,2026-08-11,185700.0,28
105805,Toyota,Fortuner,2023,31399,B (Good),Kolkata,2047000.0,1713500.0,2026-08-08,1,2026-08-26,1653800.0,18
105806,Mahindra,XUV300,2020,57132,B (Good),Kolkata,414200.0,427000.0,2026-08-24,0,,,8
105807,Hyundai,Verna,2024,23067,B (Good),Pune,743200.0,768100.0,2026-06-03,1,2026-07-12,752100.0,39
105808,Maruti Suzuki,Swift,2018,90585,B (Good),Pune,227500.0,223700.0,2026-05-28,1,2026-06-26,216500.0,29
105809,Hyundai,Verna,2020,62177,C (Fair),Delhi NCR,440300.0,412200.0,2026-08-07,1,2026-08-29,396100.0,22
105810,Hyundai,Creta,2020,64578,A (Excellent),Ahmedabad,638000.0,667700.0,2026-07-26,0,,,37
105811,Kia,Sonet,2024,25033,B (Good),Bengaluru,624600.0,597700.0,2026-07-28,1,2026-08-27,585600.0,30
105812,Kia,Sonet,2017,111690,C (Fair),Delhi NCR,264700.0,251500.0,2026-06-21,1,2026-07-05,247500.0,14
105813,Hyundai,i20,2019,96042,B (Good),Delhi NCR,280100.0,265700.0,2026-08-30,0,,,2
105814,Honda,WR-V,2020,73149,A (Excellent),Ahmedabad,428800.0,450700.0,2026-06-26,1,2026-07-30,436700.0,34
105815,Kia,Carens,2019,91268,A (Excellent),Pune,515000.0,528300.0,2026-08-30,0,,,2
105816,Hyundai,Grand i10,2024,20683,B (Good),Chennai,376400.0,346800.0,2026-07-24,1,2026-08-24,331000.0,31
105817,Maruti Suzuki,WagonR,2021,63858,B (Good),Pune,254200.0,269400.0,2026-07-14,1,2026-08-14,256600.0,31
105818,Honda,Amaze,2018,94784,B (Good),Delhi NCR,247000.0,259500.0,2026-06-21,1,2026-07-16,246100.0,25
105819,Maruti Suzuki,WagonR,2023,34002,C (Fair),Delhi NCR,285100.0,285200.0,2026-05-30,1,2026-06-26,277000.0,27
105820,Honda,City,2017,110383,C (Fair),Delhi NCR,298200.0,309000.0,2026-06-08,1,2026-07-04,302100.0,26
105821,Tata,Tiago,2016,112526,A (Excellent),Delhi NCR,173300.0,168900.0,2026-07-02,1,2026-07-25,164900.0,23
105822,Maruti Suzuki,Swift,2018,106137,B (Good),Kolkata,223600.0,222400.0,2026-06-29,1,2026-07-29,215700.0,30
105823,Mahindra,XUV300,2023,41630,B (Good),Ahmedabad,558700.0,549100.0,2026-06-19,1,2026-07-17,533700.0,28
105824,Mahindra,XUV700,2018,106029,C (Fair),Hyderabad,603700.0,686000.0,2026-05-31,1,2026-07-07,646100.0,37
105825,Maruti Suzuki,Swift,2022,38516,B (Good),Bengaluru,350700.0,392100.0,2026-07-02,1,2026-08-06,384800.0,35
105826,Mahindra,XUV700,2021,58765,A (Excellent),Hyderabad,1012200.0,907800.0,2026-05-30,1,2026-06-25,898100.0,26
105827,Honda,Amaze,2019,69123,B (Good),Mumbai,279100.0,302600.0,2026-05-25,1,2026-07-11,290400.0,47
105828,Maruti Suzuki,Baleno,2024,17700,C (Fair),Hyderabad,424800.0,435400.0,2026-07-07,1,2026-08-08,409800.0,32
105829,Hyundai,Verna,2020,79107,A (Excellent),Ahmedabad,518900.0,570500.0,2026-06-14,1,2026-07-24,559000.0,40
105830,Maruti Suzuki,Ertiga,2019,89408,B (Good),Pune,341300.0,332700.0,2026-05-30,1,2026-07-05,318000.0,36
105831,Maruti Suzuki,WagonR,2022,43346,C (Fair),Chennai,256900.0,244700.0,2026-07-31,0,,,32
105832,Hyundai,Creta,2024,14612,B (Good),Kolkata,907500.0,809100.0,2026-05-31,1,2026-07-04,782500.0,34
105833,Honda,City,2018,99473,A (Excellent),Kolkata,398000.0,405600.0,2026-06-25,1,2026-08-03,386300.0,39
105834,Hyundai,Venue,2020,67790,A (Excellent),Pune,414700.0,453600.0,2026-05-31,1,2026-07-04,433900.0,34
105835,Tata,Harrier,2019,91679,B (Good),Mumbai,658200.0,642200.0,2026-07-05,1,2026-07-25,628500.0,20
105836,Mahindra,Scorpio,2020,85367,B (Good),Kolkata,627800.0,617000.0,2026-05-28,1,2026-06-25,605700.0,28
105837,Mahindra,Scorpio,2018,102062,C (Fair),Hyderabad,459400.0,391200.0,2026-05-13,1,2026-06-01,377600.0,19
105838,Maruti Suzuki,Baleno,2021,68586,A (Excellent),Hyderabad,364200.0,364500.0,2026-07-07,1,2026-08-10,348800.0,34
105839,Kia,Carens,2019,82591,C (Fair),Bengaluru,433200.0,428500.0,2026-08-16,0,,,16
105840,Toyota,Fortuner,2021,62420,A (Excellent),Mumbai,1772100.0,1817700.0,2026-07-10,1,2026-08-09,1710300.0,30
105841,Mahindra,XUV700,2020,90982,A (Excellent),Hyderabad,889500.0,875500.0,2026-07-12,1,2026-08-12,865700.0,31
105842,Honda,Amaze,2021,60623,C (Fair),Chennai,306100.0,302200.0,2026-05-10,1,2026-06-09,289000.0,30
105843,Maruti Suzuki,Swift,2019,92199,B (Good),Ahmedabad,249500.0,281900.0,2026-07-25,1,2026-08-23,270900.0,29
105844,Toyota,Glanza,2022,55800,C (Fair),Bengaluru,366300.0,351300.0,2026-05-15,1,2026-06-14,344200.0,30
105845,Hyundai,Venue,2023,25989,A (Excellent),Hyderabad,574900.0,483100.0,2026-08-13,1,2026-08-27,455500.0,14
105846,Maruti Suzuki,Dzire,2019,79130,B (Good),Kolkata,266900.0,286700.0,2026-06-02,1,2026-07-08,282500.0,36
105847,Hyundai,Creta,2018,91753,B (Good),Chennai,475000.0,531900.0,2026-05-12,1,2026-06-19,519800.0,38
105848,Mahindra,Scorpio,2019,94092,A (Excellent),Pune,611200.0,535100.0,2026-08-13,1,2026-08-29,520500.0,16
105849,Tata,Nexon,2019,90161,B (Good),Chennai,386500.0,325200.0,2026-07-30,1,2026-08-23,320400.0,24
105850,Mahindra,Bolero,2016,120017,A (Excellent),Chennai,250500.0,268700.0,2026-05-29,1,2026-07-06,258800.0,38
105851,Tata,Tiago,2024,24144,B (Good),Hyderabad,375100.0,404000.0,2026-07-10,1,2026-08-07,388400.0,28
105852,Mahindra,Bolero,2019,83018,A (Excellent),Chennai,346400.0,364200.0,2026-05-13,1,2026-06-23,355500.0,41
105853,Mahindra,Scorpio,2019,73617,B (Good),Delhi NCR,578700.0,541600.0,2026-06-14,1,2026-07-07,513100.0,23
105854,Maruti Suzuki,Dzire,2022,48234,B (Good),Pune,366100.0,368300.0,2026-07-03,1,2026-07-13,355800.0,10
105855,Maruti Suzuki,Baleno,2020,77755,B (Good),Chennai,303900.0,281000.0,2026-07-19,1,2026-08-18,268800.0,30
105856,Toyota,Glanza,2019,78282,A (Excellent),Chennai,323300.0,319700.0,2026-06-16,1,2026-07-13,304200.0,27
105857,Maruti Suzuki,Dzire,2019,88178,A (Excellent),Kolkata,285400.0,296700.0,2026-08-22,0,,,10
105858,Mahindra,XUV300,2019,87140,B (Good),Mumbai,364900.0,314900.0,2026-07-30,1,2026-08-27,305200.0,28
105859,Toyota,Innova,2022,43305,B (Good),Delhi NCR,1015100.0,991900.0,2026-07-24,1,2026-08-09,972100.0,16
105860,Toyota,Glanza,2023,46370,A (Excellent),Hyderabad,487800.0,471000.0,2026-07-29,1,2026-08-22,451200.0,24
105861,Maruti Suzuki,Ertiga,2023,25713,B (Good),Mumbai,532500.0,547600.0,2026-07-02,1,2026-08-16,539700.0,45
105862,Hyundai,i20,2024,21580,B (Good),Ahmedabad,485800.0,501800.0,2026-05-24,1,2026-06-24,491100.0,31
105863,Maruti Suzuki,Dzire,2021,74160,B (Good),Bengaluru,324100.0,279600.0,2026-08-10,0,,,22
105864,Tata,Punch,2019,76214,C (Fair),Pune,249300.0,247500.0,2026-08-04,0,,,28
105865,Maruti Suzuki,Ertiga,2018,82099,B (Good),Delhi NCR,313100.0,328900.0,2026-05-21,1,2026-06-20,323800.0,30
105866,Mahindra,Bolero,2024,24738,B (Good),Ahmedabad,546700.0,610500.0,2026-08-15,0,,,17
105867,Hyundai,Verna,2022,44168,B (Good),Hyderabad,602200.0,472100.0,2026-06-12,1,2026-06-22,450600.0,10
105868,Toyota,Fortuner,2021,54456,B (Good),Delhi NCR,1654700.0,1686900.0,2026-08-14,0,,,18
105869,Maruti Suzuki,Baleno,2023,42533,B (Good),Hyderabad,418600.0,391600.0,2026-06-16,1,2026-06-30,371900.0,14
105870,Tata,Nexon,2023,47414,A (Excellent),Pune,637300.0,605500.0,2026-08-19,0,,,13
105871,Maruti Suzuki,Swift,2024,36124,C (Fair),Ahmedabad,382100.0,312300.0,2026-07-25,1,2026-08-17,302200.0,23
105872,Hyundai,Venue,2021,60570,A (Excellent),Kolkata,459200.0,380900.0,2026-08-28,0,,,4
105873,Mahindra,XUV300,2024,18044,C (Fair),Ahmedabad,566200.0,498700.0,2026-07-02,1,2026-07-24,479300.0,22
105874,Tata,Harrier,2020,68864,B (Good),Ahmedabad,741400.0,833300.0,2026-07-28,0,,,35
105875,Honda,WR-V,2023,28959,A (Excellent),Delhi NCR,596100.0,524700.0,2026-08-23,0,,,9
105876,Tata,Altroz,2023,33838,A (Excellent),Delhi NCR,471400.0,489200.0,2026-05-21,1,2026-06-07,468300.0,17
105877,Hyundai,Verna,2018,104754,B (Good),Ahmedabad,386800.0,386200.0,2026-08-07,0,,,25
105878,Maruti Suzuki,Ertiga,2021,60330,C (Fair),Pune,382800.0,424300.0,2026-08-01,0,,,31
105879,Tata,Tiago,2016,124218,B (Good),Ahmedabad,158300.0,171000.0,2026-07-10,1,2026-08-24,166900.0,45
105880,Hyundai,Grand i10,2018,102071,B (Good),Ahmedabad,196000.0,206100.0,2026-07-26,0,,,37
105881,Hyundai,i20,2021,75167,B (Good),Bengaluru,346000.0,330900.0,2026-07-12,1,2026-07-25,322000.0,13
105882,Tata,Nexon,2022,48672,A (Excellent),Mumbai,579100.0,606300.0,2026-05-25,1,2026-06-26,576500.0,32
105883,Mahindra,XUV700,2024,28301,B (Good),Mumbai,1283900.0,1324200.0,2026-06-08,1,2026-07-17,1257200.0,39
105884,Honda,City,2023,24699,B (Good),Delhi NCR,639700.0,587500.0,2026-07-25,1,2026-08-21,580600.0,27
105885,Tata,Harrier,2018,83812,B (Good),Hyderabad,604100.0,543200.0,2026-07-20,1,2026-08-08,534000.0,19
105886,Maruti Suzuki,WagonR,2018,98839,A (Excellent),Chennai,199200.0,192300.0,2026-08-14,0,,,18
105887,Maruti Suzuki,Ertiga,2022,45726,B (Good),Pune,474600.0,487400.0,2026-07-14,1,2026-08-10,462400.0,27
105888,Maruti Suzuki,Ertiga,2022,37929,A (Excellent),Kolkata,516800.0,578000.0,2026-07-17,0,,,46
105889,Honda,Jazz,2016,128120,A (Excellent),Chennai,219900.0,219900.0,2026-07-07,1,2026-08-15,211000.0,39
105890,Hyundai,Verna,2018,100384,A (Excellent),Bengaluru,419700.0,374600.0,2026-05-05,1,2026-05-25,352400.0,20
105891,Tata,Punch,2019,87462,B (Good),Delhi NCR,273600.0,268000.0,2026-07-23,1,2026-08-10,263600.0,18
105892,Maruti Suzuki,Swift,2021,56762,B (Good),Mumbai,313100.0,293000.0,2026-05-20,1,2026-06-01,276100.0,12
105893,Hyundai,Grand i10,2022,52645,B (Good),Bengaluru,301600.0,277400.0,2026-08-20,0,,,12
105894,Mahindra,XUV300,2020,66134,C (Fair),Kolkata,369200.0,359900.0,2026-07-01,1,2026-08-01,352300.0,31
105895,Hyundai,Venue,2023,29359,B (Good),Delhi NCR,530500.0,586000.0,2026-06-12,1,2026-07-03,570700.0,21
105896,Tata,Harrier,2020,72274,B (Good),Chennai,738700.0,605900.0,2026-05-22,1,2026-06-11,598400.0,20
105897,Maruti Suzuki,Ertiga,2024,31234,B (Good),Bengaluru,581800.0,577300.0,2026-08-05,1,2026-08-19,568600.0,14
105898,Maruti Suzuki,Baleno,2021,48398,B (Good),Ahmedabad,344600.0,390500.0,2026-05-13,1,2026-06-18,375100.0,36
105899,Hyundai,Verna,2023,32338,B (Good),Bengaluru,669900.0,667100.0,2026-05-15,1,2026-06-08,641900.0,24
105900,Tata,Harrier,2022,49366,C (Fair),Chennai,822700.0,877600.0,2026-05-19,1,2026-06-20,861100.0,32
105901,Mahindra,Bolero,2018,100141,C (Fair),Hyderabad,257800.0,263900.0,2026-08-13,0,,,19
105902,Honda,Jazz,2021,65291,B (Good),Kolkata,349700.0,265900.0,2026-07-28,1,2026-08-08,262600.0,11
105903,Maruti Suzuki,Ertiga,2023,32267,B (Good),Kolkata,528900.0,505300.0,2026-08-20,0,,,12
105904,Toyota,Innova,2020,72261,C (Fair),Delhi NCR,733600.0,714600.0,2026-08-06,1,2026-08-27,684200.0,21
105905,Tata,Tiago,2019,74775,C (Fair),Ahmedabad,199700.0,182200.0,2026-06-16,1,2026-07-15,171500.0,29
105906,Mahindra,Scorpio,2021,66030,B (Good),Bengaluru,704500.0,734300.0,2026-07-04,1,2026-07-29,714700.0,25
105907,Maruti Suzuki,Baleno,2023,47565,A (Excellent),Delhi NCR,449800.0,425400.0,2026-08-10,1,2026-08-26,405000.0,16
105908,Kia,Sonet,2022,53998,B (Good),Pune,501900.0,535500.0,2026-08-30,0,,,2
105909,Toyota,Glanza,2019,96045,B (Good),Ahmedabad,293600.0,297800.0,2026-05-28,1,2026-06-29,286500.0,32
105910,Kia,Carens,2021,62332,C (Fair),Hyderabad,534700.0,539000.0,2026-07-26,1,2026-08-20,506800.0,25
105911,Maruti Suzuki,Swift,2024,24867,B (Good),Hyderabad,429500.0,481800.0,2026-08-01,1,2026-08-30,460300.0,29
105912,Tata,Punch,2024,23857,B (Good),Kolkata,469000.0,468100.0,2026-07-20,1,2026-08-15,452400.0,26
105913,Kia,Carens,2021,56042,A (Excellent),Hyderabad,646000.0,732200.0,2026-05-25,1,2026-07-04,691300.0,40
105914,Tata,Altroz,2024,25291,B (Good),Mumbai,483900.0,517900.0,2026-06-03,1,2026-07-04,507000.0,31
105915,Toyota,Glanza,2020,70707,B (Good),Bengaluru,331700.0,349300.0,2026-07-19,1,2026-08-22,343000.0,34
105916,Toyota,Fortuner,2019,69774,A (Excellent),Ahmedabad,1455900.0,1288300.0,2026-06-29,1,2026-07-19,1240800.0,20
105917,Toyota,Glanza,2023,35798,B (Good),Ahmedabad,456700.0,479800.0,2026-05-31,1,2026-07-11,465400.0,41
105918,Toyota,Glanza,2024,3305,C (Fair),Ahmedabad,466900.0,446100.0,2026-05-19,1,2026-06-14,428600.0,26
105919,Hyundai,Verna,2019,81787,B (Good),Kolkata,435900.0,461200.0,2026-07-03,1,2026-08-01,439900.0,29
105920,Maruti Suzuki,Ertiga,2022,55135,B (Good),Hyderabad,469900.0,463400.0,2026-08-07,0,,,25
105921,Maruti Suzuki,Ertiga,2024,6078,B (Good),Delhi NCR,596900.0,673800.0,2026-08-13,0,,,19
105922,Hyundai,i20,2016,126501,A (Excellent),Kolkata,220300.0,270300.0,2026-05-09,1,2026-07-01,254700.0,53
105923,Maruti Suzuki,Ertiga,2019,89527,B (Good),Mumbai,341200.0,351800.0,2026-07-15,1,2026-08-05,339600.0,21
105924,Tata,Harrier,2024,16083,B (Good),Bengaluru,1142500.0,1219300.0,2026-05-26,1,2026-06-10,1157200.0,15
105925,Maruti Suzuki,Baleno,2022,39001,A (Excellent),Mumbai,413000.0,330700.0,2026-06-08,1,2026-06-15,312100.0,7
105926,Maruti Suzuki,Swift,2023,42546,C (Fair),Ahmedabad,345400.0,362100.0,2026-08-16,0,,,16
105927,Maruti Suzuki,Ertiga,2020,59488,A (Excellent),Bengaluru,418300.0,425400.0,2026-08-04,1,2026-08-22,420400.0,18
105928,Mahindra,XUV300,2024,22209,A (Excellent),Ahmedabad,676500.0,632200.0,2026-08-31,0,,,1
105929,Hyundai,Grand i10,2020,85035,C (Fair),Delhi NCR,217100.0,249800.0,2026-08-03,0,,,29
105930,Honda,Amaze,2019,86087,B (Good),Pune,274000.0,275200.0,2026-05-15,1,2026-06-03,270300.0,19
105931,Maruti Suzuki,Dzire,2016,124098,B (Good),Mumbai,191300.0,169000.0,2026-07-01,1,2026-07-14,163700.0,13
105932,Hyundai,i20,2023,43993,B (Good),Delhi NCR,431900.0,472100.0,2026-08-20,0,,,12
105933,Kia,Seltos,2019,89647,B (Good),Bengaluru,523200.0,505700.0,2026-08-13,0,,,19
105934,Mahindra,Bolero,2024,8726,B (Good),Hyderabad,555700.0,581200.0,2026-07-30,1,2026-08-22,559000.0,23
105935,Mahindra,Bolero,2018,101002,B (Good),Bengaluru,286200.0,254900.0,2026-05-12,1,2026-05-28,249700.0,16
105936,Maruti Suzuki,WagonR,2017,101931,C (Fair),Chennai,150500.0,158700.0,2026-07-20,1,2026-08-25,155000.0,36
105937,Tata,Altroz,2021,49905,C (Fair),Bengaluru,319900.0,348700.0,2026-05-27,1,2026-06-25,339700.0,29
105938,Tata,Tiago,2019,82653,B (Good),Kolkata,220000.0,270900.0,2026-08-04,0,,,28
105939,Hyundai,Verna,2017,99884,B (Good),Chennai,353900.0,413600.0,2026-05-09,1,2026-06-21,398100.0,43
105940,Tata,Punch,2020,84681,B (Good),Chennai,301600.0,282100.0,2026-06-01,1,2026-07-04,274200.0,33
105941,Toyota,Glanza,2022,37795,B (Good),Pune,414800.0,395200.0,2026-05-08,1,2026-05-30,372700.0,22
105942,Toyota,Innova,2019,83149,A (Excellent),Pune,791700.0,897200.0,2026-08-29,0,,,3
105943,Maruti Suzuki,Baleno,2021,43711,A (Excellent),Bengaluru,373900.0,349800.0,2026-05-11,1,2026-05-26,334100.0,15
105944,Hyundai,Creta,2021,50432,B (Good),Hyderabad,659000.0,669600.0,2026-05-29,1,2026-06-21,648600.0,23
105945,Maruti Suzuki,Swift,2022,49095,C (Fair),Pune,312100.0,313300.0,2026-08-31,0,,,1
105946,Mahindra,Bolero,2016,122101,B (Good),Pune,231400.0,226300.0,2026-06-09,1,2026-07-01,221700.0,22
105947,Maruti Suzuki,Dzire,2020,71829,B (Good),Pune,295600.0,298800.0,2026-05-25,1,2026-06-25,285200.0,31
105948,Hyundai,Grand i10,2022,59299,A (Excellent),Chennai,323400.0,282400.0,2026-05-12,1,2026-05-29,273600.0,17
105949,Toyota,Innova,2024,27304,B (Good),Mumbai,1246300.0,1288100.0,2026-06-06,1,2026-07-09,1251900.0,33
105950,Hyundai,Venue,2024,32591,B (Good),Chennai,581000.0,509900.0,2026-08-20,0,,,12
105951,Honda,WR-V,2016,122294,B (Good),Delhi NCR,257800.0,233700.0,2026-08-01,1,2026-08-25,231300.0,24
105952,Mahindra,XUV300,2017,104351,B (Good),Mumbai,296500.0,234300.0,2026-05-30,1,2026-06-11,227900.0,12
105953,Toyota,Innova,2023,18541,C (Fair),Ahmedabad,1029900.0,932100.0,2026-05-05,1,2026-06-07,917800.0,33
105954,Tata,Nexon,2021,73132,B (Good),Pune,475400.0,460000.0,2026-08-13,0,,,19
105955,Maruti Suzuki,WagonR,2022,47165,B (Good),Ahmedabad,284300.0,249400.0,2026-08-30,0,,,2
105956,Hyundai,i20,2023,22153,B (Good),Pune,441800.0,425900.0,2026-07-12,1,2026-08-03,419400.0,22
105957,Mahindra,Bolero,2023,35075,B (Good),Kolkata,492200.0,476200.0,2026-06-14,1,2026-07-14,456800.0,30
105958,Hyundai,Creta,2018,87823,B (Good),Pune,477000.0,461000.0,2026-05-16,1,2026-06-13,448200.0,28
105959,Maruti Suzuki,Dzire,2024,26955,B (Good),Delhi NCR,451900.0,422600.0,2026-07-12,1,2026-07-28,409800.0,16
105960,Mahindra,Bolero,2022,65531,C (Fair),Pune,390400.0,364200.0,2026-06-25,1,2026-07-24,355200.0,29
105961,Tata,Tiago,2020,93746,B (Good),Kolkata,238900.0,258200.0,2026-06-23,1,2026-08-15,242800.0,53
105962,Tata,Punch,2023,30492,B (Good),Kolkata,423900.0,410800.0,2026-08-27,0,,,5
105963,Kia,Sonet,2024,21982,B (Good),Pune,626600.0,595300.0,2026-05-19,1,2026-06-10,587200.0,22
105964,Mahindra,XUV700,2020,76504,B (Good),Hyderabad,836800.0,918400.0,2026-07-24,1,2026-08-25,871500.0,32
105965,Maruti Suzuki,Dzire,2016,124763,C (Fair),Pune,172000.0,182500.0,2026-08-31,0,,,1
105966,Hyundai,Creta,2023,43488,C (Fair),Mumbai,721400.0,713100.0,2026-07-19,1,2026-08-02,673200.0,14
105967,Mahindra,Scorpio,2020,79588,A (Excellent),Mumbai,682300.0,780500.0,2026-05-16,1,2026-06-19,748600.0,34
105968,Maruti Suzuki,Ertiga,2018,105339,B (Good),Pune,305100.0,329600.0,2026-05-07,1,2026-06-04,316500.0,28
105969,Honda,Jazz,2018,102772,B (Good),Chennai,253000.0,233600.0,2026-06-13,1,2026-07-12,229800.0,29
105970,Mahindra,XUV300,2023,31564,C (Fair),Bengaluru,508100.0,473500.0,2026-08-25,0,,,7
105971,Maruti Suzuki,Baleno,2020,67208,B (Good),Pune,307300.0,335700.0,2026-07-12,1,2026-08-18,325600.0,37
105972,Tata,Nexon,2022,39314,B (Good),Bengaluru,541500.0,589400.0,2026-07-01,1,2026-07-30,579100.0,29
105973,Maruti Suzuki,Ertiga,2023,28722,A (Excellent),Kolkata,573300.0,537500.0,2026-07-29,0,,,34
105974,Mahindra,Scorpio,2022,44581,C (Fair),Mumbai,712800.0,661800.0,2026-07-11,1,2026-07-28,623600.0,17
105975,Honda,City,2020,68542,B (Good),Mumbai,460400.0,520700.0,2026-08-23,0,,,9
105976,Hyundai,Venue,2020,70797,B (Good),Bengaluru,382700.0,392600.0,2026-08-03,1,2026-08-16,370200.0,13
105977,Maruti Suzuki,Dzire,2024,32049,A (Excellent),Ahmedabad,485500.0,465200.0,2026-07-29,1,2026-08-26,455800.0,28
105978,Mahindra,XUV700,2023,35961,B (Good),Bengaluru,1159200.0,1107900.0,2026-06-03,1,2026-07-01,1091300.0,28
105979,Mahindra,XUV700,2023,39989,A (Excellent),Kolkata,1246700.0,1391500.0,2026-08-23,0,,,9
105980,Kia,Seltos,2021,75723,C (Fair),Pune,577300.0,573900.0,2026-06-15,1,2026-07-20,544000.0,35
105981,Honda,Amaze,2019,96403,A (Excellent),Ahmedabad,292600.0,250800.0,2026-06-28,1,2026-07-13,247500.0,15
105982,Hyundai,i20,2021,56675,B (Good),Pune,352900.0,335400.0,2026-08-07,1,2026-08-30,328300.0,23
105983,Maruti Suzuki,Dzire,2021,54665,A (Excellent),Bengaluru,357300.0,367400.0,2026-06-21,1,2026-07-24,349900.0,33
105984,Toyota,Innova,2024,32847,B (Good),Pune,1239200.0,1301000.0,2026-05-19,1,2026-06-13,1240100.0,25
105985,Maruti Suzuki,WagonR,2017,110539,C (Fair),Chennai,149100.0,159800.0,2026-06-09,1,2026-07-16,157000.0,37
105986,Hyundai,Grand i10,2022,53410,B (Good),Mumbai,301300.0,335300.0,2026-05-19,1,2026-06-19,323800.0,31
105987,Toyota,Fortuner,2023,35742,B (Good),Ahmedabad,2037800.0,1923300.0,2026-07-16,1,2026-08-06,1844800.0,21
105988,Honda,City,2023,34426,B (Good),Bengaluru,633300.0,602300.0,2026-08-24,0,,,8
105989,Mahindra,XUV700,2020,59708,A (Excellent),Delhi NCR,920200.0,857300.0,2026-06-09,1,2026-07-04,845100.0,25
105990,Tata,Tiago,2024,30731,A (Excellent),Kolkata,402400.0,396300.0,2026-06-10,1,2026-07-07,373800.0,27
105991,Maruti Suzuki,Ertiga,2024,28182,B (Good),Bengaluru,583700.0,584500.0,2026-07-07,1,2026-07-31,566800.0,24
105992,Kia,Sonet,2020,71854,B (Good),Pune,407800.0,383400.0,2026-05-09,1,2026-05-31,361800.0,22
105993,Toyota,Innova,2017,105520,A (Excellent),Chennai,639600.0,515000.0,2026-05-25,1,2026-06-23,497400.0,29
105994,Tata,Harrier,2023,46243,A (Excellent),Delhi NCR,1088400.0,1186100.0,2026-08-27,0,,,5
105995,Hyundai,Creta,2021,61457,B (Good),Pune,651300.0,613300.0,2026-08-01,0,,,31
105996,Toyota,Innova,2023,32195,C (Fair),Delhi NCR,1015600.0,1007500.0,2026-06-08,1,2026-06-30,966100.0,22
105997,Toyota,Glanza,2023,42205,C (Fair),Kolkata,408300.0,406500.0,2026-08-14,0,,,18
105998,Mahindra,XUV300,2019,78372,C (Fair),Mumbai,331600.0,318000.0,2026-05-13,1,2026-06-10,301500.0,28
105999,Hyundai,Grand i10,2018,103813,A (Excellent),Ahmedabad,211300.0,203700.0,2026-07-22,1,2026-08-30,193000.0,39
106000,Maruti Suzuki,Swift,2024,26601,A (Excellent),Ahmedabad,463000.0,446700.0,2026-07-25,1,2026-08-25,442000.0,31
106001,Honda,WR-V,2022,60517,B (Good),Delhi NCR,485900.0,539600.0,2026-05-06,1,2026-06-04,517600.0,29
106002,Maruti Suzuki,Ertiga,2024,32160,B (Good),Delhi NCR,581300.0,667800.0,2026-06-24,1,2026-07-26,629600.0,32
106003,Maruti Suzuki,Dzire,2023,32723,B (Good),Ahmedabad,408800.0,384500.0,2026-08-30,0,,,2
106004,Tata,Harrier,2023,48200,B (Good),Mumbai,1005700.0,916000.0,2026-08-11,0,,,21
106005,Tata,Punch,2022,50880,B (Good),Hyderabad,377600.0,412300.0,2026-08-26,0,,,6
106006,Honda,City,2023,35047,B (Good),Delhi NCR,632900.0,575100.0,2026-05-14,1,2026-06-05,548100.0,22
106007,Kia,Seltos,2022,49918,B (Good),Kolkata,724500.0,752700.0,2026-05-08,1,2026-06-06,709400.0,29
106008,Hyundai,Creta,2023,37611,A (Excellent),Chennai,871000.0,883700.0,2026-08-17,0,,,15
106009,Maruti Suzuki,Ertiga,2020,80503,C (Fair),Chennai,340800.0,380300.0,2026-05-21,1,2026-07-03,368800.0,43
106010,Hyundai,Creta,2022,55327,C (Fair),Chennai,648400.0,727000.0,2026-06-01,1,2026-07-10,708500.0,39
106011,Toyota,Glanza,2021,48900,B (Good),Bengaluru,373100.0,401000.0,2026-05-18,1,2026-06-14,393000.0,27
106012,Maruti Suzuki,Swift,2023,43842,A (Excellent),Ahmedabad,413900.0,370200.0,2026-07-22,1,2026-08-20,354000.0,29
106013,Toyota,Innova,2017,112620,B (Good),Chennai,587500.0,575900.0,2026-08-22,0,,,10
106014,Tata,Altroz,2023,45077,B (Good),Hyderabad,431400.0,434900.0,2026-08-01,1,2026-08-26,425800.0,25
106015,Tata,Nexon,2016,114934,B (Good),Pune,283300.0,296700.0,2026-05-22,1,2026-06-23,281600.0,32
106016,Tata,Altroz,2019,79456,B (Good),Ahmedabad,285200.0,269000.0,2026-05-22,1,2026-07-03,262900.0,42
106017,Mahindra,Bolero,2021,65917,C (Fair),Pune,355100.0,328200.0,2026-06-12,1,2026-06-26,313600.0,14
106018,Hyundai,Venue,2024,15149,A (Excellent),Chennai,638800.0,627700.0,2026-07-16,1,2026-08-11,593300.0,26
106019,Tata,Nexon,2017,111790,A (Excellent),Ahmedabad,337400.0,346300.0,2026-07-21,1,2026-08-27,341300.0,37
106020,Honda,WR-V,2023,48473,A (Excellent),Kolkata,584100.0,539800.0,2026-07-14,1,2026-08-12,519000.0,29
106021,Hyundai,i20,2018,92572,A (Excellent),Hyderabad,276300.0,313500.0,2026-06-01,1,2026-06-30,302600.0,29
106022,Maruti Suzuki,Baleno,2024,28393,A (Excellent),Kolkata,504200.0,503000.0,2026-07-10,1,2026-08-11,475100.0,32
106023,Toyota,Glanza,2019,99978,A (Excellent),Chennai,315700.0,365700.0,2026-08-26,0,,,6
106024,Tata,Tiago,2022,53561,A (Excellent),Bengaluru,325400.0,335000.0,2026-07-20,1,2026-08-14,321200.0,25
106025,Hyundai,i20,2020,83958,C (Fair),Hyderabad,280700.0,300400.0,2026-07-26,1,2026-08-18,286000.0,23
106026,Toyota,Fortuner,2022,43341,A (Excellent),Kolkata,1986900.0,2207300.0,2026-07-09,1,2026-08-22,2122300.0,44
106027,Tata,Nexon,2024,20045,B (Good),Bengaluru,667000.0,709800.0,2026-07-14,1,2026-08-07,685500.0,24
106028,Maruti Suzuki,Baleno,2018,84881,C (Fair),Pune,224700.0,241600.0,2026-06-03,1,2026-07-07,238900.0,34
106029,Maruti Suzuki,Dzire,2020,69384,A (Excellent),Chennai,320100.0,325900.0,2026-07-05,1,2026-07-28,313900.0,23
106030,Hyundai,i20,2022,49548,B (Good),Delhi NCR,390800.0,380900.0,2026-07-15,1,2026-08-17,365400.0,33
106031,Maruti Suzuki,Dzire,2021,62094,A (Excellent),Bengaluru,354500.0,373900.0,2026-07-14,1,2026-08-02,366900.0,19
106032,Maruti Suzuki,Swift,2023,33326,A (Excellent),Bengaluru,418400.0,433900.0,2026-05-27,1,2026-06-21,420300.0,25
106033,Mahindra,Bolero,2018,99013,C (Fair),Ahmedabad,258100.0,271300.0,2026-08-08,0,,,24
106034,Mahindra,XUV300,2023,33787,A (Excellent),Chennai,608300.0,633700.0,2026-06-09,1,2026-07-09,614200.0,30
106035,Mahindra,XUV700,2023,31085,B (Good),Chennai,1165000.0,1071900.0,2026-05-06,1,2026-05-28,1037800.0,22
106036,Maruti Suzuki,WagonR,2024,22328,A (Excellent),Ahmedabad,380500.0,389600.0,2026-05-08,1,2026-06-08,384500.0,31
106037,Maruti Suzuki,Baleno,2024,39124,B (Good),Chennai,461700.0,446000.0,2026-07-29,1,2026-08-23,440700.0,25
106038,Toyota,Innova,2023,40453,C (Fair),Bengaluru,1006900.0,936400.0,2026-06-03,1,2026-06-17,892700.0,14
106039,Mahindra,XUV700,2017,99167,A (Excellent),Mumbai,664300.0,677100.0,2026-07-02,1,2026-07-25,647800.0,23
106040,Maruti Suzuki,Dzire,2021,65961,B (Good),Pune,326900.0,325000.0,2026-05-10,1,2026-06-15,307100.0,36
106041,Tata,Altroz,2023,29556,A (Excellent),Hyderabad,473500.0,469000.0,2026-06-14,1,2026-07-13,458100.0,29
106042,Hyundai,Creta,2023,39113,C (Fair),Kolkata,724700.0,738700.0,2026-07-19,1,2026-08-25,707000.0,37
106043,Kia,Carens,2021,66446,A (Excellent),Mumbai,638900.0,674300.0,2026-05-20,1,2026-06-24,654400.0,35
106044,Tata,Harrier,2018,102076,B (Good),Bengaluru,592100.0,533900.0,2026-08-28,0,,,4
106045,Maruti Suzuki,Dzire,2023,42894,A (Excellent),Delhi NCR,436900.0,405200.0,2026-07-04,1,2026-07-26,384100.0,22
106046,Maruti Suzuki,Ertiga,2017,112112,C (Fair),Ahmedabad,248000.0,209400.0,2026-07-14,1,2026-08-05,197100.0,22
106047,Hyundai,i20,2022,34016,B (Good),Delhi NCR,397200.0,356000.0,2026-07-09,1,2026-08-05,350400.0,27
106048,Honda,WR-V,2024,30948,B (Good),Hyderabad,605300.0,519200.0,2026-05-09,1,2026-05-28,512800.0,19
106049,Kia,Sonet,2019,94892,C (Fair),Pune,325700.0,298400.0,2026-06-29,1,2026-07-29,290200.0,30
106050,Tata,Altroz,2021,69662,B (Good),Delhi NCR,348100.0,312000.0,2026-07-29,1,2026-08-23,303600.0,25
106051,Hyundai,Verna,2019,67718,C (Fair),Chennai,398300.0,391300.0,2026-06-28,1,2026-08-01,384900.0,34
106052,Tata,Punch,2019,86047,B (Good),Hyderabad,274000.0,235300.0,2026-08-15,0,,,17
106053,Toyota,Innova,2018,109935,A (Excellent),Pune,699400.0,607400.0,2026-06-15,1,2026-07-16,595900.0,31
106054,Tata,Harrier,2022,51984,B (Good),Mumbai,911600.0,847600.0,2026-07-28,1,2026-08-10,812100.0,13
106055,Hyundai,Venue,2024,10694,B (Good),Hyderabad,594200.0,630600.0,2026-06-22,1,2026-08-06,609600.0,45
106056,Maruti Suzuki,Swift,2016,121255,B (Good),Hyderabad,182000.0,192400.0,2026-07-13,1,2026-08-10,185900.0,28
106057,Mahindra,XUV300,2023,55098,B (Good),Bengaluru,550900.0,627200.0,2026-05-05,1,2026-06-06,617500.0,32
106058,Maruti Suzuki,WagonR,2021,68469,A (Excellent),Delhi NCR,273200.0,254800.0,2026-07-16,1,2026-07-29,250100.0,13
106059,Hyundai,Grand i10,2024,38279,B (Good),Kolkata,369700.0,425900.0,2026-06-07,1,2026-07-23,400400.0,46
106060,Maruti Suzuki,Ertiga,2021,65767,A (Excellent),Chennai,456700.0,414100.0,2026-06-05,1,2026-07-03,389900.0,28
106061,Tata,Altroz,2020,73916,B (Good),Bengaluru,315300.0,354600.0,2026-05-29,1,2026-06-28,335500.0,30
106062,Mahindra,XUV700,2021,65019,A (Excellent),Hyderabad,1005400.0,995300.0,2026-08-06,0,,,26
106063,Maruti Suzuki,Baleno,2022,48067,A (Excellent),Bengaluru,409100.0,385400.0,2026-06-03,1,2026-06-27,366200.0,24
106064,Kia,Carens,2023,42657,B (Good),Ahmedabad,732500.0,769500.0,2026-07-08,1,2026-08-22,759300.0,45
106065,Honda,Amaze,2019,95566,A (Excellent),Kolkata,292900.0,287700.0,2026-06-01,1,2026-07-05,278300.0,34
106066,Toyota,Innova,2020,68654,B (Good),Mumbai,818300.0,761000.0,2026-08-17,0,,,15
106067,Tata,Harrier,2020,62442,A (Excellent),Mumbai,806300.0,901600.0,2026-07-20,1,2026-08-21,864600.0,32
106068,Hyundai,Verna,2020,78901,B (Good),Kolkata,480500.0,492500.0,2026-05-10,1,2026-06-12,467600.0,33
106069,Tata,Altroz,2023,39466,B (Good),Bengaluru,434000.0,446800.0,2026-07-22,1,2026-08-04,440000.0,13
106070,Maruti Suzuki,Dzire,2024,27743,B (Good),Kolkata,451600.0,345800.0,2026-05-13,1,2026-05-27,329900.0,14
106071,Mahindra,Bolero,2022,50346,B (Good),Mumbai,440800.0,394400.0,2026-07-20,1,2026-08-20,387500.0,31
106072,Maruti Suzuki,Swift,2019,75454,C (Fair),Kolkata,228700.0,249400.0,2026-05-22,1,2026-06-27,240600.0,36
106073,Hyundai,Venue,2019,73270,B (Good),Pune,347300.0,380600.0,2026-06-20,1,2026-08-02,360200.0,43
106074,Hyundai,Grand i10,2023,30168,C (Fair),Bengaluru,305300.0,316100.0,2026-08-17,0,,,15
106075,Maruti Suzuki,Swift,2024,17095,B (Good),Bengaluru,432900.0,432200.0,2026-06-05,1,2026-06-19,420500.0,14
106076,Kia,Seltos,2018,103988,B (Good),Chennai,468600.0,572000.0,2026-07-09,1,2026-08-18,546900.0,40
106077,Maruti Suzuki,Dzire,2017,113587,B (Good),Pune,212800.0,228300.0,2026-07-27,1,2026-08-24,223200.0,28
106078,Mahindra,XUV700,2022,59291,B (Good),Chennai,1029300.0,863700.0,2026-07-09,1,2026-08-04,828100.0,26
106079,Maruti Suzuki,Baleno,2023,36711,B (Good),Delhi NCR,421200.0,411700.0,2026-05-29,1,2026-06-27,401200.0,29
106080,Kia,Seltos,2019,89645,B (Good),Pune,523200.0,601900.0,2026-08-20,0,,,12
106081,Hyundai,Verna,2020,69153,C (Fair),Kolkata,437100.0,435500.0,2026-05-07,1,2026-06-06,410900.0,30
106082,Mahindra,XUV300,2020,75894,A (Excellent),Kolkata,438500.0,465700.0,2026-06-16,1,2026-07-25,450700.0,39
106083,Maruti Suzuki,WagonR,2020,74540,B (Good),Bengaluru,228700.0,224100.0,2026-05-22,1,2026-06-10,215300.0,19
106084,Tata,Nexon,2021,53021,B (Good),Hyderabad,485700.0,480600.0,2026-07-31,0,,,32
106085,Maruti Suzuki,WagonR,2024,23914,A (Excellent),Chennai,379900.0,392300.0,2026-08-18,0,,,14
106086,Toyota,Fortuner,2022,50972,B (Good),Kolkata,1825100.0,1798100.0,2026-05-31,1,2026-07-12,1771400.0,42
106087,Hyundai,Grand i10,2024,17576,B (Good),Bengaluru,377600.0,390600.0,2026-08-03,0,,,29
106088,Toyota,Innova,2024,19230,C (Fair),Bengaluru,1131000.0,1069100.0,2026-08-14,0,,,18
106089,Tata,Altroz,2021,47938,B (Good),Pune,356200.0,353600.0,2026-07-25,1,2026-08-28,339500.0,34
106090,Hyundai,Creta,2022,45872,B (Good),Ahmedabad,727600.0,765100.0,2026-08-01,1,2026-08-29,746000.0,28
106091,Hyundai,Creta,2023,33735,C (Fair),Hyderabad,728800.0,679200.0,2026-05-11,1,2026-06-07,665700.0,27
106092,Tata,Harrier,2023,13952,B (Good),Pune,1041900.0,851500.0,2026-07-29,1,2026-08-01,834800.0,3
106093,Maruti Suzuki,Ertiga,2016,117640,B (Good),Chennai,249200.0,248000.0,2026-07-20,1,2026-08-17,244100.0,28
106094,Hyundai,Venue,2024,15965,A (Excellent),Hyderabad,638300.0,632900.0,2026-07-01,1,2026-07-26,609400.0,25
106095,Kia,Sonet,2023,45140,B (Good),Ahmedabad,556700.0,492000.0,2026-06-17,1,2026-07-01,484800.0,14
106096,Hyundai,i20,2023,38463,C (Fair),Mumbai,391000.0,434200.0,2026-07-16,1,2026-08-16,417500.0,31
106097,Honda,Amaze,2023,46692,B (Good),Chennai,416800.0,420600.0,2026-05-26,1,2026-06-24,410600.0,29
106098,Tata,Nexon,2022,47608,A (Excellent),Ahmedabad,579800.0,575200.0,2026-06-23,1,2026-07-31,546100.0,38
106099,Hyundai,Verna,2022,37794,A (Excellent),Delhi NCR,654700.0,643000.0,2026-07-16,1,2026-08-07,627900.0,22
106100,Maruti Suzuki,WagonR,2024,16752,B (Good),Pune,354300.0,315900.0,2026-07-29,1,2026-08-31,311400.0,33
106101,Mahindra,Scorpio,2018,111684,A (Excellent),Hyderabad,545300.0,508500.0,2026-06-02,1,2026-06-22,502400.0,20
106102,Maruti Suzuki,Baleno,2023,42265,B (Good),Pune,418800.0,438900.0,2026-05-31,1,2026-06-27,422900.0,27
106103,Hyundai,Grand i10,2024,20168,C (Fair),Pune,339000.0,357000.0,2026-07-24,1,2026-08-21,343500.0,28
106104,Toyota,Glanza,2016,127738,B (Good),Hyderabad,213500.0,224300.0,2026-08-02,1,2026-08-30,214300.0,28
106105,Tata,Punch,2021,58253,A (Excellent),Delhi NCR,368300.0,423100.0,2026-08-16,0,,,16
106106,Hyundai,Creta,2020,87535,C (Fair),Hyderabad,518600.0,494000.0,2026-07-28,1,2026-08-17,466300.0,20
106107,Maruti Suzuki,Baleno,2024,16686,C (Fair),Delhi NCR,425200.0,459800.0,2026-05-11,1,2026-06-17,441400.0,37
106108,Tata,Punch,2018,92157,A (Excellent),Pune,267500.0,242900.0,2026-06-10,1,2026-07-09,236900.0,29
106109,Tata,Altroz,2017,114796,C (Fair),Mumbai,204400.0,196000.0,2026-08-30,0,,,2
106110,Mahindra,XUV700,2023,43042,A (Excellent),Kolkata,1242700.0,1285500.0,2026-06-24,1,2026-08-02,1257200.0,39
106111,Mahindra,Bolero,2021,46589,B (Good),Pune,402700.0,438300.0,2026-06-23,1,2026-07-22,422200.0,29
106112,Maruti Suzuki,Ertiga,2021,65778,A (Excellent),Mumbai,456600.0,432600.0,2026-05-13,1,2026-06-03,421400.0,21
106113,Mahindra,XUV300,2020,79411,A (Excellent),Delhi NCR,436800.0,423700.0,2026-05-18,1,2026-06-16,403300.0,29
106114,Maruti Suzuki,Dzire,2024,36924,B (Good),Delhi NCR,447300.0,441100.0,2026-07-21,1,2026-08-19,428400.0,29
106115,Maruti Suzuki,Ertiga,2022,44152,A (Excellent),Bengaluru,513400.0,511000.0,2026-07-02,1,2026-07-18,484400.0,16
106116,Maruti Suzuki,Dzire,2024,34088,B (Good),Mumbai,448600.0,450800.0,2026-08-24,0,,,8
106117,Toyota,Innova,2021,56843,B (Good),Mumbai,910700.0,901600.0,2026-07-19,1,2026-08-11,884600.0,23
106118,Toyota,Fortuner,2019,72692,B (Good),Ahmedabad,1343900.0,1382900.0,2026-07-24,1,2026-08-24,1319700.0,31
106119,Toyota,Fortuner,2020,70477,C (Fair),Ahmedabad,1332300.0,1347500.0,2026-08-31,0,,,1
106120,Hyundai,Venue,2019,84195,B (Good),Chennai,343200.0,340700.0,2026-05-10,1,2026-06-04,321400.0,25
106121,Toyota,Innova,2022,38271,B (Good),Kolkata,1020400.0,962500.0,2026-08-25,0,,,7
106122,Kia,Seltos,2021,60521,B (Good),Chennai,652000.0,594400.0,2026-05-14,1,2026-06-14,570800.0,31
106123,Maruti Suzuki,WagonR,2024,18255,C (Fair),Mumbai,318400.0,279800.0,2026-07-03,1,2026-07-23,264500.0,20
106124,Toyota,Glanza,2021,41638,A (Excellent),Kolkata,406000.0,428700.0,2026-08-17,0,,,15
106125,Mahindra,Bolero,2022,56446,A (Excellent),Delhi NCR,473000.0,493100.0,2026-05-15,1,2026-06-15,470500.0,31
106126,Maruti Suzuki,WagonR,2021,52925,B (Good),Kolkata,257200.0,242600.0,2026-08-25,0,,,7
106127,Toyota,Innova,2019,82181,A (Excellent),Pune,792600.0,637600.0,2026-06-15,1,2026-06-30,620400.0,15
106128,Maruti Suzuki,Baleno,2023,37766,C (Fair),Hyderabad,378700.0,358600.0,2026-06-05,1,2026-06-29,348200.0,24
106129,Hyundai,Verna,2020,64184,B (Good),Pune,488200.0,522800.0,2026-07-04,1,2026-08-08,503100.0,35
106130,Maruti Suzuki,Baleno,2022,43045,C (Fair),Hyderabad,342700.0,329600.0,2026-07-12,1,2026-08-11,315000.0,30
106131,Tata,Altroz,2022,56194,A (Excellent),Kolkata,419100.0,458800.0,2026-08-11,0,,,21
106132,Mahindra,XUV300,2024,33743,A (Excellent),Kolkata,668500.0,625900.0,2026-05-24,1,2026-06-24,600000.0,31
106133,Hyundai,Grand i10,2024,34613,A (Excellent),Delhi NCR,400800.0,416200.0,2026-05-31,1,2026-07-01,405500.0,31
106134,Honda,Amaze,2023,32919,B (Good),Mumbai,422800.0,393400.0,2026-06-05,1,2026-07-01,372100.0,26
106135,Maruti Suzuki,Baleno,2024,19210,A (Excellent),Mumbai,508900.0,504400.0,2026-07-28,1,2026-08-29,482200.0,32
106136,Honda,City,2023,49584,C (Fair),Bengaluru,561000.0,608600.0,2026-08-25,0,,,7
106137,Tata,Nexon,2023,30224,B (Good),Pune,600700.0,571800.0,2026-07-02,1,2026-07-23,565300.0,21
106138,Honda,Jazz,2021,63772,B (Good),Hyderabad,350300.0,351900.0,2026-06-12,1,2026-07-10,341200.0,28
106139,Kia,Seltos,2017,98549,B (Good),Mumbai,429000.0,347300.0,2026-08-06,1,2026-08-18,331100.0,12
106140,Kia,Seltos,2021,46528,B (Good),Kolkata,661700.0,666600.0,2026-06-10,1,2026-07-06,634600.0,26
106141,Mahindra,XUV700,2019,80101,A (Excellent),Pune,819200.0,839100.0,2026-07-19,1,2026-08-25,807200.0,37
106142,Toyota,Glanza,2022,35969,C (Fair),Hyderabad,374000.0,406500.0,2026-08-01,1,2026-08-28,384100.0,27
106143,Tata,Nexon,2018,84135,A (Excellent),Bengaluru,382300.0,406900.0,2026-06-30,1,2026-07-24,385100.0,24
106144,Honda,WR-V,2021,58352,C (Fair),Hyderabad,398900.0,408700.0,2026-07-02,1,2026-08-11,392700.0,40
106145,Tata,Altroz,2016,119016,B (Good),Pune,205700.0,183500.0,2026-07-20,1,2026-08-09,180800.0,20
106146,Mahindra,XUV700,2023,35619,B (Good),Ahmedabad,1159600.0,1116900.0,2026-07-10,1,2026-08-11,1082200.0,32
106147,Hyundai,Venue,2017,101068,B (Good),Chennai,279000.0,276400.0,2026-07-27,1,2026-08-19,273100.0,23
106148,Maruti Suzuki,Baleno,2020,63616,A (Excellent),Bengaluru,333200.0,329100.0,2026-07-12,1,2026-08-05,315300.0,24
106149,Maruti Suzuki,WagonR,2018,107785,C (Fair),Delhi NCR,164300.0,177400.0,2026-08-28,0,,,4
106150,Tata,Altroz,2020,82950,C (Fair),Bengaluru,281000.0,271000.0,2026-06-05,1,2026-06-21,263500.0,16
106151,Honda,City,2024,28716,C (Fair),Ahmedabad,630000.0,585900.0,2026-08-24,0,,,8
106152,Honda,Amaze,2024,25866,B (Good),Hyderabad,468100.0,514600.0,2026-06-12,1,2026-07-21,495800.0,39
106153,Hyundai,Grand i10,2021,58325,B (Good),Kolkata,272800.0,273600.0,2026-08-18,0,,,14
106154,Hyundai,i20,2016,116436,C (Fair),Pune,185700.0,171500.0,2026-06-04,1,2026-06-30,168700.0,26
106155,Tata,Tiago,2021,52906,C (Fair),Kolkata,246900.0,216100.0,2026-07-24,1,2026-08-11,203700.0,18
106156,Maruti Suzuki,Swift,2021,51848,B (Good),Kolkata,314700.0,309200.0,2026-07-29,1,2026-08-29,305200.0,31
106157,Hyundai,Verna,2016,120134,A (Excellent),Kolkata,340000.0,333800.0,2026-08-08,0,,,24
106158,Maruti Suzuki,Ertiga,2019,61494,A (Excellent),Chennai,379900.0,336400.0,2026-06-22,1,2026-07-11,319600.0,19
106159,Honda,Amaze,2019,84955,B (Good),Bengaluru,274400.0,283200.0,2026-06-23,1,2026-07-13,274000.0,20
106160,Kia,Sonet,2019,97063,A (Excellent),Mumbai,389900.0,336900.0,2026-05-25,1,2026-06-12,320200.0,18
106161,Hyundai,Verna,2016,118516,B (Good),Mumbai,315400.0,291100.0,2026-06-08,1,2026-06-26,278100.0,18
106162,Honda,Amaze,2018,91661,B (Good),Bengaluru,247800.0,225400.0,2026-06-04,1,2026-06-15,215800.0,11
106163,Hyundai,i20,2021,57269,B (Good),Ahmedabad,352700.0,386900.0,2026-07-18,1,2026-08-28,369900.0,41
106164,Toyota,Glanza,2019,88606,C (Fair),Hyderabad,266400.0,268400.0,2026-06-14,1,2026-07-28,257300.0,44
106165,Maruti Suzuki,Dzire,2022,50999,B (Good),Delhi NCR,365000.0,373300.0,2026-07-22,1,2026-08-23,354800.0,32
106166,Maruti Suzuki,Baleno,2021,54596,C (Fair),Mumbai,308100.0,290100.0,2026-06-15,1,2026-07-13,281100.0,28
106167,Maruti Suzuki,Baleno,2021,69151,A (Excellent),Bengaluru,364000.0,384900.0,2026-07-26,1,2026-08-16,374500.0,21
106168,Tata,Harrier,2020,58554,B (Good),Pune,749600.0,699700.0,2026-06-09,1,2026-07-01,665800.0,22
106169,Mahindra,XUV700,2023,46344,B (Good),Mumbai,1146700.0,1061800.0,2026-05-20,1,2026-06-07,1004400.0,18
106170,Honda,WR-V,2022,51112,B (Good),Bengaluru,490800.0,404800.0,2026-08-27,0,,,5
106171,Maruti Suzuki,WagonR,2024,28358,B (Good),Pune,350100.0,353700.0,2026-05-27,1,2026-07-01,334300.0,35
106172,Kia,Carens,2019,83848,B (Good),Hyderabad,480700.0,475100.0,2026-07-31,1,2026-08-19,461800.0,19
106173,Hyundai,Verna,2024,25644,B (Good),Mumbai,741300.0,709100.0,2026-05-26,1,2026-06-18,688000.0,23
106174,Mahindra,Bolero,2022,43437,A (Excellent),Kolkata,479600.0,514500.0,2026-05-24,1,2026-07-11,498800.0,48
106175,Hyundai,Verna,2018,72577,B (Good),Ahmedabad,400700.0,304100.0,2026-08-04,1,2026-08-25,299600.0,21
106176,Honda,Amaze,2023,27475,B (Good),Ahmedabad,425200.0,457600.0,2026-06-14,1,2026-07-22,445900.0,38
106177,Maruti Suzuki,Ertiga,2023,23080,A (Excellent),Delhi NCR,576600.0,514500.0,2026-07-02,1,2026-07-25,500300.0,23
106178,Maruti Suzuki,Ertiga,2021,42024,A (Excellent),Delhi NCR,468300.0,470600.0,2026-06-29,1,2026-07-23,446100.0,24
106179,Tata,Tiago,2018,99441,B (Good),Delhi NCR,196600.0,214200.0,2026-05-29,1,2026-07-08,206300.0,40
106180,Tata,Harrier,2023,40589,B (Good),Ahmedabad,1013800.0,953600.0,2026-07-12,1,2026-07-30,897400.0,18
106181,Tata,Harrier,2017,105719,B (Good),Bengaluru,536600.0,428200.0,2026-06-16,1,2026-07-05,416000.0,19
106182,Kia,Seltos,2022,46107,B (Good),Kolkata,727500.0,697000.0,2026-05-06,1,2026-06-12,688400.0,37
106183,Toyota,Fortuner,2016,125666,B (Good),Kolkata,954800.0,992000.0,2026-05-21,1,2026-06-28,964200.0,38
106184,Tata,Punch,2021,58751,B (Good),Hyderabad,340800.0,357700.0,2026-06-10,1,2026-07-04,347500.0,24
106185,Maruti Suzuki,Baleno,2022,52178,C (Fair),Kolkata,339400.0,357000.0,2026-08-16,0,,,16
106186,Hyundai,Venue,2023,40887,A (Excellent),Mumbai,566100.0,604100.0,2026-06-15,1,2026-07-21,592300.0,36
106187,Mahindra,XUV700,2024,21724,A (Excellent),Bengaluru,1396000.0,1582400.0,2026-07-02,1,2026-08-03,1551600.0,32
106188,Mahindra,XUV300,2023,31710,A (Excellent),Delhi NCR,609700.0,564200.0,2026-07-02,1,2026-07-28,546000.0,26
106189,Honda,Jazz,2022,51443,C (Fair),Chennai,351000.0,337100.0,2026-08-06,1,2026-08-25,323900.0,19
106190,Mahindra,XUV300,2024,17366,B (Good),Delhi NCR,629500.0,530000.0,2026-08-05,1,2026-08-13,510800.0,8
106191,Maruti Suzuki,Ertiga,2020,67738,C (Fair),Chennai,345600.0,356500.0,2026-08-24,0,,,8
106192,Honda,Amaze,2020,63387,C (Fair),Chennai,277700.0,248200.0,2026-08-01,1,2026-08-28,241600.0,27
106193,Mahindra,Bolero,2020,85737,C (Fair),Kolkata,316300.0,328900.0,2026-05-19,1,2026-07-03,310200.0,45
106194,Mahindra,XUV700,2021,63384,B (Good),Chennai,932600.0,886600.0,2026-05-17,1,2026-06-22,858600.0,36
106195,Maruti Suzuki,Dzire,2018,95167,C (Fair),Bengaluru,214800.0,239100.0,2026-08-26,0,,,6
106196,Hyundai,i20,2022,48099,B (Good),Delhi NCR,391400.0,414300.0,2026-08-26,0,,,6
106197,Hyundai,Grand i10,2020,70750,A (Excellent),Ahmedabad,264500.0,281700.0,2026-06-19,1,2026-08-02,275200.0,44
106198,Hyundai,Verna,2019,75342,B (Good),Delhi NCR,439000.0,460500.0,2026-05-15,1,2026-05-27,450100.0,12
106199,Honda,City,2024,29032,B (Good),Chennai,699800.0,619500.0,2026-06-05,1,2026-07-04,606500.0,29
106200,Hyundai,Verna,2021,63844,A (Excellent),Ahmedabad,579600.0,453000.0,2026-08-29,0,,,3
106201,Hyundai,Verna,2018,88294,C (Fair),Ahmedabad,354500.0,295400.0,2026-05-18,1,2026-06-05,282800.0,18
106202,Tata,Altroz,2017,104091,B (Good),Pune,229900.0,219900.0,2026-08-17,0,,,15
106203,Maruti Suzuki,Ertiga,2021,54055,B (Good),Chennai,428100.0,472900.0,2026-07-03,1,2026-08-12,450300.0,40
106204,Tata,Nexon,2018,95308,A (Excellent),Mumbai,377700.0,433200.0,2026-05-08,1,2026-06-15,427200.0,38
106205,Maruti Suzuki,Ertiga,2020,69402,B (Good),Hyderabad,383300.0,396500.0,2026-07-25,1,2026-08-23,387300.0,29
106206,Tata,Tiago,2022,61618,A (Excellent),Kolkata,322600.0,336900.0,2026-07-23,1,2026-08-22,332100.0,30
106207,Hyundai,Verna,2024,26296,B (Good),Delhi NCR,740800.0,678700.0,2026-08-17,0,,,15
106208,Maruti Suzuki,Baleno,2021,62585,B (Good),Kolkata,339400.0,341600.0,2026-06-24,1,2026-07-31,334900.0,37
106209,Maruti Suzuki,Ertiga,2018,101648,C (Fair),Chennai,275800.0,250100.0,2026-08-12,0,,,20
106210,Honda,Jazz,2024,14665,C (Fair),Pune,440300.0,391600.0,2026-06-13,1,2026-06-28,374500.0,15
106211,Hyundai,i20,2023,22157,B (Good),Bengaluru,441800.0,390400.0,2026-07-06,1,2026-07-24,372300.0,18
106212,Toyota,Glanza,2018,97348,B (Good),Delhi NCR,266800.0,300900.0,2026-05-13,1,2026-06-14,294800.0,32
106213,Mahindra,Bolero,2024,25480,A (Excellent),Hyderabad,590000.0,593600.0,2026-06-25,1,2026-07-16,572400.0,21
106214,Honda,WR-V,2017,104858,B (Good),Kolkata,288900.0,255500.0,2026-08-11,0,,,21
106215,Toyota,Innova,2018,88632,A (Excellent),Bengaluru,716200.0,702600.0,2026-06-18,1,2026-07-03,679300.0,15
106216,Maruti Suzuki,Baleno,2019,90804,B (Good),Hyderabad,272600.0,288800.0,2026-08-14,0,,,18
106217,Hyundai,Grand i10,2024,37857,B (Good),Delhi NCR,369800.0,401900.0,2026-05-16,1,2026-06-03,388700.0,18
106218,Maruti Suzuki,Baleno,2018,98803,B (Good),Mumbai,245900.0,260100.0,2026-05-17,1,2026-06-21,246500.0,35
106219,Kia,Seltos,2016,126008,A (Excellent),Delhi NCR,408800.0,402800.0,2026-05-23,1,2026-06-07,387900.0,15
106220,Hyundai,Verna,2024,17437,B (Good),Pune,747500.0,640800.0,2026-07-21,1,2026-08-14,628300.0,24
106221,Kia,Carens,2021,56689,A (Excellent),Hyderabad,645500.0,658200.0,2026-05-17,1,2026-06-01,640800.0,15
106222,Mahindra,XUV300,2018,89393,B (Good),Chennai,331300.0,325500.0,2026-05-10,1,2026-05-29,315000.0,19
106223,Maruti Suzuki,WagonR,2019,74403,B (Good),Hyderabad,208100.0,211200.0,2026-07-11,1,2026-08-19,208200.0,39
106224,Honda,Amaze,2023,55139,B (Good),Hyderabad,413100.0,498300.0,2026-08-10,0,,,22
106225,Tata,Nexon,2018,92735,C (Fair),Chennai,315600.0,343800.0,2026-07-09,1,2026-08-10,326900.0,32
106226,Maruti Suzuki,WagonR,2016,119163,A (Excellent),Mumbai,161200.0,170800.0,2026-08-16,0,,,16
106227,Tata,Harrier,2023,43647,B (Good),Delhi NCR,1010500.0,872600.0,2026-05-10,1,2026-05-27,851300.0,17
106228,Toyota,Glanza,2019,85616,A (Excellent),Mumbai,320800.0,347100.0,2026-07-28,1,2026-08-28,333900.0,31
106229,Hyundai,i20,2018,103667,B (Good),Chennai,252700.0,224300.0,2026-05-12,1,2026-06-11,212100.0,30
106230,Kia,Seltos,2021,61298,C (Fair),Ahmedabad,586300.0,551200.0,2026-08-13,0,,,19
106231,Maruti Suzuki,Baleno,2021,61511,A (Excellent),Ahmedabad,367000.0,367000.0,2026-06-06,1,2026-07-16,349500.0,40
106232,Hyundai,Grand i10,2020,66305,A (Excellent),Pune,265800.0,290500.0,2026-08-24,0,,,8
106233,Maruti Suzuki,Ertiga,2024,25973,A (Excellent),Kolkata,631800.0,606300.0,2026-07-11,1,2026-08-05,582100.0,25
106234,Hyundai,Creta,2020,61387,B (Good),Hyderabad,592800.0,546700.0,2026-06-14,1,2026-07-07,522500.0,23
106235,Mahindra,XUV300,2018,105283,B (Good),Pune,325500.0,299300.0,2026-06-22,1,2026-07-07,295300.0,15
106236,Maruti Suzuki,Swift,2019,81089,C (Fair),Hyderabad,227300.0,235400.0,2026-07-09,1,2026-08-02,230100.0,24
106237,Kia,Seltos,2024,16284,B (Good),Hyderabad,905900.0,913700.0,2026-07-16,1,2026-08-14,889900.0,29
106238,Kia,Sonet,2021,52072,C (Fair),Ahmedabad,411900.0,398700.0,2026-07-20,1,2026-08-14,383900.0,25
106239,Honda,Amaze,2024,12424,B (Good),Delhi NCR,474500.0,482400.0,2026-05-14,1,2026-06-13,476700.0,30
106240,Tata,Punch,2020,69928,B (Good),Delhi NCR,306400.0,302400.0,2026-06-01,1,2026-06-22,284800.0,21
106241,Hyundai,Venue,2022,51036,B (Good),Bengaluru,472000.0,409200.0,2026-08-09,1,2026-08-15,393100.0,6
106242,Toyota,Innova,2022,46396,B (Good),Chennai,1011800.0,944400.0,2026-08-16,0,,,16
106243,Hyundai,Verna,2024,23366,B (Good),Pune,743000.0,680300.0,2026-06-04,1,2026-06-22,671500.0,18
106244,Maruti Suzuki,Swift,2018,86394,A (Excellent),Delhi NCR,246800.0,259800.0,2026-06-10,1,2026-07-03,248000.0,23
106245,Honda,WR-V,2024,34685,A (Excellent),Ahmedabad,651200.0,705500.0,2026-08-19,0,,,13
106246,Tata,Harrier,2024,16535,A (Excellent),Chennai,1233300.0,1289100.0,2026-06-30,1,2026-08-02,1276100.0,33
106247,Mahindra,XUV700,2024,31796,A (Excellent),Kolkata,1381700.0,1499000.0,2026-06-07,1,2026-07-21,1467600.0,44
106248,Honda,Jazz,2017,108442,B (Good),Chennai,228700.0,217000.0,2026-06-12,1,2026-07-15,210500.0,33
106249,Hyundai,Venue,2018,96451,A (Excellent),Ahmedabad,332800.0,304300.0,2026-07-25,1,2026-08-17,300600.0,23
106250,Toyota,Innova,2019,87530,C (Fair),Delhi NCR,656600.0,693900.0,2026-07-15,1,2026-08-13,652500.0,29
106251,Tata,Altroz,2024,38049,C (Fair),Kolkata,429800.0,424500.0,2026-06-21,1,2026-07-31,414600.0,40
106252,Mahindra,XUV700,2024,26083,B (Good),Hyderabad,1286900.0,1256400.0,2026-05-27,1,2026-07-03,1208900.0,37
106253,Kia,Sonet,2024,24419,C (Fair),Hyderabad,562500.0,561100.0,2026-05-20,1,2026-06-13,536800.0,24
106254,Hyundai,Grand i10,2024,28502,B (Good),Bengaluru,373400.0,429100.0,2026-05-08,1,2026-06-22,413000.0,45
106255,Mahindra,XUV300,2021,67313,A (Excellent),Hyderabad,486300.0,498900.0,2026-08-08,0,,,24
106256,Maruti Suzuki,Baleno,2020,76477,B (Good),Kolkata,304300.0,311300.0,2026-08-05,0,,,27
106257,Honda,Amaze,2024,19856,C (Fair),Delhi NCR,423800.0,401600.0,2026-08-17,1,2026-08-26,391700.0,9
106258,Hyundai,Creta,2018,78255,A (Excellent),Chennai,520600.0,565900.0,2026-06-18,1,2026-07-16,539800.0,28
106259,Hyundai,Creta,2017,105584,B (Good),Bengaluru,425600.0,419700.0,2026-08-22,0,,,10
106260,Tata,Nexon,2024,15682,B (Good),Ahmedabad,670000.0,815100.0,2026-06-26,1,2026-08-10,790400.0,45
106261,Maruti Suzuki,Swift,2023,43135,A (Excellent),Bengaluru,414200.0,429500.0,2026-06-10,1,2026-07-05,417600.0,25
106262,Maruti Suzuki,WagonR,2018,99311,B (Good),Kolkata,184300.0,198200.0,2026-08-14,0,,,18
106263,Toyota,Glanza,2023,32451,C (Fair),Pune,412500.0,426500.0,2026-08-07,0,,,25
106264,Tata,Punch,2021,49144,C (Fair),Kolkata,309900.0,326000.0,2026-06-16,1,2026-07-20,313400.0,34
106265,Hyundai,Venue,2020,63834,A (Excellent),Delhi NCR,416400.0,428700.0,2026-06-03,1,2026-06-24,403500.0,21
106266,Hyundai,Venue,2019,72494,C (Fair),Delhi NCR,312900.0,289300.0,2026-07-04,1,2026-07-15,283100.0,11
106267,Maruti Suzuki,Swift,2021,58628,B (Good),Bengaluru,312400.0,327700.0,2026-05-14,1,2026-06-14,314600.0,31
106268,Maruti Suzuki,WagonR,2021,54135,B (Good),Hyderabad,256900.0,255900.0,2026-08-10,1,2026-08-29,247900.0,19
106269,Hyundai,Grand i10,2024,17496,A (Excellent),Delhi NCR,407900.0,395700.0,2026-07-24,1,2026-08-17,374100.0,24
106270,Kia,Carens,2016,106277,B (Good),Pune,353400.0,347700.0,2026-08-17,0,,,15
106271,Maruti Suzuki,Ertiga,2021,65678,A (Excellent),Delhi NCR,456700.0,473000.0,2026-06-11,1,2026-07-04,448600.0,23
106272,Mahindra,Scorpio,2021,59023,A (Excellent),Ahmedabad,766600.0,788400.0,2026-08-13,0,,,19
106273,Hyundai,Verna,2019,79312,A (Excellent),Hyderabad,472100.0,496500.0,2026-06-11,1,2026-07-15,478100.0,34
106274,Mahindra,Bolero,2024,28314,B (Good),Mumbai,544700.0,546400.0,2026-08-02,0,,,30
106275,Tata,Altroz,2023,31785,A (Excellent),Delhi NCR,472400.0,433300.0,2026-06-29,1,2026-07-22,416500.0,23
106276,Hyundai,Grand i10,2017,119707,A (Excellent),Kolkata,188800.0,178200.0,2026-06-21,1,2026-07-19,175200.0,28
106277,Tata,Tiago,2023,40215,C (Fair),Pune,302200.0,310900.0,2026-08-27,0,,,5
106278,Mahindra,Scorpio,2024,21913,B (Good),Bengaluru,979100.0,812100.0,2026-07-28,1,2026-08-07,782700.0,10
106279,Maruti Suzuki,Ertiga,2021,58883,B (Good),Kolkata,425900.0,451400.0,2026-07-24,0,,,39
106280,Maruti Suzuki,Dzire,2020,56659,B (Good),Delhi NCR,300500.0,273100.0,2026-08-04,1,2026-08-19,256900.0,15
106281,Mahindra,XUV300,2024,27583,A (Excellent),Kolkata,672800.0,664800.0,2026-08-21,0,,,11
106282,Maruti Suzuki,Swift,2021,63390,B (Good),Hyderabad,310900.0,313800.0,2026-08-07,1,2026-08-31,307300.0,24
106283,Honda,WR-V,2024,27317,B (Good),Pune,607600.0,498600.0,2026-08-20,0,,,12
106284,Hyundai,Venue,2022,43952,B (Good),Kolkata,475500.0,458500.0,2026-07-29,1,2026-08-27,450800.0,29
106285,Tata,Punch,2022,40877,B (Good),Delhi NCR,381600.0,402700.0,2026-08-02,1,2026-08-21,395700.0,19
106286,Honda,Jazz,2019,91667,B (Good),Mumbai,281400.0,273700.0,2026-08-21,0,,,11
106287,Hyundai,Creta,2017,100591,C (Fair),Ahmedabad,385200.0,408200.0,2026-07-01,1,2026-08-16,402300.0,46
106288,Mahindra,Scorpio,2018,104044,B (Good),Mumbai,509300.0,507300.0,2026-07-19,1,2026-08-07,493400.0,19
106289,Hyundai,Creta,2020,81352,C (Fair),Mumbai,522100.0,486800.0,2026-07-25,1,2026-08-20,480800.0,26
106290,Kia,Carens,2024,26628,A (Excellent),Kolkata,883900.0,1067500.0,2026-07-28,0,,,35
106291,Hyundai,Verna,2021,63248,B (Good),Pune,537000.0,593900.0,2026-08-06,0,,,26
106292,Maruti Suzuki,WagonR,2023,52330,A (Excellent),Bengaluru,335600.0,285300.0,2026-08-02,1,2026-08-23,275400.0,21
106293,Tata,Punch,2022,32939,B (Good),Hyderabad,384800.0,364000.0,2026-05-22,1,2026-06-18,351100.0,27
106294,Kia,Sonet,2022,56718,A (Excellent),Pune,540500.0,587800.0,2026-05-08,1,2026-06-14,560000.0,37
106295,Mahindra,Scorpio,2021,48382,A (Excellent),Mumbai,775300.0,735400.0,2026-08-09,0,,,23
106296,Maruti Suzuki,Swift,2024,32074,B (Good),Mumbai,426300.0,396200.0,2026-08-25,0,,,7
106297,Toyota,Innova,2023,32186,A (Excellent),Chennai,1218700.0,1212300.0,2026-06-17,1,2026-07-19,1139500.0,32
106298,Hyundai,Grand i10,2020,77807,B (Good),Chennai,243100.0,245700.0,2026-05-18,1,2026-06-21,239000.0,34
106299,Maruti Suzuki,WagonR,2019,70923,A (Excellent),Kolkata,225600.0,239200.0,2026-07-17,1,2026-08-23,231500.0,37
106300,Maruti Suzuki,Ertiga,2019,76991,B (Good),Delhi NCR,345900.0,325200.0,2026-06-09,1,2026-06-22,319300.0,13
106301,Hyundai,Creta,2019,83760,B (Good),Chennai,526500.0,552700.0,2026-08-19,0,,,13
106302,Kia,Sonet,2021,54382,C (Fair),Ahmedabad,410900.0,347400.0,2026-05-10,1,2026-06-05,342100.0,26
106303,Maruti Suzuki,Dzire,2022,54124,C (Fair),Mumbai,327400.0,320800.0,2026-07-04,1,2026-07-25,308200.0,21
106304,Tata,Harrier,2024,29040,B (Good),Kolkata,1127400.0,1209400.0,2026-05-18,1,2026-06-25,1158700.0,38
106305,Hyundai,Grand i10,2024,36930,A (Excellent),Chennai,399800.0,405000.0,2026-05-25,1,2026-06-22,392000.0,28
106306,Hyundai,Verna,2024,9746,A (Excellent),Pune,813600.0,865900.0,2026-05-12,1,2026-06-12,820700.0,31
106307,Tata,Altroz,2024,25733,B (Good),Kolkata,483700.0,503400.0,2026-06-17,1,2026-08-01,478100.0,45
106308,Maruti Suzuki,WagonR,2023,21517,B (Good),Chennai,320900.0,344300.0,2026-06-02,1,2026-07-12,335900.0,40
106309,Mahindra,XUV300,2017,93261,B (Good),Hyderabad,300200.0,298200.0,2026-06-18,1,2026-07-17,285500.0,29
106310,Maruti Suzuki,Baleno,2023,39901,C (Fair),Chennai,377800.0,391100.0,2026-06-06,1,2026-07-06,376100.0,30
106311,Maruti Suzuki,WagonR,2018,97846,C (Fair),Pune,166200.0,183100.0,2026-05-23,1,2026-07-03,176100.0,41
106312,Maruti Suzuki,Ertiga,2018,99445,A (Excellent),Hyderabad,331700.0,369600.0,2026-07-19,1,2026-08-18,360900.0,30
106313,Honda,City,2024,28842,B (Good),Kolkata,699900.0,708600.0,2026-05-06,1,2026-06-11,681600.0,36
106314,Toyota,Fortuner,2022,40604,B (Good),Bengaluru,1845000.0,1949900.0,2026-05-06,1,2026-05-26,1862600.0,20
106315,Kia,Carens,2024,25491,B (Good),Pune,819400.0,859500.0,2026-06-23,1,2026-07-24,843600.0,31
106316,Mahindra,Bolero,2017,104772,B (Good),Kolkata,259300.0,292000.0,2026-06-15,1,2026-08-01,276900.0,47
106317,Kia,Sonet,2019,74695,A (Excellent),Bengaluru,399500.0,385300.0,2026-05-14,1,2026-06-04,363700.0,21
106318,Maruti Suzuki,Baleno,2019,80570,A (Excellent),Chennai,297700.0,308800.0,2026-07-13,1,2026-08-13,291700.0,31
106319,Maruti Suzuki,Dzire,2022,51980,C (Fair),Chennai,328200.0,326000.0,2026-06-16,1,2026-07-21,313000.0,35
106320,Mahindra,XUV700,2021,55723,B (Good),Hyderabad,940200.0,1028000.0,2026-06-03,1,2026-07-13,1002000.0,40
106321,Mahindra,XUV700,2016,114705,B (Good),Kolkata,550100.0,675400.0,2026-05-09,1,2026-07-03,656800.0,55
106322,Tata,Tiago,2020,67333,B (Good),Delhi NCR,245800.0,271900.0,2026-07-27,1,2026-08-27,256200.0,31
106323,Hyundai,Venue,2020,74437,B (Good),Hyderabad,381200.0,380500.0,2026-06-23,1,2026-07-22,360200.0,29
106324,Toyota,Fortuner,2018,90948,A (Excellent),Bengaluru,1294700.0,1259200.0,2026-06-19,1,2026-07-13,1194900.0,24
106325,Mahindra,Bolero,2022,51636,B (Good),Mumbai,440200.0,413800.0,2026-08-01,1,2026-08-28,400700.0,27
106326,Kia,Sonet,2024,15655,B (Good),Delhi NCR,630600.0,580000.0,2026-08-20,0,,,12
106327,Maruti Suzuki,Baleno,2017,100666,A (Excellent),Chennai,241200.0,225800.0,2026-05-21,1,2026-06-13,214500.0,23
106328,Hyundai,Grand i10,2016,122587,B (Good),Bengaluru,158600.0,142800.0,2026-05-11,1,2026-06-07,138700.0,27
106329,Hyundai,Creta,2021,48617,B (Good),Chennai,660200.0,526400.0,2026-05-20,1,2026-06-08,503500.0,19
106330,Tata,Nexon,2021,68887,C (Fair),Bengaluru,429800.0,460100.0,2026-05-05,1,2026-05-22,447500.0,17
106331,Honda,Amaze,2020,79927,B (Good),Chennai,303200.0,308900.0,2026-08-17,0,,,15
106332,Mahindra,XUV300,2022,33278,A (Excellent),Kolkata,553900.0,521900.0,2026-06-21,1,2026-07-21,510100.0,30
106333,Maruti Suzuki,WagonR,2024,32100,A (Excellent),Mumbai,376700.0,352000.0,2026-06-01,1,2026-06-21,334800.0,20
106334,Mahindra,XUV300,2023,34119,A (Excellent),Mumbai,608100.0,677900.0,2026-05-28,1,2026-06-29,641300.0,32
106335,Hyundai,Grand i10,2024,24890,B (Good),Kolkata,374800.0,360900.0,2026-05-15,1,2026-06-06,349800.0,22
106336,Maruti Suzuki,Dzire,2019,85761,C (Fair),Pune,238500.0,234400.0,2026-06-02,1,2026-07-03,222000.0,31
106337,Hyundai,Grand i10,2017,109290,B (Good),Hyderabad,176900.0,160300.0,2026-06-17,1,2026-07-08,157000.0,21
106338,Maruti Suzuki,WagonR,2020,69144,B (Good),Bengaluru,230000.0,228100.0,2026-05-05,1,2026-05-21,217800.0,16
106339,Hyundai,Creta,2021,54195,A (Excellent),Delhi NCR,708900.0,832600.0,2026-07-21,1,2026-08-27,807900.0,37
106340,Hyundai,Venue,2016,116850,B (Good),Chennai,249400.0,261700.0,2026-08-28,0,,,4
106341,Maruti Suzuki,Baleno,2020,73204,A (Excellent),Delhi NCR,329800.0,311300.0,2026-07-06,1,2026-07-13,297300.0,7
106342,Mahindra,XUV700,2020,81712,B (Good),Mumbai,832100.0,860300.0,2026-07-07,1,2026-08-06,849900.0,30
106343,Toyota,Innova,2022,55147,B (Good),Kolkata,1002500.0,896800.0,2026-05-25,1,2026-06-27,881000.0,33
106344,Kia,Seltos,2024,15784,C (Fair),Ahmedabad,815700.0,853300.0,2026-07-14,1,2026-08-23,826500.0,40
106345,Toyota,Glanza,2018,105539,A (Excellent),Bengaluru,285500.0,292200.0,2026-06-14,1,2026-07-11,275900.0,27
106346,Mahindra,Bolero,2022,39853,B (Good),Pune,445700.0,393900.0,2026-05-15,1,2026-06-15,380700.0,31
106347,Tata,Tiago,2018,104949,B (Good),Hyderabad,195400.0,200900.0,2026-08-31,0,,,1
106348,Hyundai,i20,2016,122493,B (Good),Hyderabad,204900.0,203200.0,2026-06-24,1,2026-07-17,196000.0,23
106349,Honda,WR-V,2024,23192,A (Excellent),Hyderabad,658900.0,602300.0,2026-06-19,1,2026-07-18,592800.0,29
106350,Tata,Nexon,2024,34695,B (Good),Bengaluru,657100.0,608500.0,2026-06-10,1,2026-06-26,577500.0,16
106351,Mahindra,XUV300,2020,65747,B (Good),Kolkata,410400.0,414500.0,2026-07-09,1,2026-08-08,400300.0,30
106352,Hyundai,Verna,2020,79967,B (Good),Mumbai,480000.0,484400.0,2026-07-12,1,2026-08-18,475300.0,37
106353,Mahindra,Bolero,2021,40961,B (Good),Hyderabad,405100.0,384200.0,2026-05-24,1,2026-06-12,371400.0,19
106354,Mahindra,Bolero,2019,78394,B (Good),Mumbai,322400.0,355400.0,2026-06-09,1,2026-07-22,349300.0,43
106355,Honda,Jazz,2021,52555,A (Excellent),Chennai,382800.0,349300.0,2026-06-19,1,2026-07-09,335800.0,20
106356,Honda,WR-V,2017,100751,C (Fair),Kolkata,261200.0,278800.0,2026-06-18,1,2026-07-23,263100.0,35
106357,Tata,Tiago,2023,38737,B (Good),Delhi NCR,336200.0,301500.0,2026-07-19,1,2026-08-01,286200.0,13
106358,Honda,Jazz,2018,91735,A (Excellent),Pune,276600.0,285900.0,2026-07-09,1,2026-07-28,273200.0,19
106359,Toyota,Innova,2018,114231,B (Good),Kolkata,644500.0,627000.0,2026-08-07,0,,,25
106360,Hyundai,Verna,2022,59650,A (Excellent),Chennai,639800.0,602100.0,2026-06-05,1,2026-07-15,576100.0,40
106361,Kia,Carens,2021,65909,A (Excellent),Hyderabad,639200.0,600000.0,2026-08-10,0,,,22
106362,Honda,WR-V,2017,118681,C (Fair),Kolkata,256000.0,279700.0,2026-06-14,1,2026-07-30,271000.0,46
106363,Hyundai,Creta,2020,70839,B (Good),Ahmedabad,586800.0,531000.0,2026-07-12,1,2026-08-06,500200.0,25
106364,Kia,Seltos,2024,37524,A (Excellent),Mumbai,957300.0,970400.0,2026-07-19,1,2026-08-10,937100.0,22
106365,Hyundai,Grand i10,2017,112958,B (Good),Ahmedabad,176200.0,196700.0,2026-06-19,1,2026-07-26,188600.0,37
106366,Hyundai,Grand i10,2023,38213,B (Good),Ahmedabad,336400.0,355000.0,2026-06-20,1,2026-07-27,350000.0,37
106367,Tata,Tiago,2019,76908,B (Good),Hyderabad,221400.0,233900.0,2026-06-02,1,2026-06-30,220800.0,28
106368,Tata,Harrier,2019,88619,B (Good),Kolkata,660400.0,745600.0,2026-07-13,1,2026-08-24,719900.0,42
106369,Tata,Nexon,2022,47281,C (Fair),Bengaluru,483300.0,527600.0,2026-08-13,0,,,19
106370,Hyundai,Verna,2022,46260,C (Fair),Delhi NCR,540800.0,522100.0,2026-07-22,1,2026-08-26,506400.0,35
106371,Honda,Jazz,2024,32361,A (Excellent),Mumbai,518900.0,440000.0,2026-08-21,0,,,11
106372,Mahindra,XUV300,2024,21625,C (Fair),Pune,564100.0,583500.0,2026-08-23,0,,,9
106373,Maruti Suzuki,Dzire,2021,61712,C (Fair),Chennai,295600.0,267300.0,2026-08-09,0,,,23
106374,Hyundai,Venue,2016,114618,C (Fair),Kolkata,225100.0,242200.0,2026-07-03,1,2026-08-12,231100.0,40
106375,Mahindra,XUV300,2023,35301,A (Excellent),Kolkata,607400.0,632900.0,2026-08-14,0,,,18
106376,Honda,City,2022,51632,A (Excellent),Hyderabad,611300.0,577700.0,2026-05-22,1,2026-06-17,558400.0,26
106377,Hyundai,Venue,2018,104697,C (Fair),Pune,274800.0,265400.0,2026-08-21,0,,,11
106378,Tata,Tiago,2021,62158,A (Excellent),Kolkata,293400.0,298700.0,2026-08-04,0,,,28
106379,Hyundai,Creta,2024,22740,C (Fair),Delhi NCR,810000.0,786900.0,2026-08-26,0,,,6
106380,Tata,Punch,2020,69469,B (Good),Hyderabad,306600.0,344100.0,2026-05-26,1,2026-06-12,331500.0,17
106381,Tata,Harrier,2023,18613,B (Good),Ahmedabad,1037000.0,1156200.0,2026-07-14,1,2026-08-23,1104300.0,40
106382,Maruti Suzuki,Swift,2019,87368,B (Good),Chennai,250800.0,245900.0,2026-07-07,1,2026-08-07,241500.0,31
106383,Honda,Jazz,2020,62156,B (Good),Pune,319300.0,321600.0,2026-05-08,1,2026-06-07,302500.0,30
106384,Mahindra,XUV700,2021,55844,A (Excellent),Bengaluru,1015300.0,1062500.0,2026-08-29,0,,,3
106385,Tata,Harrier,2019,90586,A (Excellent),Bengaluru,711700.0,689300.0,2026-07-11,1,2026-08-07,661400.0,27
106386,Toyota,Fortuner,2024,21685,C (Fair),Chennai,2044800.0,2195300.0,2026-08-29,0,,,3
106387,Mahindra,XUV300,2018,92026,A (Excellent),Mumbai,356700.0,333800.0,2026-08-14,0,,,18
106388,Mahindra,Scorpio,2023,37416,B (Good),Pune,876800.0,939300.0,2026-07-08,1,2026-08-12,908900.0,35
106389,Hyundai,Venue,2022,54669,B (Good),Hyderabad,470200.0,530000.0,2026-08-13,0,,,19
106390,Maruti Suzuki,Dzire,2022,42687,A (Excellent),Hyderabad,397700.0,454200.0,2026-06-21,1,2026-07-29,430900.0,38
106391,Maruti Suzuki,Swift,2021,58935,B (Good),Hyderabad,312300.0,335800.0,2026-05-24,1,2026-06-27,328800.0,34
106392,Honda,City,2019,77575,A (Excellent),Delhi NCR,448100.0,463500.0,2026-05-22,1,2026-06-11,455400.0,20
106393,Maruti Suzuki,Ertiga,2022,70622,C (Fair),Ahmedabad,416000.0,437200.0,2026-07-05,1,2026-08-07,421200.0,33
106394,Kia,Carens,2021,70394,B (Good),Chennai,589000.0,534600.0,2026-06-03,1,2026-06-24,509900.0,21
106395,Honda,Amaze,2020,59075,B (Good),Hyderabad,310000.0,348700.0,2026-05-24,1,2026-06-23,333800.0,30
106396,Hyundai,i20,2022,39089,A (Excellent),Delhi NCR,426700.0,375600.0,2026-05-15,1,2026-06-07,369300.0,23
106397,Maruti Suzuki,Dzire,2023,26519,B (Good),Kolkata,411500.0,447600.0,2026-05-21,1,2026-07-05,439100.0,45
106398,Maruti Suzuki,Dzire,2018,101203,B (Good),Bengaluru,237100.0,223200.0,2026-06-10,1,2026-06-26,220600.0,16
106399,Maruti Suzuki,Ertiga,2020,80806,A (Excellent),Kolkata,408900.0,413500.0,2026-05-28,1,2026-07-03,403900.0,36
106400,Honda,Jazz,2020,76032,A (Excellent),Chennai,339800.0,332800.0,2026-05-22,1,2026-06-16,329000.0,25
106401,Hyundai,Creta,2017,109752,A (Excellent),Pune,457600.0,418300.0,2026-06-17,1,2026-07-04,409900.0,17
106402,Maruti Suzuki,Baleno,2023,41274,B (Good),Bengaluru,419200.0,434400.0,2026-06-14,1,2026-07-09,426000.0,25
106403,Hyundai,Verna,2021,69090,B (Good),Delhi NCR,533700.0,475500.0,2026-05-15,1,2026-05-20,457400.0,5
106404,Honda,City,2022,52189,C (Fair),Ahmedabad,509100.0,508000.0,2026-06-10,1,2026-07-11,483800.0,31
106405,Mahindra,Scorpio,2019,88970,C (Fair),Pune,512200.0,536500.0,2026-07-30,1,2026-08-24,521400.0,25
106406,Hyundai,Creta,2017,122344,C (Fair),Kolkata,375900.0,395500.0,2026-05-26,1,2026-06-30,378500.0,35
106407,Maruti Suzuki,Swift,2024,30669,A (Excellent),Pune,461100.0,432300.0,2026-05-31,1,2026-06-24,410000.0,24
106408,Maruti Suzuki,Ertiga,2021,62705,B (Good),Hyderabad,424200.0,452900.0,2026-07-25,1,2026-08-28,445000.0,34
106409,Honda,WR-V,2019,89009,C (Fair),Pune,319600.0,364400.0,2026-08-07,0,,,25
106410,Hyundai,Creta,2017,117171,A (Excellent),Bengaluru,453700.0,497500.0,2026-06-12,1,2026-07-11,487700.0,29
106411,Maruti Suzuki,Baleno,2018,107263,A (Excellent),Mumbai,263100.0,228600.0,2026-07-18,1,2026-08-12,215500.0,25
106412,Toyota,Innova,2024,29711,B (Good),Kolkata,1243200.0,1314600.0,2026-08-25,0,,,7
106413,Hyundai,Verna,2018,95523,A (Excellent),Delhi NCR,422000.0,412000.0,2026-06-18,1,2026-07-23,387300.0,35
106414,Maruti Suzuki,Ertiga,2024,24648,C (Fair),Bengaluru,527200.0,501800.0,2026-06-12,1,2026-07-05,475100.0,23
106415,Tata,Harrier,2022,52783,B (Good),Bengaluru,910800.0,926100.0,2026-07-03,1,2026-07-23,909400.0,20
106416,Mahindra,XUV300,2020,65174,B (Good),Pune,410700.0,425100.0,2026-07-07,1,2026-07-30,419500.0,23
106417,Maruti Suzuki,Baleno,2021,56025,B (Good),Pune,341800.0,349000.0,2026-07-13,1,2026-08-21,340000.0,39
106418,Kia,Seltos,2024,30559,B (Good),Kolkata,892800.0,947800.0,2026-06-26,1,2026-08-05,924400.0,40
106419,Maruti Suzuki,Ertiga,2022,42930,C (Fair),Bengaluru,428400.0,497800.0,2026-05-06,1,2026-06-09,482700.0,34
106420,Mahindra,XUV700,2020,68465,B (Good),Chennai,844100.0,976700.0,2026-08-02,0,,,30
106421,Honda,Jazz,2016,131947,A (Excellent),Pune,218900.0,198900.0,2026-08-21,0,,,11
106422,Mahindra,XUV700,2022,36454,A (Excellent),Hyderabad,1138600.0,1035900.0,2026-07-23,1,2026-08-14,1006900.0,22
106423,Toyota,Fortuner,2024,24597,A (Excellent),Hyderabad,2446400.0,2317300.0,2026-05-31,1,2026-06-16,2208600.0,16
106424,Mahindra,XUV700,2020,90105,B (Good),Bengaluru,824500.0,805300.0,2026-07-31,1,2026-08-11,765900.0,11
106425,Tata,Nexon,2023,40206,B (Good),Ahmedabad,594500.0,587900.0,2026-08-17,0,,,15
106426,Maruti Suzuki,Swift,2023,28016,C (Fair),Ahmedabad,350600.0,390100.0,2026-07-04,1,2026-08-05,384200.0,32
106427,Maruti Suzuki,Dzire,2019,78939,B (Good),Hyderabad,267000.0,338700.0,2026-06-19,1,2026-08-01,329900.0,43
106428,Hyundai,Verna,2019,71901,C (Fair),Pune,396500.0,396900.0,2026-06-14,1,2026-07-15,382100.0,31
106429,Kia,Seltos,2016,118420,B (Good),Ahmedabad,381800.0,372100.0,2026-07-14,1,2026-08-17,364600.0,34
106430,Honda,City,2017,109331,C (Fair),Ahmedabad,298500.0,302000.0,2026-08-28,0,,,4
106431,Maruti Suzuki,Baleno,2021,70036,B (Good),Hyderabad,336700.0,294000.0,2026-06-15,1,2026-06-27,281700.0,12
106432,Hyundai,Verna,2022,52365,C (Fair),Delhi NCR,537300.0,530800.0,2026-05-25,1,2026-06-10,524800.0,16
106433,Hyundai,i20,2020,61024,C (Fair),Kolkata,287700.0,277300.0,2026-07-31,0,,,32
106434,Maruti Suzuki,Baleno,2023,39151,B (Good),Mumbai,420100.0,361800.0,2026-08-01,1,2026-08-23,346400.0,22
106435,Mahindra,XUV300,2022,50049,C (Fair),Delhi NCR,453600.0,449800.0,2026-08-27,0,,,5
106436,Tata,Tiago,2019,81665,A (Excellent),Kolkata,237900.0,226200.0,2026-07-30,0,,,33
106437,Kia,Carens,2023,44340,B (Good),Pune,731200.0,888300.0,2026-06-28,1,2026-08-07,842900.0,40
106438,Kia,Seltos,2017,107012,B (Good),Mumbai,425000.0,431200.0,2026-05-17,1,2026-06-21,410400.0,35
106439,Hyundai,Venue,2021,67637,B (Good),Hyderabad,422000.0,516500.0,2026-06-16,1,2026-08-05,504400.0,50
106440,Maruti Suzuki,Ertiga,2017,115116,B (Good),Kolkata,274600.0,324800.0,2026-07-24,0,,,39
106441,Hyundai,Venue,2023,38049,B (Good),Hyderabad,525800.0,526900.0,2026-06-19,1,2026-07-14,503300.0,25
106442,Mahindra,XUV700,2021,59552,A (Excellent),Delhi NCR,1011300.0,981900.0,2026-08-13,1,2026-08-16,940300.0,3
106443,Kia,Sonet,2020,87998,B (Good),Bengaluru,400700.0,396400.0,2026-06-21,1,2026-07-09,380000.0,18
106444,Maruti Suzuki,WagonR,2023,37078,B (Good),Hyderabad,315800.0,322700.0,2026-07-02,1,2026-08-03,318200.0,32
106445,Toyota,Glanza,2024,20748,B (Good),Bengaluru,509700.0,574700.0,2026-06-22,1,2026-07-11,557100.0,19
106446,Toyota,Glanza,2017,111044,A (Excellent),Chennai,258200.0,247600.0,2026-08-08,0,,,24
106447,Tata,Tiago,2021,50516,B (Good),Chennai,275000.0,306500.0,2026-08-02,1,2026-08-31,296500.0,29
106448,Honda,WR-V,2023,50506,B (Good),Kolkata,539700.0,542900.0,2026-07-14,1,2026-08-09,520300.0,26
106449,Kia,Seltos,2020,77122,C (Fair),Ahmedabad,524500.0,525600.0,2026-06-11,1,2026-07-07,518800.0,26
106450,Mahindra,Bolero,2024,16163,B (Good),Chennai,551500.0,554500.0,2026-05-27,1,2026-06-26,528600.0,30
106451,Honda,City,2017,96966,B (Good),Ahmedabad,336300.0,363200.0,2026-05-15,1,2026-06-10,345500.0,26
106452,Tata,Punch,2021,64220,C (Fair),Ahmedabad,304900.0,301900.0,2026-05-10,1,2026-06-21,289700.0,42
106453,Honda,Jazz,2020,88557,C (Fair),Pune,279300.0,264300.0,2026-05-23,1,2026-06-22,260900.0,30
106454,Tata,Punch,2019,87644,C (Fair),Pune,246200.0,258100.0,2026-06-23,1,2026-07-18,251800.0,25
106455,Maruti Suzuki,Baleno,2024,14213,B (Good),Pune,473700.0,562800.0,2026-07-08,1,2026-08-25,536900.0,48
106456,Maruti Suzuki,Ertiga,2022,55110,B (Good),Pune,469900.0,487500.0,2026-07-15,1,2026-08-26,480700.0,42
106457,Tata,Harrier,2023,32262,B (Good),Chennai,1022600.0,948000.0,2026-07-11,1,2026-08-13,917700.0,33
106458,Maruti Suzuki,Dzire,2024,14226,A (Excellent),Delhi NCR,494500.0,458700.0,2026-07-29,1,2026-08-14,441900.0,16
106459,Maruti Suzuki,Dzire,2021,46955,C (Fair),Hyderabad,300200.0,334900.0,2026-06-16,1,2026-07-18,330100.0,32
106460,Mahindra,Scorpio,2016,118514,A (Excellent),Hyderabad,448100.0,400800.0,2026-05-15,1,2026-06-09,396100.0,25
106461,Honda,City,2019,76936,C (Fair),Chennai,373600.0,376000.0,2026-07-25,1,2026-08-20,360100.0,26
106462,Hyundai,i20,2021,48537,B (Good),Hyderabad,356000.0,319900.0,2026-06-19,1,2026-07-06,314100.0,17
106463,Hyundai,Grand i10,2023,41912,C (Fair),Ahmedabad,301600.0,259300.0,2026-07-01,1,2026-07-13,244100.0,12
106464,Maruti Suzuki,Dzire,2017,109115,B (Good),Bengaluru,213800.0,211400.0,2026-07-23,1,2026-08-12,199600.0,20
106465,Maruti Suzuki,WagonR,2018,84153,A (Excellent),Delhi NCR,202400.0,169400.0,2026-06-06,1,2026-06-20,160200.0,14
106466,Honda,City,2023,48225,C (Fair),Kolkata,561800.0,586300.0,2026-05-05,1,2026-06-02,554500.0,28
106467,Hyundai,Grand i10,2021,41213,A (Excellent),Delhi NCR,299900.0,348500.0,2026-07-15,1,2026-08-06,333700.0,22
106468,Tata,Punch,2016,125278,B (Good),Bengaluru,197600.0,209000.0,2026-07-09,1,2026-07-23,202500.0,14
106469,Hyundai,Creta,2021,71776,B (Good),Kolkata,644200.0,645300.0,2026-06-09,1,2026-07-15,618000.0,36
106470,Toyota,Innova,2023,30173,C (Fair),Hyderabad,1017700.0,1050700.0,2026-08-15,0,,,17
106471,Hyundai,Venue,2017,99268,A (Excellent),Kolkata,301900.0,295000.0,2026-08-08,0,,,24
106472,Mahindra,XUV700,2024,30700,A (Excellent),Pune,1383200.0,1454800.0,2026-06-01,1,2026-06-29,1374700.0,28
106473,Mahindra,XUV300,2023,39244,A (Excellent),Bengaluru,604900.0,598600.0,2026-05-09,1,2026-05-31,567700.0,22
106474,Hyundai,Grand i10,2023,29916,C (Fair),Bengaluru,305400.0,303000.0,2026-05-28,1,2026-06-22,290300.0,25
106475,Toyota,Fortuner,2022,36276,A (Excellent),Mumbai,2001600.0,1818400.0,2026-06-21,1,2026-07-22,1716900.0,31
106476,Maruti Suzuki,Dzire,2023,33546,B (Good),Bengaluru,408500.0,409700.0,2026-05-23,1,2026-06-14,385900.0,22
106477,Hyundai,Verna,2020,80077,B (Good),Pune,479900.0,480300.0,2026-07-13,1,2026-08-10,454400.0,28
106478,Honda,Amaze,2020,72527,B (Good),Delhi NCR,305600.0,313100.0,2026-05-08,1,2026-06-03,297800.0,26
106479,Hyundai,Creta,2018,91189,B (Good),Hyderabad,475300.0,454200.0,2026-05-19,1,2026-06-17,432700.0,29
106480,Honda,WR-V,2023,31848,B (Good),Hyderabad,550300.0,556600.0,2026-07-29,1,2026-08-24,547000.0,26
106481,Mahindra,Bolero,2020,84541,A (Excellent),Pune,380100.0,364900.0,2026-06-11,1,2026-07-02,357000.0,21
106482,Mahindra,Bolero,2020,57523,A (Excellent),Ahmedabad,391300.0,406800.0,2026-06-01,1,2026-07-17,387900.0,46
106483,Maruti Suzuki,Ertiga,2019,88301,A (Excellent),Mumbai,369000.0,366700.0,2026-08-30,0,,,2
106484,Tata,Nexon,2020,82109,B (Good),Delhi NCR,428400.0,465300.0,2026-07-12,1,2026-07-29,438700.0,17
106485,Honda,WR-V,2023,45283,A (Excellent),Chennai,586100.0,466900.0,2026-08-03,1,2026-08-16,449400.0,13
106486,Maruti Suzuki,Baleno,2021,65262,A (Excellent),Pune,365500.0,318700.0,2026-06-30,1,2026-07-19,301400.0,19
106487,Toyota,Glanza,2020,73780,B (Good),Kolkata,330600.0,321600.0,2026-08-28,0,,,4
106488,Tata,Punch,2016,118411,B (Good),Bengaluru,199200.0,218900.0,2026-05-26,1,2026-06-30,209100.0,35
106489,Mahindra,Scorpio,2023,48030,C (Fair),Kolkata,780400.0,881800.0,2026-05-07,1,2026-06-25,834300.0,49
106490,Hyundai,Creta,2023,29986,A (Excellent),Ahmedabad,877900.0,762700.0,2026-06-04,1,2026-06-26,734100.0,22
106491,Hyundai,Verna,2022,48803,B (Good),Pune,599200.0,644100.0,2026-06-08,1,2026-07-12,611800.0,34
106492,Tata,Tiago,2019,79597,B (Good),Ahmedabad,220800.0,207400.0,2026-08-10,1,2026-08-27,197000.0,17
106493,Maruti Suzuki,Ertiga,2023,36822,C (Fair),Hyderabad,473800.0,520700.0,2026-06-11,1,2026-07-09,500400.0,28
106494,Mahindra,XUV300,2016,118366,B (Good),Bengaluru,265600.0,279900.0,2026-06-07,1,2026-06-23,264000.0,16
106495,Kia,Seltos,2016,115537,A (Excellent),Chennai,413700.0,386000.0,2026-05-31,1,2026-07-04,376500.0,34
106496,Tata,Nexon,2024,29000,A (Excellent),Kolkata,713800.0,734000.0,2026-05-25,1,2026-07-01,705600.0,37
106497,Maruti Suzuki,WagonR,2024,23120,A (Excellent),Mumbai,380200.0,456700.0,2026-05-16,1,2026-07-02,445500.0,47
106498,Kia,Carens,2019,81075,B (Good),Delhi NCR,482200.0,380700.0,2026-07-16,1,2026-07-29,376300.0,13
106499,Tata,Tiago,2024,2000,B (Good),Chennai,383600.0,381500.0,2026-07-17,1,2026-08-16,376000.0,30
106500,Kia,Sonet,2022,49139,A (Excellent),Bengaluru,544800.0,566500.0,2026-05-14,1,2026-06-06,552000.0,23
106501,Honda,WR-V,2018,93175,A (Excellent),Delhi NCR,347400.0,352200.0,2026-06-03,1,2026-06-23,341000.0,20
106502,Maruti Suzuki,WagonR,2024,26180,B (Good),Kolkata,350900.0,375700.0,2026-05-27,1,2026-06-25,356600.0,29
106503,Hyundai,Verna,2024,8277,B (Good),Ahmedabad,754500.0,694100.0,2026-08-04,1,2026-08-26,663600.0,22
106504,Tata,Nexon,2024,32213,C (Fair),Mumbai,592900.0,492800.0,2026-06-25,1,2026-07-10,471000.0,15
106505,Mahindra,XUV300,2023,35296,A (Excellent),Ahmedabad,607400.0,526100.0,2026-08-15,0,,,17
106506,Hyundai,Venue,2020,72168,C (Fair),Bengaluru,343900.0,376800.0,2026-07-16,1,2026-08-12,358700.0,27
106507,Maruti Suzuki,Ertiga,2021,56414,C (Fair),Pune,384400.0,355500.0,2026-05-23,1,2026-06-15,346100.0,23
106508,Hyundai,Verna,2019,71836,C (Fair),Bengaluru,396600.0,380000.0,2026-06-21,1,2026-07-10,365500.0,19
106509,Mahindra,XUV300,2024,29434,B (Good),Pune,621800.0,696100.0,2026-08-11,0,,,21
106510,Honda,Jazz,2019,74683,B (Good),Delhi NCR,286700.0,322800.0,2026-05-09,1,2026-06-17,315900.0,39
106511,Tata,Nexon,2023,29956,B (Good),Mumbai,600900.0,583800.0,2026-08-05,1,2026-08-29,552000.0,24
106512,Maruti Suzuki,Ertiga,2020,79044,B (Good),Delhi NCR,379300.0,385300.0,2026-07-26,1,2026-08-26,375100.0,31
106513,Hyundai,Verna,2021,43009,B (Good),Bengaluru,548600.0,576000.0,2026-06-11,1,2026-07-11,548100.0,30
106514,Mahindra,Bolero,2020,72825,A (Excellent),Ahmedabad,384900.0,374400.0,2026-05-10,1,2026-06-02,361600.0,23
106515,Tata,Nexon,2023,34827,A (Excellent),Chennai,645700.0,652700.0,2026-06-13,1,2026-07-22,639800.0,39
106516,Honda,Jazz,2023,45763,A (Excellent),Ahmedabad,465600.0,455700.0,2026-08-18,0,,,14
106517,Maruti Suzuki,Swift,2020,79569,B (Good),Chennai,278000.0,229800.0,2026-07-11,1,2026-07-27,226800.0,16
106518,Honda,WR-V,2019,85722,C (Fair),Kolkata,320700.0,310800.0,2026-06-07,1,2026-07-15,306400.0,38
106519,Maruti Suzuki,Swift,2022,53939,C (Fair),Kolkata,310500.0,274400.0,2026-07-07,1,2026-07-28,261200.0,21
106520,Maruti Suzuki,Ertiga,2023,30244,A (Excellent),Mumbai,572400.0,622000.0,2026-06-01,1,2026-06-26,590900.0,25
106521,Honda,Jazz,2020,59807,B (Good),Delhi NCR,320100.0,306800.0,2026-07-14,1,2026-08-01,299400.0,18
106522,Tata,Nexon,2016,113353,B (Good),Delhi NCR,283800.0,265600.0,2026-06-14,1,2026-06-30,257500.0,16
106523,Tata,Tiago,2024,18576,C (Fair),Kolkata,339500.0,315900.0,2026-07-12,1,2026-08-13,303900.0,32
106524,Tata,Nexon,2023,38626,A (Excellent),Ahmedabad,643100.0,609100.0,2026-06-23,1,2026-07-16,592700.0,23
106525,Maruti Suzuki,Ertiga,2018,98913,A (Excellent),Hyderabad,331900.0,344600.0,2026-06-03,1,2026-07-01,335500.0,28
106526,Hyundai,Verna,2023,33847,B (Good),Bengaluru,668900.0,550700.0,2026-06-28,1,2026-07-01,536600.0,3
106527,Maruti Suzuki,Ertiga,2023,34353,B (Good),Hyderabad,527800.0,549300.0,2026-08-15,0,,,17
106528,Hyundai,Venue,2019,67585,C (Fair),Mumbai,314500.0,312000.0,2026-08-22,0,,,10
106529,Tata,Altroz,2022,43318,A (Excellent),Ahmedabad,424800.0,451500.0,2026-06-19,1,2026-07-25,427300.0,36
106530,Tata,Altroz,2021,62416,B (Good),Kolkata,350800.0,360600.0,2026-08-19,0,,,13
106531,Mahindra,XUV300,2024,29104,B (Good),Delhi NCR,622000.0,630800.0,2026-06-04,1,2026-06-20,609800.0,16
106532,Tata,Altroz,2018,99015,B (Good),Mumbai,254000.0,263000.0,2026-05-22,1,2026-06-28,249500.0,37
106533,Hyundai,Grand i10,2019,86592,C (Fair),Pune,197200.0,187800.0,2026-05-05,1,2026-05-24,178300.0,19
106534,Tata,Tiago,2019,58338,B (Good),Pune,225900.0,208300.0,2026-07-28,1,2026-08-28,197700.0,31
106535,Mahindra,XUV700,2017,101174,B (Good),Pune,613700.0,722200.0,2026-08-24,0,,,8
106536,Toyota,Glanza,2022,40502,C (Fair),Kolkata,372200.0,359700.0,2026-05-15,1,2026-06-23,342200.0,39
106537,Mahindra,XUV300,2020,68499,A (Excellent),Ahmedabad,442000.0,437100.0,2026-08-09,0,,,23
106538,Maruti Suzuki,Ertiga,2021,58935,A (Excellent),Delhi NCR,460000.0,489700.0,2026-06-16,1,2026-07-09,483700.0,23
106539,Tata,Tiago,2024,23230,B (Good),Pune,375500.0,367400.0,2026-06-08,1,2026-06-29,354300.0,21
106540,Hyundai,Verna,2022,53864,B (Good),Mumbai,596100.0,585300.0,2026-08-03,0,,,29
106541,Maruti Suzuki,Baleno,2020,77708,B (Good),Hyderabad,303900.0,257300.0,2026-05-15,1,2026-05-26,247700.0,11
106542,Tata,Harrier,2019,86986,B (Good),Hyderabad,661600.0,716000.0,2026-05-09,1,2026-06-14,687100.0,36
106543,Kia,Seltos,2019,70537,B (Good),Hyderabad,534100.0,553400.0,2026-05-06,1,2026-05-27,539900.0,21
106544,Honda,Jazz,2017,103161,C (Fair),Hyderabad,207100.0,224900.0,2026-08-10,1,2026-08-30,213000.0,20
106545,Hyundai,i20,2016,122479,B (Good),Delhi NCR,204900.0,209200.0,2026-05-29,1,2026-06-25,202500.0,27
106546,Kia,Sonet,2018,90123,B (Good),Ahmedabad,331000.0,309900.0,2026-06-23,1,2026-07-20,306100.0,27
106547,Tata,Altroz,2024,13821,C (Fair),Ahmedabad,440700.0,465000.0,2026-07-25,0,,,38
106548,Mahindra,Scorpio,2023,24566,B (Good),Hyderabad,888500.0,903600.0,2026-05-30,1,2026-06-21,854200.0,22
106549,Tata,Harrier,2020,87343,B (Good),Kolkata,726700.0,655400.0,2026-05-10,1,2026-06-01,628100.0,22
106550,Tata,Punch,2019,87318,C (Fair),Hyderabad,246300.0,267900.0,2026-05-18,1,2026-06-19,254100.0,32
106551,Maruti Suzuki,WagonR,2021,57143,C (Fair),Bengaluru,230400.0,229900.0,2026-07-06,1,2026-08-02,225600.0,27
106552,Hyundai,Grand i10,2020,79671,A (Excellent),Bengaluru,262000.0,247000.0,2026-07-05,1,2026-07-28,242700.0,23
106553,Maruti Suzuki,Baleno,2024,6753,B (Good),Delhi NCR,477200.0,460900.0,2026-08-28,0,,,4
106554,Maruti Suzuki,WagonR,2021,61021,A (Excellent),Kolkata,275400.0,290000.0,2026-07-13,1,2026-08-15,276900.0,33
106555,Maruti Suzuki,Baleno,2018,86980,A (Excellent),Ahmedabad,269000.0,218700.0,2026-05-09,1,2026-06-08,215900.0,30
106556,Honda,WR-V,2024,35970,A (Excellent),Delhi NCR,650300.0,643900.0,2026-07-10,1,2026-08-02,620700.0,23
106557,Maruti Suzuki,Ertiga,2022,49551,B (Good),Kolkata,472700.0,427700.0,2026-08-09,0,,,23
106558,Maruti Suzuki,WagonR,2022,54611,C (Fair),Bengaluru,253900.0,244800.0,2026-05-22,1,2026-06-16,241800.0,25
106559,Hyundai,Verna,2020,66519,C (Fair),Hyderabad,438300.0,395000.0,2026-08-23,0,,,9
106560,Mahindra,XUV700,2024,27247,C (Fair),Bengaluru,1156800.0,1144000.0,2026-05-27,1,2026-06-17,1106900.0,21
106561,Hyundai,Venue,2021,45865,C (Fair),Hyderabad,388700.0,419900.0,2026-08-17,0,,,15
106562,Honda,Amaze,2018,103104,A (Excellent),Chennai,264300.0,234800.0,2026-07-12,1,2026-07-23,231500.0,11
106563,Mahindra,XUV300,2018,96804,A (Excellent),Kolkata,354900.0,362100.0,2026-06-04,1,2026-07-16,343300.0,42
106564,Hyundai,Grand i10,2023,32880,B (Good),Bengaluru,338300.0,350200.0,2026-08-01,1,2026-08-21,343900.0,20
106565,Kia,Sonet,2024,33213,B (Good),Hyderabad,619400.0,653700.0,2026-06-06,1,2026-07-15,622800.0,39
106566,Maruti Suzuki,Dzire,2020,80529,B (Good),Bengaluru,292900.0,283100.0,2026-07-03,1,2026-08-02,280200.0,30
106567,Toyota,Glanza,2023,38278,A (Excellent),Ahmedabad,492000.0,462400.0,2026-06-20,1,2026-07-14,444800.0,24
106568,Mahindra,XUV700,2020,70320,B (Good),Bengaluru,842400.0,735800.0,2026-05-08,1,2026-05-17,714200.0,9
106569,Maruti Suzuki,Ertiga,2022,41209,A (Excellent),Ahmedabad,515000.0,485200.0,2026-05-22,1,2026-06-23,466900.0,32
106570,Maruti Suzuki,WagonR,2023,41621,C (Fair),Chennai,282900.0,294000.0,2026-07-05,1,2026-07-30,279100.0,25
106571,Hyundai,i20,2023,31036,B (Good),Hyderabad,437800.0,406700.0,2026-08-02,1,2026-08-21,391800.0,19
106572,Maruti Suzuki,Swift,2023,30033,C (Fair),Bengaluru,349900.0,393100.0,2026-07-02,1,2026-08-02,378900.0,31
106573,Tata,Altroz,2023,38690,B (Good),Kolkata,434300.0,439400.0,2026-07-28,1,2026-08-27,434100.0,30
106574,Mahindra,XUV700,2023,21060,A (Excellent),Chennai,1271200.0,1205000.0,2026-08-05,1,2026-08-31,1171400.0,26
106575,Maruti Suzuki,Dzire,2021,63013,B (Good),Delhi NCR,328000.0,340600.0,2026-06-13,1,2026-07-10,327500.0,27
106576,Hyundai,Verna,2019,88116,B (Good),Delhi NCR,432900.0,462400.0,2026-08-14,0,,,18
106577,Tata,Altroz,2021,59265,A (Excellent),Kolkata,380100.0,401400.0,2026-08-28,0,,,4
106578,Hyundai,Verna,2019,76532,B (Good),Delhi NCR,438400.0,370400.0,2026-06-24,1,2026-07-17,349100.0,23
106579,Kia,Sonet,2023,46208,C (Fair),Kolkata,500400.0,447900.0,2026-07-08,1,2026-08-10,442200.0,33
106580,Maruti Suzuki,Baleno,2021,72207,B (Good),Hyderabad,335900.0,365600.0,2026-06-11,1,2026-07-19,356100.0,38
106581,Maruti Suzuki,Swift,2016,121211,B (Good),Kolkata,182000.0,179700.0,2026-05-26,1,2026-07-06,173300.0,41
106582,Tata,Tiago,2017,108855,A (Excellent),Hyderabad,191200.0,184200.0,2026-07-01,1,2026-08-01,182100.0,31
106583,Mahindra,Bolero,2019,82995,B (Good),Ahmedabad,320800.0,361900.0,2026-05-20,1,2026-07-13,340500.0,54
106584,Tata,Punch,2019,89895,B (Good),Chennai,272900.0,301600.0,2026-06-27,1,2026-08-03,285900.0,37
106585,Maruti Suzuki,Swift,2020,79074,A (Excellent),Chennai,300400.0,270200.0,2026-07-09,1,2026-08-03,258300.0,25
106586,Mahindra,Scorpio,2018,90961,C (Fair),Chennai,465100.0,465600.0,2026-05-09,1,2026-06-11,459700.0,33
106587,Maruti Suzuki,Dzire,2020,85388,B (Good),Delhi NCR,291300.0,307400.0,2026-05-07,1,2026-06-01,303200.0,25
106588,Tata,Punch,2019,65870,B (Good),Delhi NCR,280100.0,260900.0,2026-05-11,1,2026-06-01,247000.0,21
106589,Maruti Suzuki,Dzire,2023,30455,B (Good),Pune,409800.0,405100.0,2026-08-24,0,,,8
106590,Mahindra,Scorpio,2022,39600,C (Fair),Delhi NCR,716500.0,739400.0,2026-08-10,0,,,22
106591,Mahindra,Scorpio,2023,33033,B (Good),Bengaluru,880800.0,909600.0,2026-06-26,1,2026-07-16,883900.0,20
106592,Tata,Punch,2024,22201,C (Fair),Hyderabad,422800.0,473400.0,2026-05-14,1,2026-06-19,454500.0,36
106593,Maruti Suzuki,Dzire,2022,50727,B (Good),Ahmedabad,365100.0,450000.0,2026-05-26,1,2026-07-21,424000.0,56
106594,Toyota,Glanza,2022,54501,C (Fair),Delhi NCR,366800.0,350600.0,2026-06-30,1,2026-07-27,333300.0,27
106595,Honda,Jazz,2021,72574,B (Good),Mumbai,347000.0,360300.0,2026-06-19,1,2026-07-24,342800.0,35
106596,Honda,City,2024,13373,B (Good),Chennai,711100.0,598700.0,2026-08-13,0,,,19
106597,Hyundai,Grand i10,2020,56917,A (Excellent),Mumbai,268500.0,283700.0,2026-05-24,1,2026-07-02,278400.0,39
106598,Mahindra,Scorpio,2023,36931,B (Good),Bengaluru,877300.0,845300.0,2026-05-20,1,2026-06-13,812500.0,24
106599,Kia,Sonet,2020,75467,B (Good),Pune,406200.0,424800.0,2026-07-27,1,2026-08-24,404000.0,28
106600,Maruti Suzuki,Dzire,2021,50910,A (Excellent),Mumbai,358800.0,347000.0,2026-05-24,1,2026-06-22,332600.0,29
106601,Maruti Suzuki,Ertiga,2024,21129,C (Fair),Ahmedabad,529100.0,544800.0,2026-05-06,1,2026-06-17,537100.0,42
106602,Maruti Suzuki,Swift,2019,79582,A (Excellent),Delhi NCR,273200.0,259800.0,2026-08-03,1,2026-08-31,251400.0,28
106603,Hyundai,i20,2018,78016,B (Good),Mumbai,259900.0,291000.0,2026-07-28,1,2026-08-19,285300.0,22
106604,Mahindra,Scorpio,2021,54904,B (Good),Hyderabad,712900.0,725200.0,2026-07-26,1,2026-08-26,712300.0,31
106605,Toyota,Glanza,2023,37001,B (Good),Pune,456100.0,447800.0,2026-08-27,0,,,5
106606,Toyota,Glanza,2018,96622,C (Fair),Hyderabad,240300.0,247100.0,2026-07-28,1,2026-08-15,233200.0,18
106607,Tata,Nexon,2022,51221,C (Fair),Pune,481300.0,485800.0,2026-06-30,1,2026-08-07,461400.0,38
106608,Honda,WR-V,2019,89518,A (Excellent),Mumbai,383300.0,346000.0,2026-08-23,0,,,9
106609,Mahindra,Scorpio,2024,12880,C (Fair),Pune,889300.0,892800.0,2026-08-26,0,,,6
106610,Maruti Suzuki,Swift,2018,78922,B (Good),Mumbai,230400.0,207900.0,2026-06-10,1,2026-06-28,195800.0,18
106611,Tata,Tiago,2024,23015,A (Excellent),Ahmedabad,405600.0,406900.0,2026-06-29,1,2026-08-04,383300.0,36
106612,Toyota,Innova,2016,122869,B (Good),Kolkata,528500.0,526000.0,2026-06-03,1,2026-07-03,498300.0,30
106613,Toyota,Innova,2017,113503,A (Excellent),Hyderabad,633900.0,598400.0,2026-05-25,1,2026-06-20,588700.0,26
106614,Honda,City,2023,39479,B (Good),Pune,630000.0,653000.0,2026-08-12,0,,,20
106615,Mahindra,XUV700,2023,40665,A (Excellent),Pune,1245800.0,1271100.0,2026-07-12,1,2026-08-05,1233400.0,24
106616,Hyundai,Creta,2019,80819,A (Excellent),Mumbai,570500.0,547900.0,2026-05-18,1,2026-06-15,528400.0,28
106617,Maruti Suzuki,Baleno,2021,55046,C (Fair),Hyderabad,307900.0,310900.0,2026-06-30,1,2026-07-24,299300.0,24
106618,Tata,Tiago,2016,112908,A (Excellent),Pune,173200.0,153900.0,2026-06-29,1,2026-07-18,149300.0,19
106619,Toyota,Fortuner,2024,31892,C (Fair),Hyderabad,2023400.0,1968800.0,2026-08-16,0,,,16
106620,Honda,Jazz,2023,34636,A (Excellent),Mumbai,471100.0,541700.0,2026-06-10,1,2026-07-10,529600.0,30
106621,Maruti Suzuki,Dzire,2020,73675,C (Fair),Pune,265500.0,265900.0,2026-07-09,1,2026-07-24,257700.0,15
106622,Maruti Suzuki,WagonR,2022,49480,B (Good),Ahmedabad,283600.0,309000.0,2026-05-23,1,2026-06-25,299600.0,33
106623,Hyundai,Verna,2023,45997,A (Excellent),Hyderabad,713300.0,621900.0,2026-05-10,1,2026-05-23,593000.0,13
106624,Mahindra,XUV700,2018,102037,B (Good),Hyderabad,673800.0,693400.0,2026-07-26,0,,,37
106625,Hyundai,Grand i10,2024,15579,A (Excellent),Mumbai,408700.0,461500.0,2026-07-16,1,2026-08-17,454900.0,32
106626,Hyundai,Grand i10,2018,84989,C (Fair),Pune,179800.0,180500.0,2026-05-09,1,2026-06-06,177600.0,28
106627,Maruti Suzuki,Baleno,2021,61333,C (Fair),Hyderabad,305900.0,353300.0,2026-06-07,1,2026-07-09,345300.0,32
106628,Tata,Punch,2024,35225,B (Good),Ahmedabad,463600.0,462700.0,2026-06-03,1,2026-07-18,452100.0,45
106629,Honda,WR-V,2017,99234,C (Fair),Bengaluru,261700.0,245000.0,2026-06-13,1,2026-06-23,235100.0,10
106630,Maruti Suzuki,WagonR,2021,66855,A (Excellent),Kolkata,273700.0,285600.0,2026-06-03,1,2026-07-09,279000.0,36
106631,Toyota,Innova,2020,64336,C (Fair),Bengaluru,739900.0,634100.0,2026-07-25,1,2026-08-03,616800.0,9
106632,Maruti Suzuki,Baleno,2019,81062,B (Good),Pune,275500.0,288700.0,2026-06-07,1,2026-07-18,279200.0,41
106633,Hyundai,i20,2019,74919,B (Good),Ahmedabad,286600.0,304700.0,2026-08-27,0,,,5
106634,Kia,Carens,2023,26264,A (Excellent),Mumbai,804700.0,785100.0,2026-06-30,1,2026-07-15,744600.0,15
106635,Tata,Nexon,2021,74507,C (Fair),Pune,427300.0,394000.0,2026-06-07,1,2026-07-17,376100.0,40
106636,Hyundai,Creta,2023,39574,C (Fair),Hyderabad,724400.0,631700.0,2026-07-16,1,2026-08-08,607500.0,23
106637,Maruti Suzuki,Swift,2020,55071,B (Good),Ahmedabad,285400.0,312400.0,2026-07-14,1,2026-08-21,303400.0,38
106638,Maruti Suzuki,Dzire,2023,24110,B (Good),Chennai,412500.0,415600.0,2026-08-06,0,,,26
106639,Honda,Jazz,2024,25695,A (Excellent),Hyderabad,522400.0,544300.0,2026-08-10,0,,,22
106640,Hyundai,Verna,2023,34024,C (Fair),Mumbai,601900.0,611800.0,2026-07-18,1,2026-08-11,580400.0,24
106641,Hyundai,Verna,2023,32782,B (Good),Bengaluru,669600.0,750900.0,2026-05-06,1,2026-06-03,726800.0,28
106642,Hyundai,Verna,2023,27691,C (Fair),Hyderabad,605800.0,647700.0,2026-05-11,1,2026-06-04,621400.0,24
106643,Hyundai,Verna,2024,31078,B (Good),Hyderabad,737100.0,602100.0,2026-06-05,1,2026-06-19,569700.0,14
106644,Toyota,Innova,2024,16892,C (Fair),Ahmedabad,1133700.0,1187700.0,2026-05-07,1,2026-06-14,1126900.0,38
106645,Honda,WR-V,2021,71836,B (Good),Delhi NCR,436900.0,483300.0,2026-08-11,0,,,21
106646,Hyundai,Creta,2021,52091,A (Excellent),Mumbai,710500.0,561600.0,2026-06-22,1,2026-07-03,544100.0,11
106647,Hyundai,Verna,2023,40500,B (Good),Kolkata,664300.0,732600.0,2026-07-26,0,,,37
106648,Maruti Suzuki,Dzire,2018,91310,B (Good),Kolkata,239700.0,259700.0,2026-08-14,0,,,18
106649,Maruti Suzuki,WagonR,2021,51448,C (Fair),Hyderabad,231800.0,225900.0,2026-07-23,1,2026-08-18,216600.0,26
106650,Hyundai,i20,2019,94673,B (Good),Hyderabad,280500.0,230900.0,2026-05-24,1,2026-06-05,227600.0,12
106651,Honda,Jazz,2021,54141,B (Good),Pune,353900.0,323500.0,2026-07-01,1,2026-07-22,308800.0,21
106652,Maruti Suzuki,Dzire,2018,88288,A (Excellent),Kolkata,259700.0,235300.0,2026-08-01,1,2026-08-30,223400.0,29
106653,Maruti Suzuki,Ertiga,2022,46067,A (Excellent),Chennai,512400.0,530700.0,2026-06-29,1,2026-08-09,508700.0,41
106654,Maruti Suzuki,Ertiga,2024,18442,C (Fair),Chennai,530600.0,516800.0,2026-05-21,1,2026-06-19,488800.0,29
106655,Honda,Amaze,2024,18408,B (Good),Mumbai,471600.0,473300.0,2026-08-03,1,2026-08-30,466900.0,27
106656,Honda,Amaze,2020,76625,B (Good),Chennai,304200.0,298100.0,2026-08-28,0,,,4
106657,Hyundai,i20,2021,60891,A (Excellent),Hyderabad,379500.0,383300.0,2026-06-26,1,2026-07-27,377900.0,31
106658,Maruti Suzuki,Swift,2017,109485,C (Fair),Pune,182400.0,189000.0,2026-06-23,1,2026-07-24,184900.0,31
106659,Hyundai,Creta,2017,100890,B (Good),Pune,427900.0,419500.0,2026-07-05,1,2026-08-01,399900.0,27
106660,Tata,Punch,2023,48843,C (Fair),Delhi NCR,374300.0,366400.0,2026-05-09,1,2026-06-02,352800.0,24
106661,Hyundai,Grand i10,2022,51003,A (Excellent),Delhi NCR,326200.0,314100.0,2026-06-07,1,2026-07-01,295500.0,24
106662,Maruti Suzuki,Ertiga,2021,61175,B (Good),Bengaluru,424900.0,430500.0,2026-06-03,1,2026-07-06,413200.0,33
106663,Mahindra,XUV300,2023,41706,B (Good),Delhi NCR,558700.0,589500.0,2026-07-12,1,2026-08-10,573600.0,29
106664,Maruti Suzuki,Ertiga,2023,35533,C (Fair),Mumbai,474400.0,470900.0,2026-05-28,1,2026-06-26,449900.0,29
106665,Kia,Carens,2017,111219,B (Good),Pune,386200.0,387100.0,2026-08-04,0,,,28
106666,Tata,Punch,2024,2000,B (Good),Chennai,479500.0,411000.0,2026-08-04,1,2026-08-25,396300.0,21
106667,Hyundai,i20,2023,38627,A (Excellent),Kolkata,469100.0,506300.0,2026-06-01,1,2026-07-18,480100.0,47
106668,Maruti Suzuki,Baleno,2024,14240,B (Good),Kolkata,473600.0,439700.0,2026-07-14,1,2026-08-11,416000.0,28
106669,Tata,Nexon,2023,31558,B (Good),Kolkata,599900.0,535200.0,2026-08-16,0,,,16
106670,Toyota,Fortuner,2023,26342,C (Fair),Delhi NCR,1851900.0,1725500.0,2026-06-24,1,2026-07-21,1676500.0,27
106671,Kia,Carens,2017,106146,B (Good),Delhi NCR,388400.0,381600.0,2026-05-26,1,2026-06-20,363200.0,25
106672,Hyundai,Creta,2018,107867,B (Good),Kolkata,466600.0,458300.0,2026-07-26,1,2026-08-22,447000.0,27
106673,Tata,Altroz,2017,102280,C (Fair),Delhi NCR,207300.0,224500.0,2026-06-24,1,2026-07-20,213100.0,26
106674,Maruti Suzuki,WagonR,2023,39362,B (Good),Pune,315000.0,329700.0,2026-06-28,1,2026-08-15,324500.0,48
106675,Hyundai,Venue,2020,69643,B (Good),Mumbai,383200.0,324600.0,2026-06-19,1,2026-07-03,317100.0,14
106676,Tata,Nexon,2021,59638,A (Excellent),Hyderabad,520900.0,537300.0,2026-07-29,1,2026-08-22,517500.0,24
106677,Tata,Punch,2018,91529,B (Good),Delhi NCR,247900.0,229400.0,2026-05-30,1,2026-06-12,224900.0,13
106678,Maruti Suzuki,Ertiga,2021,50958,B (Good),Mumbai,429500.0,358600.0,2026-07-10,1,2026-08-01,341300.0,22
106679,Hyundai,Creta,2022,48533,B (Good),Pune,725600.0,679200.0,2026-08-07,1,2026-08-28,670200.0,21
106680,Maruti Suzuki,Ertiga,2024,18411,C (Fair),Chennai,530600.0,478000.0,2026-05-24,1,2026-06-23,468600.0,30
106681,Toyota,Fortuner,2020,69392,A (Excellent),Pune,1600600.0,1844000.0,2026-06-07,1,2026-07-21,1817300.0,44
106682,Honda,City,2018,112786,C (Fair),Delhi NCR,326800.0,307100.0,2026-08-12,1,2026-08-24,301900.0,12
106683,Mahindra,Scorpio,2024,20805,A (Excellent),Chennai,1058600.0,1016100.0,2026-08-29,0,,,3
106684,Hyundai,Venue,2020,80182,B (Good),Chennai,378800.0,320100.0,2026-08-30,0,,,2
106685,Honda,WR-V,2023,49645,B (Good),Kolkata,540200.0,600300.0,2026-06-08,1,2026-07-18,567500.0,40
106686,Mahindra,XUV700,2018,102413,C (Fair),Delhi NCR,606100.0,619500.0,2026-05-12,1,2026-06-12,600100.0,31
106687,Maruti Suzuki,Dzire,2016,114748,B (Good),Ahmedabad,193400.0,209500.0,2026-05-17,1,2026-06-23,198500.0,37
106688,Toyota,Innova,2024,26647,B (Good),Chennai,1247100.0,1452800.0,2026-07-25,0,,,38
106689,Hyundai,Venue,2023,35018,B (Good),Pune,527400.0,545300.0,2026-06-03,1,2026-07-12,517200.0,39
106690,Maruti Suzuki,WagonR,2016,118224,C (Fair),Ahmedabad,134500.0,138500.0,2026-07-26,1,2026-08-23,136900.0,28
106691,Tata,Altroz,2020,65443,A (Excellent),Chennai,343600.0,321600.0,2026-05-19,1,2026-06-18,304000.0,30
106692,Honda,Jazz,2021,47437,C (Fair),Ahmedabad,320800.0,327700.0,2026-05-10,1,2026-06-10,309800.0,31
106693,Tata,Tiago,2018,87601,C (Fair),Bengaluru,179200.0,190700.0,2026-08-17,0,,,15
106694,Kia,Seltos,2022,56845,C (Fair),Delhi NCR,647300.0,693400.0,2026-05-19,1,2026-06-18,686100.0,30
106695,Tata,Punch,2016,119790,C (Fair),Hyderabad,179000.0,213900.0,2026-06-17,1,2026-07-22,204400.0,35
106696,Maruti Suzuki,Ertiga,2017,116620,C (Fair),Kolkata,246800.0,246800.0,2026-07-22,1,2026-08-25,239700.0,34
106697,Honda,Amaze,2021,68291,B (Good),Delhi NCR,337300.0,293700.0,2026-07-09,1,2026-07-20,280300.0,11
106698,Hyundai,Grand i10,2018,81486,B (Good),Kolkata,200500.0,226400.0,2026-06-26,1,2026-08-16,215700.0,51
106699,Tata,Altroz,2019,84931,B (Good),Hyderabad,283500.0,254800.0,2026-06-26,1,2026-07-21,246200.0,25
106700,Honda,Amaze,2024,27544,B (Good),Kolkata,467200.0,431900.0,2026-07-10,1,2026-08-21,413800.0,42
106701,Maruti Suzuki,Baleno,2023,35125,C (Fair),Delhi NCR,379700.0,352300.0,2026-05-07,1,2026-05-29,344600.0,22
106702,Hyundai,Grand i10,2016,128161,B (Good),Pune,157600.0,172500.0,2026-06-25,1,2026-07-26,169400.0,31
106703,Toyota,Fortuner,2024,33253,A (Excellent),Chennai,2424700.0,2957800.0,2026-08-23,0,,,9
106704,Tata,Nexon,2024,13939,B (Good),Pune,671200.0,628100.0,2026-07-02,1,2026-07-31,594800.0,29
106705,Hyundai,Creta,2024,22216,A (Excellent),Bengaluru,972500.0,1012000.0,2026-05-24,1,2026-06-15,972500.0,22
106706,Kia,Sonet,2017,109127,B (Good),Hyderabad,294900.0,334500.0,2026-07-09,1,2026-08-02,319600.0,24
106707,Tata,Nexon,2022,51321,A (Excellent),Ahmedabad,577500.0,574300.0,2026-06-21,1,2026-07-23,556900.0,32
106708,Hyundai,Creta,2023,25543,B (Good),Pune,816600.0,737400.0,2026-07-13,1,2026-08-01,716700.0,19
106709,Maruti Suzuki,Baleno,2019,75689,A (Excellent),Kolkata,299300.0,282600.0,2026-05-13,1,2026-06-12,273900.0,30
106710,Toyota,Innova,2022,44204,C (Fair),Chennai,912700.0,827400.0,2026-08-07,1,2026-08-28,786300.0,21
106711,Maruti Suzuki,Baleno,2022,52911,C (Fair),Bengaluru,339100.0,332200.0,2026-05-05,1,2026-05-21,320600.0,16
106712,Kia,Sonet,2024,33400,B (Good),Kolkata,619200.0,645800.0,2026-05-12,1,2026-06-21,635100.0,40
106713,Maruti Suzuki,Baleno,2016,122205,B (Good),Hyderabad,198300.0,204500.0,2026-06-07,1,2026-07-01,193800.0,24
106714,Honda,City,2024,28219,C (Fair),Kolkata,630300.0,739700.0,2026-06-29,1,2026-08-26,722200.0,58
106715,Hyundai,i20,2021,45753,B (Good),Ahmedabad,357000.0,323100.0,2026-08-28,0,,,4
106716,Hyundai,Verna,2019,91897,B (Good),Bengaluru,431100.0,481000.0,2026-07-11,1,2026-08-03,466000.0,23
106717,Kia,Sonet,2022,59150,B (Good),Kolkata,499100.0,569400.0,2026-07-09,1,2026-08-20,554000.0,42
106718,Mahindra,Scorpio,2021,60866,A (Excellent),Kolkata,765100.0,911900.0,2026-07-31,0,,,32
106719,Hyundai,Verna,2023,21773,C (Fair),Ahmedabad,609500.0,635300.0,2026-06-01,1,2026-06-29,619300.0,28
106720,Maruti Suzuki,Dzire,2024,21987,A (Excellent),Kolkata,490600.0,554100.0,2026-08-16,0,,,16
106721,Kia,Sonet,2017,112678,B (Good),Ahmedabad,293800.0,283800.0,2026-05-19,1,2026-06-12,267000.0,24
106722,Maruti Suzuki,Ertiga,2019,86575,B (Good),Bengaluru,342300.0,332100.0,2026-06-16,1,2026-07-06,315800.0,20
106723,Tata,Nexon,2017,106452,B (Good),Ahmedabad,314300.0,257000.0,2026-08-17,1,2026-08-22,247100.0,5
106724,Toyota,Glanza,2021,49521,B (Good),Ahmedabad,372800.0,391700.0,2026-08-01,0,,,31
106725,Toyota,Fortuner,2023,49300,C (Fair),Hyderabad,1808200.0,1588700.0,2026-06-18,1,2026-07-06,1561200.0,18
106726,Tata,Altroz,2016,124615,B (Good),Chennai,204400.0,217300.0,2026-07-25,1,2026-08-18,214400.0,24
106727,Maruti Suzuki,Dzire,2019,80257,A (Excellent),Chennai,287900.0,283100.0,2026-07-11,1,2026-08-07,279500.0,27
106728,Hyundai,Creta,2020,64353,B (Good),Delhi NCR,590900.0,576400.0,2026-08-12,0,,,20
106729,Mahindra,XUV700,2020,66557,A (Excellent),Kolkata,913500.0,924700.0,2026-06-14,1,2026-07-22,908100.0,38
106730,Toyota,Innova,2022,45650,B (Good),Bengaluru,1012600.0,1007600.0,2026-06-14,1,2026-07-06,948300.0,22
106731,Honda,Amaze,2018,90248,C (Fair),Chennai,223400.0,211300.0,2026-07-01,1,2026-07-16,208300.0,15
106732,Maruti Suzuki,Swift,2023,36327,B (Good),Mumbai,386200.0,393500.0,2026-08-08,0,,,24
106733,Hyundai,Venue,2020,59104,C (Fair),Mumbai,348800.0,290200.0,2026-06-30,1,2026-07-15,274600.0,15
106734,Hyundai,Venue,2023,30863,B (Good),Bengaluru,529700.0,493400.0,2026-08-11,1,2026-08-26,480000.0,15
106735,Mahindra,XUV700,2019,94390,B (Good),Pune,746700.0,821000.0,2026-06-01,1,2026-06-29,773400.0,28
106736,Mahindra,Scorpio,2023,39444,B (Good),Hyderabad,875000.0,939700.0,2026-08-13,0,,,19
106737,Maruti Suzuki,Baleno,2017,105709,B (Good),Mumbai,222000.0,212400.0,2026-05-21,1,2026-06-16,208200.0,26
106738,Maruti Suzuki,Ertiga,2020,77189,B (Good),Delhi NCR,380100.0,394500.0,2026-07-22,1,2026-08-20,375700.0,29
106739,Toyota,Innova,2024,35346,A (Excellent),Chennai,1334900.0,1370800.0,2026-06-29,1,2026-07-23,1348000.0,24
106740,Honda,Jazz,2024,8958,B (Good),Mumbai,492000.0,572000.0,2026-08-13,0,,,19
106741,Tata,Nexon,2023,32688,B (Good),Chennai,599200.0,585200.0,2026-05-22,1,2026-06-12,569300.0,21
106742,Maruti Suzuki,WagonR,2021,64569,A (Excellent),Mumbai,274300.0,290200.0,2026-07-27,1,2026-08-28,285400.0,32
106743,Maruti Suzuki,Ertiga,2023,30919,A (Excellent),Hyderabad,572000.0,626200.0,2026-06-10,1,2026-07-11,613000.0,31
106744,Toyota,Glanza,2018,94892,C (Fair),Kolkata,240800.0,261100.0,2026-07-28,0,,,35
106745,Maruti Suzuki,Dzire,2019,75754,A (Excellent),Ahmedabad,289300.0,272000.0,2026-07-01,1,2026-07-20,261600.0,19
106746,Maruti Suzuki,WagonR,2016,113077,B (Good),Hyderabad,150300.0,122900.0,2026-07-08,1,2026-07-22,117300.0,14
106747,Tata,Nexon,2023,40178,B (Good),Mumbai,594500.0,640500.0,2026-08-17,0,,,15
106748,Maruti Suzuki,WagonR,2021,62644,A (Excellent),Mumbai,274900.0,295600.0,2026-07-18,1,2026-08-16,282700.0,29
106749,Mahindra,Bolero,2020,72253,B (Good),Bengaluru,356600.0,319800.0,2026-07-31,1,2026-08-16,316200.0,16
106750,Tata,Harrier,2016,119084,C (Fair),Delhi NCR,432900.0,414500.0,2026-08-23,0,,,9
106751,Mahindra,XUV700,2020,79919,A (Excellent),Chennai,900400.0,964800.0,2026-05-10,1,2026-06-15,922000.0,36
106752,Hyundai,i20,2021,68143,B (Good),Delhi NCR,348600.0,365300.0,2026-06-15,1,2026-07-10,345000.0,25
106753,Hyundai,i20,2022,51270,B (Good),Pune,390100.0,428800.0,2026-06-01,1,2026-07-09,419600.0,38
106754,Maruti Suzuki,WagonR,2019,89006,A (Excellent),Ahmedabad,221200.0,260000.0,2026-05-22,1,2026-07-16,257000.0,55
106755,Kia,Sonet,2022,50593,A (Excellent),Delhi NCR,544000.0,572500.0,2026-07-28,1,2026-08-19,557700.0,22
106756,Hyundai,Verna,2019,69187,A (Excellent),Bengaluru,477200.0,465700.0,2026-06-18,1,2026-07-13,446000.0,25
106757,Tata,Punch,2017,120713,C (Fair),Chennai,196500.0,181500.0,2026-08-13,0,,,19
106758,Honda,City,2018,93070,B (Good),Hyderabad,371200.0,379200.0,2026-06-17,1,2026-07-11,359500.0,24
106759,Toyota,Glanza,2022,60351,B (Good),Kolkata,405000.0,398700.0,2026-08-16,0,,,16
106760,Honda,City,2022,57721,C (Fair),Bengaluru,506100.0,548700.0,2026-08-09,0,,,23
106761,Honda,WR-V,2022,43026,A (Excellent),Chennai,534600.0,543000.0,2026-08-24,0,,,8
106762,Tata,Harrier,2019,89938,C (Fair),Bengaluru,593500.0,612500.0,2026-06-17,1,2026-07-15,597600.0,28
106763,Mahindra,XUV700,2016,123746,C (Fair),Mumbai,490000.0,497900.0,2026-08-11,0,,,21
106764,Maruti Suzuki,Dzire,2022,52477,C (Fair),Pune,328000.0,333100.0,2026-07-01,1,2026-08-01,325300.0,31
106765,Tata,Harrier,2023,34026,B (Good),Chennai,1020700.0,1131400.0,2026-08-07,0,,,25
106766,Hyundai,Creta,2023,27135,B (Good),Pune,815300.0,836200.0,2026-06-10,1,2026-07-03,823900.0,23
106767,Maruti Suzuki,Ertiga,2021,60666,B (Good),Hyderabad,425100.0,376600.0,2026-05-24,1,2026-06-17,354500.0,24
106768,Tata,Punch,2023,40816,B (Good),Pune,419400.0,413000.0,2026-06-06,1,2026-07-09,390400.0,33
106769,Maruti Suzuki,Baleno,2021,57239,B (Good),Delhi NCR,341400.0,366600.0,2026-05-26,1,2026-06-21,357800.0,26
106770,Maruti Suzuki,WagonR,2018,90209,B (Good),Mumbai,186200.0,203800.0,2026-08-16,0,,,16
106771,Kia,Carens,2023,41644,B (Good),Ahmedabad,733300.0,715800.0,2026-08-16,0,,,16
106772,Kia,Sonet,2023,32036,C (Fair),Hyderabad,507900.0,489300.0,2026-06-27,1,2026-07-21,469300.0,24
106773,Toyota,Glanza,2024,24930,A (Excellent),Hyderabad,548100.0,454200.0,2026-05-07,1,2026-05-13,427400.0,6
106774,Mahindra,Bolero,2017,100320,B (Good),Pune,260600.0,251600.0,2026-06-17,1,2026-07-18,244700.0,31
106775,Tata,Punch,2020,61746,C (Fair),Mumbai,278200.0,264500.0,2026-06-29,1,2026-08-02,250100.0,34
106776,Hyundai,Creta,2019,76461,B (Good),Ahmedabad,530700.0,551900.0,2026-08-18,0,,,14
106777,Mahindra,Bolero,2024,27896,A (Excellent),Bengaluru,588500.0,502600.0,2026-08-13,0,,,19
106778,Mahindra,XUV300,2023,38330,B (Good),Hyderabad,560600.0,586200.0,2026-08-01,1,2026-08-30,571900.0,29
106779,Tata,Tiago,2020,63699,A (Excellent),Ahmedabad,266500.0,294200.0,2026-06-13,1,2026-07-28,290600.0,45
106780,Kia,Seltos,2023,40149,C (Fair),Hyderabad,724000.0,751300.0,2026-06-07,1,2026-07-09,720000.0,32
106781,Honda,City,2018,86965,B (Good),Chennai,373700.0,410900.0,2026-08-15,0,,,17
106782,Mahindra,Scorpio,2020,73045,C (Fair),Chennai,572700.0,581600.0,2026-05-06,1,2026-06-11,550100.0,36
106783,Toyota,Glanza,2020,82105,A (Excellent),Hyderabad,353900.0,360900.0,2026-08-03,1,2026-08-22,345900.0,19
106784,Mahindra,Bolero,2023,31719,B (Good),Pune,493900.0,426500.0,2026-06-01,1,2026-06-20,409400.0,19
106785,Honda,City,2024,30839,C (Fair),Bengaluru,628600.0,542700.0,2026-08-06,1,2026-08-27,519800.0,21
106786,Maruti Suzuki,WagonR,2019,89435,A (Excellent),Ahmedabad,221100.0,180500.0,2026-06-28,1,2026-07-23,177000.0,25
106787,Maruti Suzuki,Dzire,2021,66555,C (Fair),Pune,294000.0,276100.0,2026-08-17,0,,,15
106788,Hyundai,i20,2023,34413,B (Good),Kolkata,436300.0,430400.0,2026-08-09,0,,,23
106789,Mahindra,Bolero,2020,72441,B (Good),Kolkata,356600.0,303300.0,2026-06-27,1,2026-07-17,295500.0,20
106790,Tata,Altroz,2019,80466,C (Fair),Mumbai,256400.0,256600.0,2026-06-28,1,2026-07-23,251600.0,25
106791,Hyundai,Venue,2020,74288,B (Good),Bengaluru,381300.0,355600.0,2026-05-26,1,2026-07-02,336900.0,37
106792,Maruti Suzuki,Baleno,2024,40410,B (Good),Chennai,461100.0,478500.0,2026-05-25,1,2026-07-09,465900.0,45
106793,Mahindra,Bolero,2023,24539,A (Excellent),Chennai,537400.0,625100.0,2026-05-30,1,2026-06-28,592600.0,29
106794,Mahindra,Bolero,2022,54359,B (Good),Ahmedabad,439000.0,454800.0,2026-05-11,1,2026-05-31,429100.0,20
106795,Kia,Sonet,2017,98607,C (Fair),Pune,268600.0,276400.0,2026-05-16,1,2026-06-11,273200.0,26
106796,Tata,Tiago,2022,43590,B (Good),Ahmedabad,304400.0,317300.0,2026-07-27,1,2026-08-30,300500.0,34
106797,Kia,Sonet,2018,90893,C (Fair),Chennai,297700.0,295000.0,2026-05-07,1,2026-05-30,281000.0,23
106798,Honda,WR-V,2023,37893,C (Fair),Hyderabad,492200.0,471500.0,2026-06-17,1,2026-07-16,449900.0,29
106799,Mahindra,Scorpio,2022,46194,C (Fair),Kolkata,711600.0,702400.0,2026-06-14,1,2026-07-19,661600.0,35
106800,Tata,Altroz,2022,41026,A (Excellent),Delhi NCR,425800.0,438400.0,2026-06-03,1,2026-07-07,425900.0,34
106801,Toyota,Fortuner,2021,51839,B (Good),Hyderabad,1659300.0,1955800.0,2026-07-18,1,2026-08-18,1861800.0,31
106802,Maruti Suzuki,Baleno,2023,47463,A (Excellent),Delhi NCR,449800.0,392800.0,2026-05-14,1,2026-06-08,377800.0,25
106803,Hyundai,Grand i10,2022,42937,B (Good),Pune,304600.0,327600.0,2026-06-05,1,2026-07-06,318000.0,31
106804,Mahindra,Bolero,2018,85648,C (Fair),Pune,262000.0,238200.0,2026-05-21,1,2026-06-12,234500.0,22
106805,Tata,Altroz,2018,101778,C (Fair),Bengaluru,227900.0,226800.0,2026-08-26,0,,,6
106806,Tata,Altroz,2023,49951,C (Fair),Hyderabad,386300.0,281500.0,2026-05-26,1,2026-06-24,275500.0,29
106807,Toyota,Innova,2023,38471,B (Good),Pune,1121100.0,1035200.0,2026-08-12,0,,,20
106808,Mahindra,XUV700,2023,34681,B (Good),Chennai,1160700.0,1197600.0,2026-06-16,1,2026-07-27,1158100.0,41
106809,Kia,Carens,2022,57120,B (Good),Ahmedabad,656500.0,599100.0,2026-08-25,1,2026-08-29,585800.0,4
106810,Maruti Suzuki,Dzire,2020,72500,B (Good),Mumbai,295400.0,298200.0,2026-08-07,0,,,25
106811,Maruti Suzuki,Dzire,2021,53682,B (Good),Delhi NCR,331200.0,352200.0,2026-08-20,0,,,12
106812,Honda,Jazz,2024,22960,B (Good),Ahmedabad,485100.0,499800.0,2026-07-27,0,,,36
106813,Maruti Suzuki,Ertiga,2023,55224,B (Good),Hyderabad,516400.0,534900.0,2026-07-23,1,2026-08-20,508300.0,28
106814,Tata,Tiago,2016,123272,B (Good),Delhi NCR,158500.0,150300.0,2026-06-24,1,2026-07-10,141800.0,16
106815,Hyundai,Grand i10,2016,127754,A (Excellent),Ahmedabad,170300.0,172600.0,2026-07-04,1,2026-08-02,167300.0,29
106816,Maruti Suzuki,WagonR,2023,39831,A (Excellent),Kolkata,340100.0,330100.0,2026-07-31,0,,,32
106817,Tata,Harrier,2024,20174,B (Good),Pune,1137700.0,1213100.0,2026-08-01,0,,,31
106818,Maruti Suzuki,Dzire,2020,86994,A (Excellent),Bengaluru,314100.0,321400.0,2026-05-23,1,2026-06-14,305400.0,22
106819,Toyota,Glanza,2023,36533,B (Good),Kolkata,456400.0,447800.0,2026-05-30,1,2026-06-29,431400.0,30
106820,Honda,Amaze,2019,78314,A (Excellent),Pune,298500.0,292200.0,2026-08-02,1,2026-08-29,280900.0,27
106821,Toyota,Fortuner,2024,25377,A (Excellent),Chennai,2444500.0,2415300.0,2026-07-24,1,2026-08-15,2288200.0,22
106822,Honda,Amaze,2019,89189,A (Excellent),Ahmedabad,294900.0,335300.0,2026-07-20,1,2026-08-26,327600.0,37
106823,Maruti Suzuki,Swift,2018,115855,C (Fair),Hyderabad,199000.0,214200.0,2026-06-01,1,2026-06-26,204300.0,25
106824,Hyundai,Grand i10,2020,70296,B (Good),Kolkata,245100.0,230200.0,2026-08-29,0,,,3
106825,Hyundai,Creta,2017,123274,A (Excellent),Bengaluru,450600.0,543500.0,2026-05-26,1,2026-06-24,537100.0,29
106826,Kia,Carens,2021,69196,A (Excellent),Hyderabad,637000.0,679400.0,2026-06-24,1,2026-07-13,658500.0,19
106827,Hyundai,i20,2019,81117,A (Excellent),Bengaluru,307500.0,292100.0,2026-05-22,1,2026-06-14,279400.0,23
106828,Toyota,Innova,2019,88366,C (Fair),Bengaluru,656000.0,642800.0,2026-06-08,1,2026-07-03,629800.0,25
106829,Hyundai,Creta,2024,19402,B (Good),Chennai,903100.0,1076200.0,2026-05-23,1,2026-06-18,1053200.0,26
106830,Tata,Punch,2020,63532,B (Good),Pune,308600.0,315300.0,2026-08-09,0,,,23
106831,Honda,City,2018,95945,B (Good),Mumbai,370000.0,410400.0,2026-05-12,1,2026-06-14,395100.0,33
106832,Toyota,Innova,2020,71766,B (Good),Chennai,815600.0,959200.0,2026-08-13,0,,,19
106833,Mahindra,Scorpio,2022,57349,C (Fair),Hyderabad,703300.0,594300.0,2026-06-27,1,2026-07-10,569000.0,13
106834,Hyundai,Creta,2021,43639,B (Good),Delhi NCR,663700.0,604000.0,2026-06-09,1,2026-06-28,573600.0,19
106835,Maruti Suzuki,Dzire,2019,81834,B (Good),Chennai,266100.0,239800.0,2026-06-15,1,2026-07-01,230900.0,16
106836,Hyundai,Creta,2023,44283,B (Good),Delhi NCR,800900.0,697300.0,2026-07-27,1,2026-08-12,658000.0,16
106837,Tata,Punch,2017,100254,B (Good),Hyderabad,223400.0,212800.0,2026-08-19,0,,,13
106838,Maruti Suzuki,Dzire,2023,29581,A (Excellent),Chennai,443000.0,409300.0,2026-08-31,0,,,1
106839,Tata,Nexon,2021,55780,B (Good),Hyderabad,484300.0,475600.0,2026-05-12,1,2026-06-01,452700.0,20
106840,Hyundai,Grand i10,2024,20343,C (Fair),Delhi NCR,338900.0,300200.0,2026-05-23,1,2026-06-16,285200.0,24
106841,Tata,Nexon,2022,48995,A (Excellent),Ahmedabad,578900.0,598900.0,2026-08-19,0,,,13
106842,Hyundai,Grand i10,2016,115467,A (Excellent),Hyderabad,172700.0,160300.0,2026-07-03,1,2026-08-03,156000.0,31
106843,Hyundai,Creta,2023,21497,B (Good),Bengaluru,820000.0,702500.0,2026-07-11,1,2026-07-26,661400.0,15
106844,Honda,Amaze,2022,43333,B (Good),Ahmedabad,380600.0,386100.0,2026-05-09,1,2026-06-13,371400.0,35
106845,Mahindra,Scorpio,2019,87922,B (Good),Pune,569700.0,612800.0,2026-06-28,1,2026-08-12,591500.0,45
106846,Mahindra,XUV300,2019,83092,B (Good),Bengaluru,366600.0,282400.0,2026-05-17,1,2026-05-20,278300.0,3
106847,Honda,Amaze,2018,87244,B (Good),Mumbai,249000.0,240500.0,2026-08-27,0,,,5
106848,Hyundai,Grand i10,2022,64199,C (Fair),Bengaluru,268100.0,261400.0,2026-08-13,0,,,19
106849,Toyota,Glanza,2023,32350,B (Good),Chennai,458300.0,483700.0,2026-06-24,1,2026-07-25,473700.0,31
106850,Maruti Suzuki,WagonR,2021,59046,B (Good),Bengaluru,255500.0,261000.0,2026-05-21,1,2026-06-11,247000.0,21
106851,Maruti Suzuki,Baleno,2023,38388,A (Excellent),Chennai,454100.0,369400.0,2026-06-15,1,2026-07-05,359200.0,20
106852,Toyota,Glanza,2017,122093,A (Excellent),Chennai,255000.0,207900.0,2026-07-31,1,2026-08-18,199800.0,18
106853,Tata,Altroz,2023,23741,B (Good),Mumbai,441100.0,488200.0,2026-08-26,0,,,6
106854,Maruti Suzuki,Swift,2023,48398,A (Excellent),Kolkata,411900.0,465500.0,2026-06-22,1,2026-08-03,457300.0,42
106855,Hyundai,Creta,2023,51699,B (Good),Bengaluru,794700.0,809400.0,2026-08-01,1,2026-08-14,795700.0,13
106856,Kia,Sonet,2021,67890,B (Good),Ahmedabad,450000.0,402200.0,2026-08-01,1,2026-08-23,389200.0,22
106857,Hyundai,Verna,2019,64036,B (Good),Mumbai,444300.0,488400.0,2026-07-22,1,2026-08-20,474300.0,29
106858,Mahindra,XUV300,2023,32000,B (Good),Bengaluru,564300.0,609600.0,2026-07-05,1,2026-07-30,586200.0,25
106859,Honda,Amaze,2022,48553,A (Excellent),Bengaluru,408900.0,322400.0,2026-07-27,1,2026-08-09,311700.0,13
106860,Tata,Harrier,2020,69110,B (Good),Bengaluru,741200.0,789500.0,2026-07-24,1,2026-08-09,766100.0,16
106861,Honda,WR-V,2021,41066,C (Fair),Ahmedabad,406200.0,414900.0,2026-07-11,1,2026-08-23,401000.0,43
106862,Tata,Harrier,2023,46624,A (Excellent),Bengaluru,1088000.0,1167600.0,2026-07-08,1,2026-07-27,1144300.0,19
106863,Mahindra,Bolero,2016,120618,A (Excellent),Pune,250400.0,297000.0,2026-05-18,1,2026-07-09,282300.0,52
106864,Hyundai,Venue,2023,32378,A (Excellent),Delhi NCR,571200.0,587100.0,2026-06-17,1,2026-07-19,569000.0,32
106865,Toyota,Glanza,2022,58304,B (Good),Pune,405900.0,435900.0,2026-05-19,1,2026-06-17,426400.0,29
106866,Tata,Tiago,2023,42458,B (Good),Kolkata,334900.0,348600.0,2026-07-12,1,2026-08-20,333100.0,39
106867,Toyota,Innova,2020,44628,C (Fair),Chennai,755500.0,714300.0,2026-05-28,1,2026-07-02,689400.0,35
106868,Maruti Suzuki,Swift,2024,36953,B (Good),Ahmedabad,424200.0,464300.0,2026-05-17,1,2026-06-24,456800.0,38
106869,Hyundai,Creta,2022,42284,A (Excellent),Ahmedabad,788800.0,869400.0,2026-05-13,1,2026-06-30,833800.0,48
106870,Hyundai,Verna,2021,67118,A (Excellent),Ahmedabad,577600.0,550800.0,2026-08-11,0,,,21
106871,Honda,WR-V,2017,85310,B (Good),Kolkata,295200.0,329300.0,2026-07-14,1,2026-08-25,324600.0,42
106872,Mahindra,XUV300,2020,59060,A (Excellent),Pune,446400.0,450400.0,2026-06-27,1,2026-08-06,442000.0,40
106873,Honda,City,2019,91255,A (Excellent),Ahmedabad,441400.0,469400.0,2026-07-17,1,2026-08-18,448800.0,32
106874,Maruti Suzuki,Dzire,2022,56164,B (Good),Mumbai,363000.0,365200.0,2026-08-15,0,,,17
106875,Toyota,Innova,2024,22129,B (Good),Pune,1252900.0,1298800.0,2026-07-22,1,2026-08-26,1224600.0,35
106876,Hyundai,Grand i10,2020,65841,B (Good),Bengaluru,246200.0,253300.0,2026-05-29,1,2026-06-28,240000.0,30
106877,Honda,WR-V,2020,72880,A (Excellent),Chennai,428900.0,412500.0,2026-06-17,1,2026-07-11,406600.0,24
106878,Mahindra,XUV700,2023,32606,B (Good),Ahmedabad,1163200.0,1059700.0,2026-07-16,1,2026-08-19,1002300.0,34
106879,Maruti Suzuki,WagonR,2020,57502,A (Excellent),Mumbai,251500.0,224900.0,2026-06-21,1,2026-07-03,216700.0,12
106880,Maruti Suzuki,Ertiga,2019,83053,B (Good),Pune,343700.0,370900.0,2026-08-24,0,,,8
106881,Hyundai,Venue,2024,19218,C (Fair),Kolkata,530200.0,593900.0,2026-07-12,1,2026-08-18,575100.0,37
106882,Tata,Nexon,2023,34637,A (Excellent),Chennai,645800.0,675300.0,2026-08-29,0,,,3
106883,Toyota,Glanza,2018,82424,C (Fair),Pune,244100.0,251700.0,2026-05-12,1,2026-06-12,244900.0,31
106884,Honda,Amaze,2022,43447,A (Excellent),Chennai,411000.0,411000.0,2026-05-29,1,2026-06-26,397700.0,28
106885,Tata,Tiago,2016,121392,A (Excellent),Hyderabad,171500.0,183000.0,2026-05-11,1,2026-06-08,174300.0,28
106886,Honda,Amaze,2020,71773,C (Fair),Delhi NCR,275300.0,288400.0,2026-08-08,0,,,24
106887,Mahindra,Scorpio,2018,98469,A (Excellent),Mumbai,553500.0,508400.0,2026-08-23,0,,,9
106888,Tata,Nexon,2019,76719,C (Fair),Hyderabad,353000.0,358100.0,2026-06-14,1,2026-07-06,354000.0,22
106889,Tata,Nexon,2017,102690,C (Fair),Pune,284100.0,297100.0,2026-06-19,1,2026-07-19,286800.0,30
106890,Hyundai,i20,2022,50091,C (Fair),Delhi NCR,351500.0,384000.0,2026-07-07,1,2026-07-30,362500.0,23
106891,Kia,Carens,2024,23509,A (Excellent),Pune,886800.0,946700.0,2026-05-20,1,2026-06-22,926800.0,33
106892,Mahindra,Scorpio,2022,55218,A (Excellent),Pune,845800.0,884700.0,2026-07-03,1,2026-07-28,837100.0,25
106893,Honda,WR-V,2021,64401,C (Fair),Kolkata,396300.0,390900.0,2026-06-12,1,2026-07-10,379100.0,28
106894,Tata,Harrier,2019,97979,B (Good),Mumbai,653600.0,463900.0,2026-05-20,1,2026-05-23,447100.0,3
106895,Mahindra,Bolero,2023,29893,B (Good),Kolkata,494900.0,542400.0,2026-06-01,1,2026-07-18,516400.0,47
106896,Maruti Suzuki,Swift,2017,108005,C (Fair),Kolkata,182700.0,208400.0,2026-07-04,1,2026-08-19,200600.0,46
106897,Mahindra,Scorpio,2021,55905,B (Good),Hyderabad,712200.0,810600.0,2026-08-28,0,,,4
106898,Toyota,Glanza,2022,41156,B (Good),Kolkata,413300.0,397400.0,2026-05-12,1,2026-06-01,392700.0,20
106899,Hyundai,Grand i10,2016,118279,A (Excellent),Pune,172100.0,167200.0,2026-06-24,1,2026-07-15,164700.0,21
106900,Mahindra,XUV300,2023,32215,B (Good),Bengaluru,564200.0,576100.0,2026-07-30,1,2026-08-29,568000.0,30
106901,Tata,Tiago,2023,46732,A (Excellent),Delhi NCR,360100.0,378300.0,2026-05-10,1,2026-06-06,367000.0,27
106902,Hyundai,i20,2020,63427,C (Fair),Hyderabad,287000.0,268900.0,2026-07-13,1,2026-08-12,255700.0,30
106903,Tata,Nexon,2017,97370,B (Good),Chennai,317500.0,291400.0,2026-07-18,1,2026-08-18,279000.0,31
106904,Hyundai,Creta,2016,107623,B (Good),Ahmedabad,386500.0,417900.0,2026-06-18,1,2026-07-16,395700.0,28
106905,Kia,Seltos,2016,117513,B (Good),Pune,382200.0,403400.0,2026-05-18,1,2026-06-16,379300.0,29
106906,Kia,Carens,2022,58482,A (Excellent),Mumbai,708000.0,672400.0,2026-08-04,1,2026-08-15,638600.0,11
106907,Honda,Jazz,2020,78600,A (Excellent),Pune,338800.0,328200.0,2026-08-10,0,,,22
106908,Hyundai,Grand i10,2023,49961,B (Good),Bengaluru,332300.0,320300.0,2026-05-05,1,2026-05-31,301400.0,26
106909,Tata,Nexon,2022,47990,B (Good),Chennai,536600.0,555700.0,2026-08-27,0,,,5
106910,Hyundai,Verna,2024,14844,B (Good),Pune,749500.0,672300.0,2026-05-23,1,2026-06-16,633900.0,24
106911,Hyundai,Verna,2022,45348,A (Excellent),Ahmedabad,649500.0,689700.0,2026-08-13,0,,,19
106912,Honda,WR-V,2020,72734,B (Good),Mumbai,397200.0,402600.0,2026-06-29,1,2026-08-05,395900.0,37
106913,Hyundai,Grand i10,2023,33268,A (Excellent),Mumbai,365200.0,376600.0,2026-07-20,1,2026-08-19,366800.0,30
106914,Mahindra,Bolero,2023,41579,A (Excellent),Chennai,528000.0,531300.0,2026-08-06,0,,,26
106915,Hyundai,Verna,2024,25592,C (Fair),Bengaluru,667200.0,643300.0,2026-05-14,1,2026-06-12,614300.0,29
106916,Hyundai,Venue,2020,68858,B (Good),Bengaluru,383500.0,403800.0,2026-07-14,1,2026-08-11,382900.0,28
106917,Maruti Suzuki,WagonR,2016,107618,B (Good),Hyderabad,151200.0,159000.0,2026-07-23,1,2026-08-26,154900.0,34
106918,Honda,WR-V,2022,44280,A (Excellent),Pune,533900.0,440000.0,2026-07-10,1,2026-08-01,426600.0,22
106919,Kia,Sonet,2021,55395,B (Good),Ahmedabad,456000.0,503400.0,2026-05-17,1,2026-06-17,481900.0,31
106920,Toyota,Innova,2024,29879,A (Excellent),Pune,1342400.0,1378700.0,2026-05-23,1,2026-07-01,1324800.0,39
106921,Hyundai,Venue,2020,70287,B (Good),Chennai,382900.0,453600.0,2026-06-15,1,2026-07-31,434600.0,46
106922,Honda,Amaze,2019,88288,B (Good),Hyderabad,273400.0,252000.0,2026-05-19,1,2026-06-17,241400.0,29
106923,Maruti Suzuki,Ertiga,2023,23995,A (Excellent),Ahmedabad,576100.0,569000.0,2026-08-24,0,,,8
106924,Kia,Carens,2021,56890,B (Good),Hyderabad,597600.0,671100.0,2026-07-28,1,2026-08-28,648200.0,31
106925,Maruti Suzuki,Swift,2024,25811,A (Excellent),Ahmedabad,463400.0,545000.0,2026-08-10,0,,,22
106926,Maruti Suzuki,Swift,2023,36189,C (Fair),Ahmedabad,347700.0,331400.0,2026-05-28,1,2026-06-24,321100.0,27
106927,Maruti Suzuki,Dzire,2022,44322,A (Excellent),Pune,397000.0,390600.0,2026-07-10,1,2026-08-05,368800.0,26
106928,Kia,Carens,2022,41896,B (Good),Pune,667100.0,673400.0,2026-05-11,1,2026-06-13,654500.0,33
106929,Maruti Suzuki,WagonR,2020,77821,C (Fair),Hyderabad,205100.0,216600.0,2026-06-02,1,2026-07-05,207900.0,33
106930,Toyota,Glanza,2022,50806,A (Excellent),Kolkata,441900.0,429300.0,2026-07-26,1,2026-08-30,415100.0,35
106931,Kia,Seltos,2024,26794,B (Good),Hyderabad,896200.0,929700.0,2026-05-28,1,2026-06-22,876300.0,25
106932,Mahindra,XUV700,2016,108655,A (Excellent),Mumbai,598100.0,616000.0,2026-06-19,1,2026-07-19,584800.0,30
106933,Hyundai,i20,2024,33547,B (Good),Pune,479800.0,546600.0,2026-07-23,1,2026-08-24,532500.0,32
106934,Kia,Carens,2020,61685,A (Excellent),Delhi NCR,584300.0,530700.0,2026-07-04,1,2026-07-26,523000.0,22
106935,Toyota,Fortuner,2021,55576,A (Excellent),Ahmedabad,1785000.0,1717500.0,2026-05-20,1,2026-06-22,1626700.0,33
106936,Hyundai,Creta,2023,35391,C (Fair),Ahmedabad,727500.0,684800.0,2026-05-28,1,2026-06-26,662600.0,29
106937,Hyundai,i20,2024,22555,C (Fair),Mumbai,436800.0,440300.0,2026-06-10,1,2026-07-05,434100.0,25
106938,Maruti Suzuki,Dzire,2020,61141,B (Good),Delhi NCR,299000.0,285700.0,2026-08-25,0,,,7
106939,Maruti Suzuki,WagonR,2023,29949,B (Good),Kolkata,318100.0,316700.0,2026-06-15,1,2026-07-20,300200.0,35
106940,Mahindra,XUV700,2019,88724,B (Good),Bengaluru,751400.0,608900.0,2026-06-15,1,2026-07-01,593600.0,16
106941,Tata,Punch,2022,37498,B (Good),Delhi NCR,383000.0,341400.0,2026-07-20,1,2026-08-15,322300.0,26
106942,Kia,Sonet,2023,44673,C (Fair),Chennai,501200.0,509200.0,2026-08-30,0,,,2
106943,Mahindra,Bolero,2018,95414,A (Excellent),Pune,311000.0,333300.0,2026-07-04,1,2026-08-04,323200.0,31
106944,Maruti Suzuki,Baleno,2024,34953,A (Excellent),Kolkata,500800.0,457900.0,2026-08-27,0,,,5
106945,Toyota,Innova,2019,75993,A (Excellent),Chennai,797900.0,870400.0,2026-07-14,1,2026-08-20,826900.0,37
106946,Hyundai,Verna,2022,36383,B (Good),Ahmedabad,607100.0,557300.0,2026-08-12,0,,,20
106947,Tata,Nexon,2024,34331,B (Good),Hyderabad,657300.0,680200.0,2026-08-19,0,,,13
106948,Tata,Harrier,2019,85997,A (Excellent),Chennai,715300.0,618300.0,2026-08-31,0,,,1
106949,Tata,Tiago,2024,24831,B (Good),Bengaluru,374800.0,375700.0,2026-05-22,1,2026-06-13,361200.0,22
106950,Toyota,Glanza,2020,83403,B (Good),Mumbai,327200.0,324200.0,2026-08-18,0,,,14
106951,Tata,Punch,2021,53280,C (Fair),Delhi NCR,308500.0,325100.0,2026-08-05,1,2026-08-31,308500.0,26
106952,Tata,Altroz,2022,50823,C (Fair),Mumbai,351200.0,386800.0,2026-06-22,1,2026-07-30,368300.0,38
106953,Honda,WR-V,2022,36799,B (Good),Ahmedabad,498200.0,511300.0,2026-08-26,0,,,6
106954,Hyundai,Grand i10,2021,63874,B (Good),Kolkata,271200.0,259800.0,2026-07-20,1,2026-08-19,251200.0,30
106955,Tata,Tiago,2023,43501,C (Fair),Kolkata,301100.0,283700.0,2026-05-26,1,2026-06-15,276700.0,20
106956,Mahindra,XUV700,2017,108291,B (Good),Pune,608900.0,640000.0,2026-08-31,0,,,1
106957,Honda,Amaze,2021,59206,A (Excellent),Delhi NCR,367900.0,350400.0,2026-05-16,1,2026-06-10,343500.0,25
106958,Maruti Suzuki,Swift,2021,63505,B (Good),Chennai,310800.0,343700.0,2026-07-26,0,,,37
106959,Hyundai,Grand i10,2020,69101,B (Good),Delhi NCR,245400.0,222600.0,2026-05-26,1,2026-06-21,211500.0,26
106960,Mahindra,Bolero,2023,35627,B (Good),Bengaluru,491900.0,470400.0,2026-07-24,1,2026-08-14,457100.0,21
106961,Maruti Suzuki,Dzire,2020,67966,B (Good),Kolkata,296900.0,260500.0,2026-06-07,1,2026-07-02,247200.0,25
106962,Mahindra,XUV300,2019,67674,B (Good),Bengaluru,372700.0,444200.0,2026-07-29,1,2026-08-25,417900.0,27
106963,Mahindra,Scorpio,2021,66185,A (Excellent),Kolkata,760800.0,689900.0,2026-06-22,1,2026-06-29,664800.0,7
106964,Honda,City,2017,109000,A (Excellent),Pune,358400.0,366700.0,2026-05-06,1,2026-06-01,351700.0,26
106965,Honda,Jazz,2022,42770,C (Fair),Kolkata,354200.0,319000.0,2026-05-10,1,2026-05-21,308900.0,11
106966,Kia,Carens,2021,68772,A (Excellent),Mumbai,637300.0,632400.0,2026-05-25,1,2026-06-22,611300.0,28
106967,Toyota,Glanza,2022,35834,C (Fair),Bengaluru,374000.0,362300.0,2026-08-01,1,2026-08-26,345200.0,25
106968,Maruti Suzuki,Dzire,2021,65374,C (Fair),Delhi NCR,294400.0,353800.0,2026-08-23,0,,,9
106969,Mahindra,Bolero,2022,57268,B (Good),Chennai,437600.0,456100.0,2026-06-20,1,2026-07-24,435500.0,34
106970,Tata,Tiago,2020,69177,B (Good),Pune,245400.0,219800.0,2026-08-30,0,,,2
106971,Maruti Suzuki,Baleno,2018,89862,A (Excellent),Ahmedabad,268200.0,250400.0,2026-07-02,1,2026-07-27,244500.0,25
106972,Tata,Tiago,2023,35187,B (Good),Ahmedabad,337500.0,359800.0,2026-07-22,1,2026-08-29,352100.0,38
106973,Maruti Suzuki,Baleno,2024,9366,B (Good),Ahmedabad,476000.0,532200.0,2026-06-27,1,2026-08-12,510500.0,46
106974,Maruti Suzuki,Swift,2019,82133,A (Excellent),Pune,272500.0,330300.0,2026-05-29,1,2026-06-29,313800.0,31
106975,Tata,Nexon,2016,120542,A (Excellent),Delhi NCR,304000.0,300000.0,2026-07-13,1,2026-07-29,296900.0,16
106976,Tata,Altroz,2021,72109,A (Excellent),Hyderabad,374900.0,404300.0,2026-08-24,0,,,8
106977,Honda,City,2024,29305,B (Good),Chennai,699600.0,606100.0,2026-05-25,1,2026-06-24,590900.0,30
106978,Maruti Suzuki,Ertiga,2021,49262,B (Good),Pune,430300.0,470300.0,2026-05-12,1,2026-06-21,465500.0,40
106979,Maruti Suzuki,WagonR,2019,79126,C (Fair),Kolkata,186400.0,172500.0,2026-05-16,1,2026-06-17,168500.0,32
106980,Kia,Sonet,2023,28704,C (Fair),Delhi NCR,509600.0,536100.0,2026-05-20,1,2026-06-15,504500.0,26
106981,Maruti Suzuki,Dzire,2024,11873,A (Excellent),Delhi NCR,495700.0,472400.0,2026-08-27,0,,,5
106982,Kia,Sonet,2024,13280,A (Excellent),Hyderabad,682700.0,693200.0,2026-08-15,0,,,17
106983,Hyundai,Creta,2017,113296,B (Good),Bengaluru,422000.0,369700.0,2026-08-14,1,2026-08-28,353100.0,14
106984,Hyundai,Creta,2020,75376,A (Excellent),Kolkata,630600.0,606100.0,2026-07-19,1,2026-08-10,571800.0,22
106985,Hyundai,i20,2020,63607,B (Good),Delhi NCR,318800.0,327500.0,2026-05-07,1,2026-06-02,314200.0,26
106986,Hyundai,Verna,2021,47114,A (Excellent),Delhi NCR,590000.0,634600.0,2026-05-28,1,2026-06-28,625100.0,31
106987,Maruti Suzuki,Dzire,2022,46023,A (Excellent),Chennai,396300.0,335000.0,2026-08-27,0,,,5
106988,Tata,Punch,2019,85216,A (Excellent),Mumbai,296200.0,312400.0,2026-06-21,1,2026-07-17,301100.0,26
106989,Hyundai,Creta,2016,101219,B (Good),Pune,389200.0,348700.0,2026-06-17,1,2026-07-13,333500.0,26
106990,Mahindra,Scorpio,2022,53971,C (Fair),Kolkata,705800.0,721500.0,2026-05-27,1,2026-07-01,699700.0,35
106991,Hyundai,Venue,2022,49213,A (Excellent),Delhi NCR,510700.0,510300.0,2026-08-24,0,,,8
106992,Tata,Nexon,2017,110046,B (Good),Delhi NCR,313000.0,355600.0,2026-07-14,1,2026-07-31,345800.0,17
106993,Hyundai,Creta,2020,78047,B (Good),Chennai,582200.0,578100.0,2026-06-14,1,2026-07-15,554000.0,31
106994,Tata,Punch,2017,102219,C (Fair),Pune,200600.0,222500.0,2026-06-15,1,2026-07-22,217300.0,37
106995,Mahindra,Bolero,2022,71966,B (Good),Pune,430800.0,449300.0,2026-06-29,1,2026-07-31,433800.0,32
106996,Honda,WR-V,2022,44629,A (Excellent),Delhi NCR,533700.0,529600.0,2026-08-31,0,,,1
106997,Tata,Tiago,2018,97268,B (Good),Hyderabad,197000.0,205100.0,2026-08-11,0,,,21
106998,Hyundai,Grand i10,2024,15254,C (Fair),Chennai,340700.0,359800.0,2026-06-02,1,2026-07-09,353200.0,37
106999,Toyota,Fortuner,2024,23376,A (Excellent),Mumbai,2449500.0,2289500.0,2026-08-17,0,,,15
107000,Tata,Tiago,2024,27779,B (Good),Hyderabad,373700.0,412100.0,2026-06-28,1,2026-07-29,400000.0,31
107001,Maruti Suzuki,Baleno,2020,76405,A (Excellent),Bengaluru,328700.0,299100.0,2026-05-18,1,2026-06-06,282700.0,19
107002,Hyundai,Grand i10,2022,56891,B (Good),Pune,300200.0,290200.0,2026-06-01,1,2026-06-27,280400.0,26
107003,Maruti Suzuki,Ertiga,2017,99543,C (Fair),Ahmedabad,251500.0,263500.0,2026-06-21,1,2026-07-27,256100.0,36
107004,Tata,Punch,2022,57833,A (Excellent),Delhi NCR,404900.0,370400.0,2026-07-19,1,2026-07-26,351000.0,7
107005,Hyundai,Verna,2024,26930,A (Excellent),Ahmedabad,799500.0,784000.0,2026-06-09,1,2026-07-03,747700.0,24
107006,Hyundai,Venue,2022,56006,C (Fair),Ahmedabad,422600.0,501500.0,2026-07-01,1,2026-08-27,485700.0,57
107007,Tata,Tiago,2022,53048,B (Good),Pune,301400.0,334200.0,2026-07-13,1,2026-08-08,326700.0,26
107008,Maruti Suzuki,WagonR,2018,86722,C (Fair),Kolkata,168200.0,158700.0,2026-05-16,1,2026-06-13,150200.0,28
107009,Kia,Seltos,2023,20330,B (Good),Kolkata,821000.0,919500.0,2026-07-20,0,,,43
107010,Mahindra,Bolero,2023,32203,A (Excellent),Hyderabad,533200.0,515800.0,2026-07-11,1,2026-08-09,505300.0,29
107011,Mahindra,Bolero,2016,116699,A (Excellent),Hyderabad,251500.0,252900.0,2026-05-30,1,2026-06-26,243700.0,27
107012,Tata,Tiago,2023,42326,A (Excellent),Hyderabad,361800.0,289100.0,2026-08-04,1,2026-08-19,271900.0,15
107013,Maruti Suzuki,WagonR,2022,50529,B (Good),Hyderabad,283300.0,268500.0,2026-05-06,1,2026-06-01,262500.0,26
107014,Hyundai,i20,2024,26036,B (Good),Kolkata,483600.0,500400.0,2026-08-11,0,,,21
107015,Tata,Altroz,2021,55600,A (Excellent),Delhi NCR,381600.0,291300.0,2026-05-14,1,2026-06-02,273900.0,19
107016,Mahindra,XUV300,2023,30667,A (Excellent),Kolkata,610300.0,616500.0,2026-05-17,1,2026-06-24,607300.0,38
107017,Mahindra,XUV700,2020,63790,C (Fair),Mumbai,763500.0,640900.0,2026-07-29,1,2026-08-13,603700.0,15
107018,Tata,Harrier,2020,72311,B (Good),Delhi NCR,738700.0,801700.0,2026-08-25,0,,,7
107019,Hyundai,Verna,2024,26721,C (Fair),Mumbai,666400.0,502500.0,2026-05-06,1,2026-05-09,481200.0,3
107020,Kia,Sonet,2018,96917,B (Good),Bengaluru,328500.0,324000.0,2026-06-17,1,2026-07-09,309500.0,22
107021,Honda,Jazz,2021,67683,C (Fair),Chennai,313900.0,330700.0,2026-05-25,1,2026-06-22,311500.0,28
107022,Honda,Jazz,2024,42898,B (Good),Mumbai,475200.0,473700.0,2026-07-14,1,2026-08-09,468800.0,26
107023,Maruti Suzuki,Dzire,2024,26730,B (Good),Delhi NCR,452000.0,437100.0,2026-07-04,1,2026-07-30,412800.0,26
107024,Honda,Jazz,2021,58690,B (Good),Chennai,352200.0,364800.0,2026-05-07,1,2026-06-05,348500.0,29
107025,Tata,Nexon,2019,93728,A (Excellent),Hyderabad,415800.0,422500.0,2026-08-05,0,,,27
107026,Maruti Suzuki,WagonR,2020,82862,B (Good),Mumbai,226600.0,230900.0,2026-08-23,0,,,9
107027,Mahindra,Scorpio,2022,33766,A (Excellent),Bengaluru,865000.0,774000.0,2026-08-26,0,,,6
107028,Mahindra,Bolero,2022,45762,B (Good),Ahmedabad,443000.0,381600.0,2026-07-31,1,2026-08-23,373500.0,23
107029,Kia,Seltos,2023,33630,A (Excellent),Delhi NCR,874600.0,932000.0,2026-08-11,0,,,21
107030,Honda,City,2018,94020,A (Excellent),Kolkata,400500.0,399400.0,2026-08-12,0,,,20
107031,Hyundai,i20,2019,82309,B (Good),Chennai,284300.0,246700.0,2026-06-05,1,2026-06-17,239800.0,12
107032,Maruti Suzuki,Swift,2023,32586,C (Fair),Chennai,349000.0,319600.0,2026-06-05,1,2026-06-29,309200.0,24
107033,Maruti Suzuki,Baleno,2019,84767,A (Excellent),Pune,296400.0,315800.0,2026-06-10,1,2026-07-21,306600.0,41
107034,Hyundai,Creta,2021,48888,C (Fair),Pune,594000.0,615200.0,2026-07-06,1,2026-08-07,592600.0,32
107035,Honda,Amaze,2023,18511,A (Excellent),Ahmedabad,463500.0,452300.0,2026-06-05,1,2026-07-02,443100.0,27
107036,Hyundai,Verna,2019,81586,B (Good),Pune,436000.0,411900.0,2026-07-09,1,2026-08-06,390200.0,28
107037,Kia,Carens,2023,47101,C (Fair),Pune,656200.0,667400.0,2026-05-06,1,2026-06-08,633600.0,33
107038,Toyota,Glanza,2019,69671,B (Good),Pune,302200.0,277300.0,2026-08-24,0,,,8
107039,Maruti Suzuki,Ertiga,2019,76182,A (Excellent),Mumbai,373900.0,440900.0,2026-06-16,1,2026-07-24,416100.0,38
107040,Honda,Amaze,2021,69086,B (Good),Kolkata,337100.0,402900.0,2026-05-26,1,2026-07-09,381700.0,44
107041,Maruti Suzuki,Ertiga,2020,68971,A (Excellent),Kolkata,414100.0,425600.0,2026-07-23,0,,,40
107042,Honda,WR-V,2023,14566,B (Good),Kolkata,560100.0,560700.0,2026-08-14,0,,,18
107043,Hyundai,Venue,2018,104208,A (Excellent),Mumbai,330000.0,333600.0,2026-05-17,1,2026-06-13,323700.0,27
107044,Tata,Altroz,2020,71840,C (Fair),Bengaluru,284400.0,289700.0,2026-08-25,0,,,7
107045,Tata,Nexon,2017,106041,C (Fair),Chennai,283000.0,260200.0,2026-06-15,1,2026-07-09,255300.0,24
107046,Maruti Suzuki,Baleno,2020,65701,B (Good),Ahmedabad,307800.0,269300.0,2026-05-28,1,2026-06-22,253400.0,25
107047,Maruti Suzuki,Swift,2023,44380,A (Excellent),Chennai,413700.0,475200.0,2026-06-27,1,2026-08-02,450900.0,36
107048,Honda,WR-V,2018,115744,A (Excellent),Ahmedabad,338700.0,298900.0,2026-05-24,1,2026-06-06,284600.0,13
107049,Toyota,Innova,2022,48335,A (Excellent),Chennai,1090500.0,1143800.0,2026-07-17,1,2026-08-21,1108200.0,35
107050,Tata,Harrier,2023,53864,A (Excellent),Chennai,1079700.0,1031100.0,2026-07-29,1,2026-08-27,1011900.0,29
107051,Toyota,Innova,2023,33382,A (Excellent),Mumbai,1217200.0,1326000.0,2026-08-13,0,,,19
107052,Mahindra,Scorpio,2018,106966,B (Good),Ahmedabad,507600.0,431200.0,2026-08-20,0,,,12
107053,Mahindra,Scorpio,2022,45183,B (Good),Mumbai,791500.0,762200.0,2026-07-14,1,2026-08-22,741700.0,39
107054,Hyundai,Grand i10,2021,43204,B (Good),Ahmedabad,277100.0,284900.0,2026-06-11,1,2026-07-14,275300.0,33
107055,Honda,Amaze,2024,18201,A (Excellent),Ahmedabad,509500.0,525800.0,2026-08-04,0,,,28
107056,Maruti Suzuki,WagonR,2019,76455,C (Fair),Chennai,186900.0,209700.0,2026-07-10,1,2026-08-11,203000.0,32
107057,Mahindra,Bolero,2023,36272,B (Good),Delhi NCR,491600.0,485100.0,2026-08-05,1,2026-08-12,456800.0,7
107058,Mahindra,XUV700,2021,62287,B (Good),Bengaluru,933700.0,1059400.0,2026-05-29,1,2026-06-20,1048000.0,22
107059,Hyundai,Grand i10,2022,52769,B (Good),Delhi NCR,301500.0,302800.0,2026-08-19,0,,,13
107060,Kia,Carens,2023,33716,B (Good),Ahmedabad,739400.0,846800.0,2026-05-30,1,2026-07-15,825900.0,46
107061,Honda,Amaze,2018,93416,A (Excellent),Kolkata,267200.0,250200.0,2026-08-19,0,,,13
107062,Hyundai,Verna,2023,39268,B (Good),Pune,665100.0,689700.0,2026-08-25,0,,,7
107063,Maruti Suzuki,Baleno,2022,44116,C (Fair),Kolkata,342300.0,397400.0,2026-08-03,0,,,29
107064,Hyundai,Creta,2022,47851,B (Good),Mumbai,726100.0,698000.0,2026-06-28,1,2026-07-17,678000.0,19
107065,Kia,Sonet,2021,58716,A (Excellent),Hyderabad,490800.0,445500.0,2026-07-18,1,2026-08-07,429200.0,20
107066,Maruti Suzuki,Ertiga,2019,90681,B (Good),Mumbai,340800.0,391700.0,2026-05-23,1,2026-06-29,377100.0,37
107067,Tata,Harrier,2018,96564,A (Excellent),Bengaluru,643400.0,639600.0,2026-08-26,0,,,6
107068,Maruti Suzuki,Baleno,2022,43907,B (Good),Bengaluru,380400.0,381100.0,2026-06-18,1,2026-07-11,367000.0,23
107069,Maruti Suzuki,WagonR,2021,62356,B (Good),Ahmedabad,254600.0,249200.0,2026-05-29,1,2026-06-30,241500.0,32
107070,Toyota,Glanza,2021,63679,B (Good),Ahmedabad,367300.0,346900.0,2026-06-24,1,2026-07-24,330200.0,30
107071,Hyundai,Verna,2024,16189,B (Good),Pune,748400.0,743400.0,2026-07-12,1,2026-08-23,725200.0,42
107072,Hyundai,Venue,2023,25164,A (Excellent),Chennai,575400.0,599300.0,2026-06-27,1,2026-07-27,584200.0,30
107073,Hyundai,Verna,2019,78293,B (Good),Mumbai,437600.0,436500.0,2026-08-22,0,,,10
107074,Honda,City,2022,44622,B (Good),Mumbai,570200.0,599200.0,2026-08-24,0,,,8
107075,Tata,Harrier,2019,82351,B (Good),Bengaluru,664900.0,674200.0,2026-05-13,1,2026-06-14,648700.0,32
107076,Honda,Amaze,2016,116413,C (Fair),Pune,179700.0,193400.0,2026-05-31,1,2026-07-02,186300.0,32
107077,Hyundai,Venue,2019,96770,C (Fair),Mumbai,304700.0,312700.0,2026-05-25,1,2026-06-20,301400.0,26
107078,Honda,WR-V,2024,14774,B (Good),Chennai,615400.0,641400.0,2026-08-26,0,,,6
107079,Maruti Suzuki,Swift,2019,91356,A (Excellent),Mumbai,269700.0,313400.0,2026-07-24,0,,,39
107080,Hyundai,Creta,2018,102355,A (Excellent),Delhi NCR,507000.0,516700.0,2026-08-28,0,,,4
107081,Hyundai,Grand i10,2021,62191,C (Fair),Kolkata,244500.0,242400.0,2026-06-14,1,2026-07-16,232100.0,32
107082,Toyota,Glanza,2022,58429,B (Good),Mumbai,405900.0,514800.0,2026-07-05,1,2026-08-17,503500.0,43
107083,Mahindra,XUV700,2022,53016,B (Good),Ahmedabad,1036200.0,895900.0,2026-05-18,1,2026-06-17,857400.0,30
107084,Kia,Carens,2018,99937,B (Good),Mumbai,429800.0,398400.0,2026-05-07,1,2026-05-29,377000.0,22
107085,Mahindra,XUV300,2021,63792,A (Excellent),Pune,488100.0,507500.0,2026-07-10,1,2026-08-15,499700.0,36
107086,Mahindra,XUV700,2021,54485,C (Fair),Hyderabad,847300.0,886700.0,2026-07-30,0,,,33
107087,Tata,Punch,2022,42123,A (Excellent),Bengaluru,411600.0,357200.0,2026-08-21,0,,,11
107088,Mahindra,XUV700,2018,98775,B (Good),Hyderabad,676200.0,730500.0,2026-08-21,0,,,11
107089,Mahindra,XUV700,2024,17335,C (Fair),Hyderabad,1168600.0,1182100.0,2026-06-06,1,2026-07-09,1166200.0,33
107090,Honda,Jazz,2022,53634,A (Excellent),Kolkata,420200.0,392100.0,2026-07-21,1,2026-08-11,375700.0,21
107091,Hyundai,i20,2024,26955,B (Good),Mumbai,483100.0,561400.0,2026-06-01,1,2026-07-03,543400.0,32
107092,Tata,Tiago,2016,119264,B (Good),Bengaluru,159200.0,161700.0,2026-07-06,1,2026-07-22,153200.0,16
107093,Hyundai,Verna,2022,43327,C (Fair),Hyderabad,542400.0,609200.0,2026-06-26,1,2026-07-31,587000.0,35
107094,Hyundai,i20,2017,111262,B (Good),Kolkata,228000.0,235100.0,2026-08-15,0,,,17
107095,Tata,Nexon,2022,56255,C (Fair),Hyderabad,478800.0,479800.0,2026-05-24,1,2026-06-13,463200.0,20
107096,Maruti Suzuki,WagonR,2021,43926,B (Good),Pune,259600.0,260400.0,2026-07-11,1,2026-08-05,245300.0,25
107097,Hyundai,Venue,2022,51004,B (Good),Pune,472000.0,409000.0,2026-08-07,1,2026-08-28,397700.0,21
107098,Maruti Suzuki,WagonR,2023,36684,B (Good),Mumbai,315900.0,299500.0,2026-06-26,1,2026-07-17,286400.0,21
107099,Maruti Suzuki,Baleno,2017,101472,C (Fair),Delhi NCR,200800.0,202600.0,2026-08-13,1,2026-08-28,200300.0,15
107100,Hyundai,Creta,2024,17143,C (Fair),Delhi NCR,814600.0,772000.0,2026-08-05,1,2026-08-27,742200.0,22
107101,Tata,Nexon,2022,56960,C (Fair),Hyderabad,478400.0,390500.0,2026-08-17,0,,,15
107102,Mahindra,Scorpio,2020,69344,C (Fair),Chennai,575000.0,588500.0,2026-05-26,1,2026-06-30,554000.0,35
107103,Mahindra,XUV300,2023,27529,B (Good),Hyderabad,566900.0,569600.0,2026-05-20,1,2026-06-10,560400.0,21
107104,Honda,Jazz,2023,39556,B (Good),Delhi NCR,433900.0,449700.0,2026-06-11,1,2026-07-14,434600.0,33
107105,Toyota,Glanza,2019,65136,A (Excellent),Mumbai,328000.0,323500.0,2026-07-24,1,2026-08-02,306400.0,9
107106,Maruti Suzuki,Swift,2018,86629,B (Good),Chennai,228400.0,232200.0,2026-07-21,1,2026-08-18,221900.0,28
107107,Maruti Suzuki,Ertiga,2024,28555,C (Fair),Pune,525100.0,601400.0,2026-05-27,1,2026-07-03,568600.0,37
107108,Toyota,Innova,2024,29189,C (Fair),Chennai,1119500.0,1232700.0,2026-07-19,1,2026-08-28,1213200.0,40
107109,Kia,Carens,2023,44598,B (Good),Chennai,731000.0,737600.0,2026-08-25,0,,,7
107110,Honda,Amaze,2021,51751,C (Fair),Mumbai,309000.0,363300.0,2026-06-12,1,2026-07-27,349400.0,45
107111,Honda,Amaze,2016,123102,A (Excellent),Kolkata,214000.0,222100.0,2026-06-20,1,2026-07-29,219300.0,39
107112,Tata,Tiago,2023,40168,C (Fair),Ahmedabad,302200.0,274600.0,2026-08-13,0,,,19
107113,Mahindra,XUV300,2024,17014,A (Excellent),Mumbai,680100.0,735400.0,2026-07-14,1,2026-08-15,693600.0,32
107114,Tata,Punch,2019,69425,B (Good),Delhi NCR,279000.0,288800.0,2026-05-29,1,2026-06-25,271600.0,27
107115,Hyundai,Verna,2018,83844,B (Good),Mumbai,395800.0,391300.0,2026-07-26,1,2026-08-13,375700.0,18
107116,Tata,Punch,2016,103715,B (Good),Pune,202500.0,189000.0,2026-08-14,0,,,18
107117,Tata,Harrier,2020,68638,B (Good),Kolkata,741600.0,823600.0,2026-05-19,1,2026-06-23,812200.0,35
107118,Hyundai,i20,2023,49668,B (Good),Ahmedabad,429400.0,457800.0,2026-07-29,1,2026-08-28,435200.0,30
107119,Mahindra,Bolero,2018,83006,A (Excellent),Ahmedabad,315300.0,314600.0,2026-07-20,1,2026-08-23,311400.0,34
107120,Toyota,Fortuner,2018,101056,B (Good),Delhi NCR,1185500.0,1234600.0,2026-06-25,1,2026-07-11,1172400.0,16
107121,Hyundai,i20,2023,30901,B (Good),Mumbai,437800.0,440500.0,2026-05-09,1,2026-06-02,418400.0,24
107122,Toyota,Innova,2018,92470,B (Good),Mumbai,660300.0,614000.0,2026-06-22,1,2026-07-23,604900.0,31
107123,Honda,Amaze,2021,67560,B (Good),Kolkata,337600.0,412900.0,2026-07-24,0,,,39
107124,Toyota,Innova,2024,28237,A (Excellent),Ahmedabad,1344700.0,1411900.0,2026-08-28,0,,,4
107125,Tata,Punch,2024,20377,B (Good),Bengaluru,470700.0,525000.0,2026-07-03,1,2026-07-29,519200.0,26
107126,Kia,Carens,2019,98754,B (Good),Pune,472900.0,566000.0,2026-08-24,0,,,8
107127,Toyota,Glanza,2020,73890,A (Excellent),Hyderabad,357000.0,319100.0,2026-07-16,1,2026-08-09,311100.0,24
107128,Hyundai,Grand i10,2023,42657,B (Good),Hyderabad,334900.0,367000.0,2026-08-25,0,,,7
107129,Mahindra,XUV300,2024,21608,B (Good),Hyderabad,626800.0,608100.0,2026-08-09,0,,,23
107130,Hyundai,Verna,2024,37213,C (Fair),Chennai,659200.0,742900.0,2026-07-28,0,,,35
107131,Maruti Suzuki,Baleno,2021,63490,A (Excellent),Hyderabad,366200.0,382100.0,2026-05-05,1,2026-05-30,374200.0,25
107132,Tata,Punch,2023,37786,B (Good),Mumbai,420700.0,456600.0,2026-05-29,1,2026-07-03,447400.0,35
107133,Hyundai,i20,2024,26020,B (Good),Bengaluru,483600.0,478900.0,2026-05-14,1,2026-06-02,462400.0,19
107134,Maruti Suzuki,Baleno,2021,68341,C (Fair),Hyderabad,303600.0,319700.0,2026-05-11,1,2026-06-13,304000.0,33
107135,Mahindra,Scorpio,2020,78862,A (Excellent),Pune,682900.0,734500.0,2026-07-16,1,2026-08-22,694600.0,37
107136,Hyundai,Verna,2020,75555,A (Excellent),Kolkata,520900.0,487000.0,2026-08-29,0,,,3
107137,Tata,Nexon,2017,87559,C (Fair),Bengaluru,288900.0,291500.0,2026-05-30,1,2026-06-15,283900.0,16
107138,Toyota,Fortuner,2018,109938,B (Good),Mumbai,1173800.0,1159800.0,2026-08-03,0,,,29
107139,Tata,Harrier,2019,88485,A (Excellent),Chennai,713300.0,735700.0,2026-07-29,0,,,34
107140,Maruti Suzuki,WagonR,2016,113471,C (Fair),Bengaluru,135200.0,121500.0,2026-07-30,1,2026-08-23,118400.0,24
107141,Hyundai,Venue,2017,122255,A (Excellent),Kolkata,294200.0,281200.0,2026-06-26,1,2026-07-17,269400.0,21
107142,Honda,City,2023,43957,B (Good),Kolkata,627000.0,613900.0,2026-06-14,1,2026-07-17,597800.0,33
107143,Kia,Seltos,2020,66843,B (Good),Chennai,589300.0,540400.0,2026-05-11,1,2026-05-30,516800.0,19
107144,Hyundai,Venue,2017,98435,A (Excellent),Mumbai,302200.0,335200.0,2026-05-21,1,2026-07-01,326500.0,41
107145,Hyundai,i20,2020,74177,A (Excellent),Ahmedabad,340400.0,332300.0,2026-05-11,1,2026-06-18,321200.0,38
107146,Toyota,Innova,2020,69171,C (Fair),Mumbai,736100.0,527300.0,2026-07-08,1,2026-07-17,517000.0,9
107147,Hyundai,Creta,2016,126682,B (Good),Pune,378200.0,331800.0,2026-06-13,1,2026-07-10,321300.0,27
107148,Toyota,Glanza,2018,98164,B (Good),Pune,266600.0,250700.0,2026-08-19,0,,,13
107149,Hyundai,i20,2024,28482,A (Excellent),Bengaluru,520900.0,549700.0,2026-08-15,0,,,17
107150,Toyota,Fortuner,2018,86900,B (Good),Kolkata,1204200.0,1191500.0,2026-05-25,1,2026-07-04,1129000.0,40
107151,Maruti Suzuki,Baleno,2019,79061,A (Excellent),Bengaluru,298200.0,316800.0,2026-06-02,1,2026-06-24,305800.0,22
107152,Hyundai,Verna,2023,23874,A (Excellent),Ahmedabad,729800.0,653700.0,2026-05-30,1,2026-06-23,633400.0,24
107153,Mahindra,Scorpio,2019,67205,B (Good),Chennai,582700.0,541700.0,2026-06-22,1,2026-07-09,529800.0,17
107154,Maruti Suzuki,WagonR,2018,92788,C (Fair),Hyderabad,167100.0,173700.0,2026-06-24,1,2026-08-02,163600.0,39
107155,Tata,Nexon,2024,23661,B (Good),Ahmedabad,664600.0,680900.0,2026-08-28,0,,,4
107156,Hyundai,Creta,2020,79622,C (Fair),Pune,523100.0,503200.0,2026-06-22,1,2026-07-20,494100.0,28
107157,Maruti Suzuki,Baleno,2024,9192,B (Good),Ahmedabad,476100.0,507500.0,2026-07-08,1,2026-08-19,485600.0,42
107158,Kia,Carens,2024,3522,C (Fair),Hyderabad,754100.0,728900.0,2026-07-27,1,2026-08-24,709200.0,28
107159,Tata,Altroz,2018,97707,A (Excellent),Pune,274700.0,284000.0,2026-08-09,0,,,23
107160,Tata,Altroz,2019,90906,B (Good),Hyderabad,281700.0,292500.0,2026-05-20,1,2026-06-30,275800.0,41
107161,Tata,Punch,2020,68647,A (Excellent),Bengaluru,331400.0,316700.0,2026-06-14,1,2026-06-28,298500.0,14
107162,Mahindra,XUV700,2023,39423,A (Excellent),Pune,1247400.0,1280400.0,2026-06-29,1,2026-07-29,1213400.0,30
107163,Toyota,Fortuner,2018,86129,B (Good),Hyderabad,1205200.0,1189400.0,2026-05-15,1,2026-06-10,1133400.0,26
107164,Tata,Altroz,2021,55871,A (Excellent),Mumbai,381500.0,331700.0,2026-08-14,1,2026-08-27,324700.0,13
107165,Tata,Nexon,2024,41777,A (Excellent),Ahmedabad,704400.0,669100.0,2026-05-20,1,2026-06-24,661200.0,35
107166,Mahindra,XUV700,2020,70055,B (Good),Hyderabad,842600.0,793000.0,2026-08-28,0,,,4
107167,Kia,Sonet,2020,68634,A (Excellent),Mumbai,441900.0,441300.0,2026-06-04,1,2026-06-27,436100.0,23
107168,Mahindra,Bolero,2018,90457,A (Excellent),Pune,312700.0,328800.0,2026-08-25,0,,,7
107169,Honda,City,2018,93028,B (Good),Delhi NCR,371200.0,357800.0,2026-06-08,1,2026-06-22,342400.0,14
107170,Mahindra,Bolero,2018,101530,B (Good),Kolkata,286000.0,310000.0,2026-05-20,1,2026-06-25,295900.0,36
107171,Maruti Suzuki,Dzire,2019,84029,A (Excellent),Chennai,286700.0,262600.0,2026-05-10,1,2026-06-11,251600.0,32
107172,Mahindra,XUV300,2024,21890,C (Fair),Delhi NCR,564000.0,562500.0,2026-05-25,1,2026-06-16,532400.0,22
107173,Tata,Harrier,2024,16412,A (Excellent),Chennai,1233500.0,1092900.0,2026-07-09,1,2026-08-06,1054200.0,28
107174,Mahindra,Scorpio,2022,39054,B (Good),Chennai,796600.0,900800.0,2026-08-07,0,,,25
107175,Tata,Nexon,2022,53406,B (Good),Mumbai,533600.0,438000.0,2026-08-09,1,2026-08-29,422600.0,20
107176,Hyundai,Creta,2024,19321,A (Excellent),Pune,975400.0,998600.0,2026-07-08,1,2026-08-04,941700.0,27
107177,Mahindra,XUV300,2016,112742,B (Good),Delhi NCR,267300.0,238600.0,2026-07-09,1,2026-07-21,230000.0,12
107178,Hyundai,Verna,2023,30016,B (Good),Pune,671500.0,622000.0,2026-08-27,0,,,5
107179,Honda,Amaze,2016,120205,B (Good),Pune,198800.0,206100.0,2026-07-06,1,2026-08-08,195000.0,33
107180,Maruti Suzuki,Ertiga,2020,97706,B (Good),Hyderabad,371600.0,341500.0,2026-06-21,1,2026-07-08,321100.0,17
107181,Hyundai,Creta,2020,80409,A (Excellent),Hyderabad,627200.0,685300.0,2026-07-07,1,2026-08-15,662900.0,39
107182,Kia,Carens,2022,67390,B (Good),Hyderabad,649400.0,694700.0,2026-06-30,1,2026-07-27,681700.0,27
107183,Tata,Nexon,2024,24998,B (Good),Mumbai,663700.0,662800.0,2026-05-07,1,2026-05-20,628900.0,13
107184,Hyundai,Verna,2017,105141,B (Good),Hyderabad,351800.0,351000.0,2026-06-02,1,2026-06-25,339900.0,23
107185,Mahindra,Bolero,2023,33965,B (Good),Delhi NCR,492800.0,474900.0,2026-05-07,1,2026-06-06,466200.0,30
107186,Maruti Suzuki,Dzire,2024,18494,B (Good),Bengaluru,455900.0,450200.0,2026-06-30,1,2026-07-14,431700.0,14
107187,Honda,City,2019,90399,B (Good),Hyderabad,409100.0,334600.0,2026-05-23,1,2026-05-27,320500.0,4
107188,Tata,Punch,2021,46473,B (Good),Hyderabad,345200.0,338100.0,2026-08-23,0,,,9
107189,Honda,City,2019,81971,A (Excellent),Kolkata,445900.0,466200.0,2026-05-20,1,2026-06-15,442900.0,26
107190,Tata,Nexon,2024,35965,A (Excellent),Delhi NCR,708700.0,721000.0,2026-06-18,1,2026-07-23,701600.0,35
107191,Tata,Harrier,2021,61852,B (Good),Ahmedabad,820900.0,955100.0,2026-07-26,0,,,37
107192,Mahindra,XUV700,2020,75166,C (Fair),Bengaluru,754200.0,719000.0,2026-08-01,1,2026-08-20,708100.0,19
107193,Hyundai,i20,2016,121436,B (Good),Pune,205100.0,199200.0,2026-05-06,1,2026-06-07,195700.0,32
107194,Hyundai,Verna,2022,42885,C (Fair),Pune,542700.0,554800.0,2026-08-25,0,,,7
107195,Hyundai,i20,2021,67682,B (Good),Mumbai,348800.0,434100.0,2026-05-14,1,2026-06-17,408800.0,34
107196,Kia,Carens,2018,88746,B (Good),Pune,435100.0,476200.0,2026-07-21,1,2026-08-20,463800.0,30
107197,Mahindra,XUV300,2022,37638,A (Excellent),Kolkata,551400.0,514000.0,2026-08-25,0,,,7
107198,Hyundai,Grand i10,2016,124468,B (Good),Delhi NCR,158300.0,147000.0,2026-05-16,1,2026-06-16,144600.0,31
107199,Tata,Punch,2024,29019,B (Good),Hyderabad,466500.0,495000.0,2026-06-03,1,2026-07-03,475800.0,30
107200,Maruti Suzuki,Baleno,2022,54511,C (Fair),Mumbai,338600.0,347900.0,2026-06-01,1,2026-07-01,341400.0,30
107201,Maruti Suzuki,Dzire,2019,87350,A (Excellent),Kolkata,285700.0,254900.0,2026-08-12,1,2026-08-28,247400.0,16
107202,Maruti Suzuki,Baleno,2024,25238,C (Fair),Delhi NCR,421500.0,471600.0,2026-07-09,1,2026-08-04,454200.0,26
107203,Mahindra,XUV300,2021,49872,B (Good),Hyderabad,458700.0,438100.0,2026-05-18,1,2026-06-04,414500.0,17
107204,Hyundai,i20,2019,80797,A (Excellent),Pune,307600.0,287200.0,2026-08-09,1,2026-08-24,276600.0,15
107205,Kia,Sonet,2021,51879,A (Excellent),Chennai,494300.0,471100.0,2026-05-19,1,2026-06-30,454800.0,42
107206,Hyundai,Verna,2024,27292,A (Excellent),Ahmedabad,799200.0,816300.0,2026-06-18,1,2026-08-01,790900.0,44
107207,Hyundai,Venue,2023,46603,C (Fair),Pune,469000.0,482500.0,2026-06-03,1,2026-06-25,473500.0,22
107208,Toyota,Innova,2024,48746,B (Good),Chennai,1218800.0,1152600.0,2026-07-16,1,2026-08-11,1117400.0,26
107209,Toyota,Fortuner,2018,93452,B (Good),Pune,1195500.0,1416600.0,2026-07-28,0,,,35
107210,Honda,Jazz,2021,44185,A (Excellent),Mumbai,386200.0,384800.0,2026-08-02,1,2026-08-30,367200.0,28
107211,Maruti Suzuki,Baleno,2020,64212,B (Good),Delhi NCR,308300.0,308000.0,2026-06-21,1,2026-07-18,302100.0,27
107212,Tata,Punch,2021,61743,B (Good),Kolkata,339700.0,355900.0,2026-05-25,1,2026-07-10,346600.0,46
107213,Tata,Altroz,2019,94452,B (Good),Kolkata,280600.0,278000.0,2026-05-21,1,2026-06-25,272700.0,35
107214,Kia,Sonet,2022,39948,B (Good),Chennai,509300.0,554200.0,2026-05-28,1,2026-07-09,538700.0,42
107215,Tata,Nexon,2023,35387,B (Good),Chennai,597500.0,530200.0,2026-06-28,1,2026-07-17,520400.0,19
107216,Hyundai,i20,2023,43882,B (Good),Hyderabad,432000.0,447900.0,2026-06-01,1,2026-07-01,431200.0,30
107217,Maruti Suzuki,Swift,2024,25899,A (Excellent),Bengaluru,463400.0,474300.0,2026-08-27,0,,,5
107218,Hyundai,Verna,2018,94304,B (Good),Hyderabad,391300.0,401300.0,2026-08-30,0,,,2
107219,Maruti Suzuki,Swift,2018,93753,B (Good),Chennai,226700.0,232200.0,2026-06-18,1,2026-07-26,223800.0,38
107220,Maruti Suzuki,Ertiga,2016,122390,C (Fair),Kolkata,223100.0,215100.0,2026-05-08,1,2026-06-15,211900.0,38
107221,Honda,WR-V,2021,73835,B (Good),Kolkata,435900.0,436700.0,2026-05-21,1,2026-07-06,426500.0,46
107222,Tata,Punch,2018,112269,C (Fair),Chennai,218000.0,219800.0,2026-07-31,0,,,32
107223,Hyundai,Verna,2021,55925,B (Good),Kolkata,541200.0,574800.0,2026-06-15,1,2026-07-28,540800.0,43
107224,Maruti Suzuki,Ertiga,2023,29763,A (Excellent),Pune,572700.0,663500.0,2026-06-28,1,2026-08-08,654900.0,41
107225,Kia,Seltos,2019,74528,C (Fair),Pune,478700.0,461900.0,2026-07-16,1,2026-08-21,440300.0,36
107226,Kia,Carens,2018,100031,B (Good),Delhi NCR,429700.0,370400.0,2026-05-30,1,2026-06-05,352700.0,6
107227,Maruti Suzuki,Ertiga,2024,11833,B (Good),Hyderabad,593500.0,594400.0,2026-06-07,1,2026-07-01,566900.0,24
107228,Toyota,Innova,2016,118314,A (Excellent),Kolkata,573700.0,586000.0,2026-06-28,1,2026-08-06,557900.0,39
107229,Hyundai,Grand i10,2022,44425,C (Fair),Hyderabad,273800.0,264000.0,2026-05-22,1,2026-06-20,251400.0,29
107230,Maruti Suzuki,Baleno,2023,25914,A (Excellent),Hyderabad,460000.0,446600.0,2026-08-04,0,,,28
107231,Mahindra,XUV700,2023,35609,A (Excellent),Delhi NCR,1252400.0,1285800.0,2026-07-23,1,2026-08-29,1258100.0,37
107232,Tata,Harrier,2020,71824,B (Good),Pune,739100.0,644300.0,2026-08-06,1,2026-08-21,633500.0,15
107233,Kia,Sonet,2022,43292,B (Good),Delhi NCR,507500.0,416300.0,2026-07-30,1,2026-08-19,402300.0,20
107234,Honda,Amaze,2024,15003,B (Good),Bengaluru,473300.0,499600.0,2026-07-04,1,2026-07-26,476700.0,22
107235,Maruti Suzuki,WagonR,2024,8917,A (Excellent),Chennai,385700.0,392000.0,2026-07-21,1,2026-08-15,384100.0,25
107236,Tata,Harrier,2019,82613,B (Good),Ahmedabad,664700.0,649000.0,2026-05-15,1,2026-06-17,611800.0,33
107237,Toyota,Glanza,2016,127620,A (Excellent),Mumbai,230600.0,217000.0,2026-08-06,1,2026-08-24,208900.0,18
107238,Maruti Suzuki,WagonR,2021,53593,B (Good),Bengaluru,257000.0,249100.0,2026-07-17,1,2026-08-08,238500.0,22
107239,Tata,Tiago,2018,112706,B (Good),Bengaluru,193700.0,196700.0,2026-08-02,1,2026-08-26,192600.0,24
107240,Kia,Seltos,2016,119392,B (Good),Chennai,381400.0,341100.0,2026-08-14,0,,,18
107241,Maruti Suzuki,Ertiga,2022,49791,B (Good),Delhi NCR,472600.0,444500.0,2026-06-23,1,2026-07-23,420000.0,30
107242,Maruti Suzuki,WagonR,2017,102974,B (Good),Bengaluru,167000.0,162600.0,2026-06-25,1,2026-07-21,154500.0,26
107243,Maruti Suzuki,WagonR,2022,35895,A (Excellent),Ahmedabad,310700.0,345200.0,2026-06-03,1,2026-06-30,333900.0,27
107244,Maruti Suzuki,Dzire,2023,17106,A (Excellent),Mumbai,448700.0,389000.0,2026-08-27,0,,,5
107245,Maruti Suzuki,Dzire,2019,96615,B (Good),Delhi NCR,261800.0,304700.0,2026-07-17,1,2026-08-25,290700.0,39
107246,Maruti Suzuki,Dzire,2016,132006,A (Excellent),Ahmedabad,204700.0,207700.0,2026-08-05,0,,,27
107247,Mahindra,Bolero,2024,29931,C (Fair),Pune,489400.0,480000.0,2026-05-11,1,2026-06-09,466400.0,29
107248,Mahindra,XUV300,2020,66137,A (Excellent),Bengaluru,443100.0,420700.0,2026-06-04,1,2026-06-28,405600.0,24
107249,Hyundai,Venue,2021,57101,B (Good),Bengaluru,426800.0,435400.0,2026-08-10,1,2026-08-31,429500.0,21
107250,Kia,Sonet,2018,86392,B (Good),Ahmedabad,332400.0,334000.0,2026-08-03,1,2026-08-28,314400.0,25
107251,Maruti Suzuki,Dzire,2021,62502,A (Excellent),Pune,354400.0,425700.0,2026-06-29,1,2026-08-14,406600.0,46
107252,Mahindra,XUV300,2021,56502,A (Excellent),Delhi NCR,491900.0,459200.0,2026-05-16,1,2026-06-06,453200.0,21
107253,Maruti Suzuki,Swift,2019,104004,B (Good),Bengaluru,246300.0,275500.0,2026-05-26,1,2026-06-17,263600.0,22
107254,Kia,Seltos,2021,61236,B (Good),Chennai,651500.0,617100.0,2026-08-29,0,,,3
107255,Maruti Suzuki,WagonR,2023,33192,A (Excellent),Bengaluru,342400.0,327000.0,2026-08-16,1,2026-08-30,321600.0,14
107256,Hyundai,Grand i10,2018,95371,A (Excellent),Bengaluru,213300.0,211400.0,2026-07-29,1,2026-08-23,201000.0,25
107257,Maruti Suzuki,Dzire,2017,103634,A (Excellent),Pune,232400.0,217100.0,2026-07-23,1,2026-08-04,204300.0,12
107258,Maruti Suzuki,Baleno,2021,55431,C (Fair),Ahmedabad,307800.0,345500.0,2026-07-19,1,2026-08-26,328800.0,38
107259,Maruti Suzuki,Dzire,2020,82424,C (Fair),Pune,263000.0,230900.0,2026-06-02,1,2026-06-18,227200.0,16
107260,Maruti Suzuki,WagonR,2023,26531,A (Excellent),Pune,344800.0,335700.0,2026-08-07,0,,,25
107261,Maruti Suzuki,Ertiga,2019,79696,B (Good),Chennai,344900.0,309400.0,2026-08-31,0,,,1
107262,Kia,Sonet,2022,46567,B (Good),Ahmedabad,505800.0,471600.0,2026-08-19,0,,,13
107263,Kia,Sonet,2021,60092,B (Good),Pune,453800.0,418100.0,2026-06-29,1,2026-07-15,394200.0,16
107264,Maruti Suzuki,Ertiga,2023,38838,B (Good),Delhi NCR,525300.0,543300.0,2026-05-19,1,2026-06-21,536000.0,33
107265,Maruti Suzuki,Baleno,2024,25684,B (Good),Pune,468100.0,377900.0,2026-07-14,1,2026-08-01,359100.0,18
107266,Kia,Carens,2022,66831,A (Excellent),Kolkata,701700.0,587000.0,2026-07-16,1,2026-07-31,561100.0,15
107267,Maruti Suzuki,Swift,2024,27594,A (Excellent),Pune,462500.0,481300.0,2026-06-07,1,2026-07-13,461600.0,36
107268,Maruti Suzuki,Dzire,2024,18683,B (Good),Kolkata,455800.0,483500.0,2026-06-03,1,2026-07-09,459300.0,36
107269,Honda,WR-V,2023,24997,A (Excellent),Pune,598500.0,707400.0,2026-07-31,0,,,32
107270,Kia,Sonet,2021,53644,A (Excellent),Pune,493400.0,465900.0,2026-06-30,1,2026-07-26,442200.0,26
107271,Hyundai,Grand i10,2024,25549,B (Good),Pune,374600.0,369200.0,2026-07-26,1,2026-08-25,353400.0,30
107272,Maruti Suzuki,Swift,2016,118821,C (Fair),Pune,164300.0,174900.0,2026-07-17,1,2026-08-13,165500.0,27
107273,Mahindra,XUV700,2023,23922,B (Good),Pune,1173600.0,1260400.0,2026-07-12,1,2026-08-13,1207000.0,32
107274,Hyundai,i20,2021,57019,C (Fair),Mumbai,317500.0,337600.0,2026-07-07,1,2026-08-01,318100.0,25
107275,Mahindra,Scorpio,2022,38248,B (Good),Pune,797200.0,901200.0,2026-07-28,1,2026-08-30,874600.0,33
107276,Mahindra,XUV700,2021,56780,C (Fair),Hyderabad,845300.0,694200.0,2026-05-21,1,2026-06-07,678600.0,17
107277,Honda,WR-V,2021,60418,A (Excellent),Ahmedabad,477600.0,552900.0,2026-06-12,1,2026-07-23,530800.0,41
107278,Maruti Suzuki,Dzire,2016,128797,B (Good),Pune,190300.0,155700.0,2026-06-08,1,2026-06-30,150200.0,22
107279,Hyundai,Verna,2018,93986,B (Good),Hyderabad,391400.0,392300.0,2026-07-25,1,2026-08-26,384300.0,32
107280,Kia,Carens,2016,121451,C (Fair),Kolkata,312600.0,344600.0,2026-07-09,1,2026-08-22,330500.0,44
107281,Kia,Carens,2023,36364,A (Excellent),Bengaluru,796300.0,798900.0,2026-07-18,1,2026-08-05,768400.0,18
107282,Honda,City,2020,79343,B (Good),Bengaluru,455000.0,423400.0,2026-08-18,0,,,14
107283,Maruti Suzuki,Ertiga,2021,57705,B (Good),Mumbai,426500.0,386500.0,2026-05-22,1,2026-06-10,375800.0,19
107284,Maruti Suzuki,WagonR,2021,62217,B (Good),Chennai,254700.0,243800.0,2026-08-25,0,,,7
107285,Kia,Sonet,2022,49838,A (Excellent),Mumbai,544400.0,608900.0,2026-06-02,1,2026-07-03,582900.0,31
107286,Mahindra,Bolero,2021,65844,B (Good),Pune,394600.0,336200.0,2026-07-17,1,2026-07-29,331700.0,12
107287,Hyundai,Creta,2024,30338,B (Good),Delhi NCR,893000.0,908200.0,2026-05-18,1,2026-06-18,855100.0,31
107288,Kia,Sonet,2018,92949,B (Good),Chennai,330000.0,350900.0,2026-08-01,0,,,31
107289,Tata,Tiago,2020,65309,B (Good),Bengaluru,246400.0,232100.0,2026-05-24,1,2026-06-10,225300.0,17
107290,Tata,Tiago,2020,54789,A (Excellent),Ahmedabad,269100.0,280500.0,2026-06-20,1,2026-07-30,267800.0,40
107291,Maruti Suzuki,WagonR,2018,85996,B (Good),Delhi NCR,187000.0,169400.0,2026-07-23,1,2026-08-13,160800.0,21
107292,Mahindra,Bolero,2018,107053,B (Good),Ahmedabad,284200.0,251200.0,2026-05-11,1,2026-05-24,240200.0,13
107293,Tata,Harrier,2023,31076,A (Excellent),Mumbai,1105700.0,1266000.0,2026-07-02,1,2026-08-05,1218700.0,34
107294,Tata,Punch,2022,51672,A (Excellent),Ahmedabad,407500.0,335200.0,2026-08-30,0,,,2
107295,Hyundai,Verna,2024,29022,B (Good),Ahmedabad,738700.0,661700.0,2026-06-22,1,2026-07-12,639900.0,20
107296,Honda,WR-V,2024,23288,C (Fair),Chennai,549100.0,474100.0,2026-06-03,1,2026-06-19,462700.0,16
107297,Toyota,Fortuner,2024,10883,B (Good),Bengaluru,2297000.0,2203900.0,2026-05-08,1,2026-05-25,2087600.0,17
107298,Hyundai,Creta,2022,53662,A (Excellent),Pune,779400.0,633500.0,2026-08-27,0,,,5
107299,Mahindra,XUV700,2019,84843,C (Fair),Ahmedabad,679100.0,797900.0,2026-05-27,1,2026-07-18,766600.0,52
107300,Mahindra,XUV300,2023,35055,B (Good),Ahmedabad,562500.0,553700.0,2026-05-18,1,2026-06-15,538500.0,28
107301,Maruti Suzuki,Dzire,2020,62434,A (Excellent),Kolkata,322500.0,351900.0,2026-06-23,1,2026-08-01,345600.0,39
107302,Kia,Carens,2021,60860,B (Good),Ahmedabad,595100.0,695800.0,2026-05-19,1,2026-07-03,668600.0,45
107303,Honda,Jazz,2020,84348,B (Good),Pune,311800.0,299100.0,2026-07-15,1,2026-08-19,292300.0,35
107304,Hyundai,Venue,2023,27190,B (Good),Hyderabad,531700.0,508200.0,2026-08-06,1,2026-08-25,483200.0,19
107305,Maruti Suzuki,Baleno,2018,91585,C (Fair),Delhi NCR,223100.0,208000.0,2026-08-23,0,,,9
107306,Maruti Suzuki,Dzire,2016,126648,C (Fair),Chennai,171700.0,181100.0,2026-08-26,0,,,6
107307,Maruti Suzuki,Baleno,2023,33747,C (Fair),Delhi NCR,380200.0,352100.0,2026-08-07,0,,,25
107308,Hyundai,Venue,2023,39923,B (Good),Chennai,524700.0,378400.0,2026-07-03,1,2026-07-08,371100.0,5
107309,Maruti Suzuki,WagonR,2022,52963,A (Excellent),Hyderabad,305200.0,308900.0,2026-07-03,1,2026-08-11,290400.0,39
107310,Kia,Sonet,2018,94145,B (Good),Bengaluru,329500.0,282200.0,2026-07-20,1,2026-08-07,267200.0,18
107311,Hyundai,Venue,2022,40333,B (Good),Pune,477300.0,438500.0,2026-05-19,1,2026-06-09,433300.0,21
107312,Hyundai,Verna,2020,61819,B (Good),Chennai,489400.0,550100.0,2026-08-01,0,,,31
107313,Tata,Nexon,2017,111839,A (Excellent),Chennai,337400.0,337100.0,2026-07-22,1,2026-08-27,318500.0,36
107314,Tata,Altroz,2020,70373,B (Good),Delhi NCR,316500.0,309900.0,2026-08-08,1,2026-08-28,304900.0,20
107315,Hyundai,i20,2017,109736,B (Good),Kolkata,228400.0,211000.0,2026-05-10,1,2026-05-26,206100.0,16
107316,Hyundai,i20,2017,105812,B (Good),Ahmedabad,229400.0,241600.0,2026-05-07,1,2026-06-14,232500.0,38
107317,Maruti Suzuki,Dzire,2022,40847,B (Good),Mumbai,368900.0,390700.0,2026-05-28,1,2026-06-21,383900.0,24
107318,Tata,Harrier,2022,49559,A (Excellent),Mumbai,987000.0,956300.0,2026-05-21,1,2026-06-26,915300.0,36
107319,Hyundai,Venue,2020,87003,B (Good),Hyderabad,376000.0,330100.0,2026-05-24,1,2026-06-11,317400.0,18
107320,Hyundai,Creta,2024,34938,C (Fair),Bengaluru,799900.0,786600.0,2026-08-09,0,,,23
107321,Mahindra,Scorpio,2022,42770,B (Good),Pune,793500.0,861300.0,2026-06-08,1,2026-07-17,838700.0,39
107322,Kia,Seltos,2018,97061,A (Excellent),Ahmedabad,510000.0,411600.0,2026-08-28,0,,,4
107323,Hyundai,Creta,2024,18684,B (Good),Pune,903700.0,1021500.0,2026-08-23,0,,,9
107324,Maruti Suzuki,Ertiga,2023,28166,A (Excellent),Pune,573600.0,520800.0,2026-05-31,1,2026-06-28,491600.0,28
107325,Toyota,Glanza,2024,29064,B (Good),Chennai,505400.0,586900.0,2026-07-27,0,,,36
107326,Maruti Suzuki,Dzire,2022,55638,C (Fair),Pune,326900.0,323900.0,2026-06-26,1,2026-07-26,316900.0,30
107327,Kia,Seltos,2023,28998,B (Good),Kolkata,813700.0,833300.0,2026-07-19,1,2026-08-21,787000.0,33
107328,Hyundai,Verna,2024,35004,C (Fair),Mumbai,660700.0,812000.0,2026-06-02,1,2026-07-09,782900.0,37
107329,Hyundai,Verna,2024,4586,B (Good),Hyderabad,757300.0,811500.0,2026-05-05,1,2026-06-04,771100.0,30
107330,Honda,City,2024,30070,A (Excellent),Delhi NCR,755000.0,560600.0,2026-06-11,1,2026-06-29,543700.0,18
107331,Hyundai,Creta,2021,58325,A (Excellent),Pune,705800.0,721000.0,2026-06-26,1,2026-07-29,693800.0,33
107332,Hyundai,Creta,2021,64315,A (Excellent),Kolkata,701300.0,713200.0,2026-05-23,1,2026-06-18,695200.0,26
107333,Tata,Punch,2019,82229,B (Good),Mumbai,275200.0,254400.0,2026-07-29,1,2026-08-15,248700.0,17
107334,Kia,Carens,2017,114855,B (Good),Bengaluru,384600.0,343700.0,2026-08-28,0,,,4
107335,Mahindra,Scorpio,2021,70465,B (Good),Kolkata,701200.0,697000.0,2026-07-03,1,2026-08-05,656400.0,33
107336,Maruti Suzuki,WagonR,2023,44715,B (Good),Mumbai,313300.0,345900.0,2026-05-12,1,2026-06-09,334600.0,28
107337,Tata,Punch,2023,34361,A (Excellent),Chennai,456000.0,514200.0,2026-06-15,1,2026-07-04,487100.0,19
107338,Kia,Carens,2019,85272,A (Excellent),Kolkata,518400.0,608700.0,2026-08-18,0,,,14
107339,Maruti Suzuki,Dzire,2019,92208,B (Good),Ahmedabad,263100.0,257200.0,2026-07-02,1,2026-07-29,243300.0,27
107340,Honda,City,2019,85801,B (Good),Chennai,411200.0,436600.0,2026-08-17,0,,,15
107341,Maruti Suzuki,WagonR,2019,78124,B (Good),Ahmedabad,207300.0,192200.0,2026-07-13,1,2026-08-05,185400.0,23
107342,Maruti Suzuki,Dzire,2022,39276,C (Fair),Pune,332600.0,294900.0,2026-05-13,1,2026-05-29,287600.0,16
107343,Maruti Suzuki,Swift,2022,46995,B (Good),Chennai,347600.0,327500.0,2026-07-05,1,2026-07-31,320700.0,26
107344,Mahindra,Scorpio,2016,125867,B (Good),Hyderabad,411500.0,448200.0,2026-07-22,0,,,41
107345,Maruti Suzuki,Swift,2023,27298,C (Fair),Hyderabad,350900.0,383300.0,2026-07-13,1,2026-08-08,366000.0,26
107346,Honda,Jazz,2022,62465,B (Good),Hyderabad,385500.0,399400.0,2026-06-13,1,2026-07-15,383600.0,32
107347,Hyundai,Creta,2020,64274,A (Excellent),Bengaluru,638200.0,660500.0,2026-07-10,1,2026-07-31,633000.0,21
107348,Kia,Carens,2019,77350,B (Good),Pune,484100.0,445500.0,2026-06-01,1,2026-07-03,436000.0,32
107349,Hyundai,i20,2021,56341,A (Excellent),Chennai,381300.0,386000.0,2026-05-23,1,2026-06-30,378200.0,38
107350,Hyundai,Venue,2022,31177,A (Excellent),Hyderabad,520400.0,486400.0,2026-08-01,1,2026-08-15,465900.0,14
107351,Hyundai,Grand i10,2019,87925,B (Good),Delhi NCR,218800.0,200700.0,2026-05-07,1,2026-05-10,196800.0,3
107352,Mahindra,XUV300,2021,75458,B (Good),Delhi NCR,446300.0,426800.0,2026-05-26,1,2026-06-21,418100.0,26
107353,Mahindra,XUV300,2022,41985,B (Good),Ahmedabad,508200.0,503500.0,2026-08-25,0,,,7
107354,Toyota,Innova,2019,81160,A (Excellent),Pune,793400.0,817400.0,2026-07-19,1,2026-08-19,808300.0,31
107355,Maruti Suzuki,Baleno,2021,64492,B (Good),Hyderabad,338700.0,322900.0,2026-08-01,1,2026-08-31,305100.0,30
107356,Maruti Suzuki,WagonR,2022,53970,A (Excellent),Ahmedabad,304900.0,283000.0,2026-08-23,0,,,9
107357,Kia,Carens,2020,68128,B (Good),Mumbai,537300.0,507000.0,2026-08-08,1,2026-08-28,489600.0,20
107358,Mahindra,XUV700,2022,33262,B (Good),Hyderabad,1057800.0,1054900.0,2026-05-24,1,2026-06-15,1039200.0,22
107359,Tata,Harrier,2023,48545,A (Excellent),Ahmedabad,1085800.0,1157000.0,2026-06-30,1,2026-08-05,1138200.0,36
107360,Maruti Suzuki,WagonR,2021,60763,A (Excellent),Hyderabad,275500.0,296600.0,2026-07-29,1,2026-08-21,281500.0,23
107361,Tata,Harrier,2016,118084,A (Excellent),Pune,520100.0,549300.0,2026-08-30,0,,,2
107362,Kia,Sonet,2023,21975,A (Excellent),Ahmedabad,615800.0,599800.0,2026-06-03,1,2026-06-29,580200.0,26
107363,Mahindra,Scorpio,2018,90632,B (Good),Pune,516900.0,594300.0,2026-06-02,1,2026-07-18,582400.0,46
107364,Hyundai,Venue,2019,77191,B (Good),Mumbai,345900.0,374500.0,2026-08-07,0,,,25
107365,Tata,Punch,2017,102902,C (Fair),Ahmedabad,200500.0,232800.0,2026-08-15,0,,,17
107366,Kia,Sonet,2020,72861,B (Good),Chennai,407300.0,477300.0,2026-05-22,1,2026-07-08,472400.0,47
107367,Maruti Suzuki,Baleno,2020,63069,C (Fair),Ahmedabad,277800.0,264600.0,2026-06-11,1,2026-07-20,255700.0,39
107368,Honda,City,2021,57449,A (Excellent),Ahmedabad,552900.0,553500.0,2026-05-22,1,2026-06-28,529100.0,37
107369,Toyota,Glanza,2022,53263,B (Good),Mumbai,408100.0,400300.0,2026-05-28,1,2026-06-14,382500.0,17
107370,Hyundai,Verna,2020,75067,A (Excellent),Bengaluru,521100.0,558400.0,2026-07-12,1,2026-08-10,540600.0,29
107371,Toyota,Innova,2016,119254,B (Good),Delhi NCR,530700.0,446200.0,2026-07-07,1,2026-07-25,433200.0,18
107372,Kia,Seltos,2022,33743,B (Good),Bengaluru,736900.0,743600.0,2026-05-31,1,2026-07-02,730500.0,32
107373,Hyundai,Verna,2022,47017,B (Good),Mumbai,600400.0,567000.0,2026-07-26,1,2026-08-19,537300.0,24
107374,Kia,Seltos,2021,46238,C (Fair),Chennai,595700.0,605300.0,2026-07-18,1,2026-08-13,574100.0,26
107375,Toyota,Innova,2020,64110,B (Good),Bengaluru,822300.0,829600.0,2026-06-29,1,2026-07-20,783300.0,21
107376,Maruti Suzuki,WagonR,2016,123209,B (Good),Ahmedabad,148600.0,150300.0,2026-08-31,0,,,1
107377,Hyundai,Verna,2023,40219,B (Good),Delhi NCR,664400.0,646600.0,2026-06-06,1,2026-06-27,630000.0,21
107378,Tata,Punch,2021,64351,A (Excellent),Ahmedabad,365900.0,409400.0,2026-06-22,1,2026-08-12,396000.0,51
107379,Hyundai,Grand i10,2021,63265,B (Good),Ahmedabad,271300.0,255100.0,2026-06-13,1,2026-07-11,248500.0,28
107380,Honda,Amaze,2024,24047,B (Good),Ahmedabad,468900.0,372400.0,2026-08-31,0,,,1
107381,Maruti Suzuki,WagonR,2023,18934,A (Excellent),Pune,347500.0,382000.0,2026-08-05,0,,,27
107382,Hyundai,Verna,2021,65032,A (Excellent),Bengaluru,578900.0,637300.0,2026-05-10,1,2026-06-06,619500.0,27
107383,Maruti Suzuki,Baleno,2020,65379,C (Fair),Ahmedabad,277200.0,266400.0,2026-06-17,1,2026-07-15,262500.0,28
107384,Toyota,Glanza,2022,47994,B (Good),Kolkata,410400.0,432100.0,2026-06-04,1,2026-07-07,415400.0,33
107385,Honda,WR-V,2019,74756,B (Good),Chennai,360600.0,378400.0,2026-07-11,1,2026-08-19,368600.0,39
107386,Maruti Suzuki,Baleno,2022,59363,A (Excellent),Chennai,404200.0,482800.0,2026-06-23,1,2026-08-12,471300.0,50
107387,Mahindra,XUV300,2022,43630,A (Excellent),Hyderabad,548000.0,576300.0,2026-05-16,1,2026-06-19,544100.0,34
107388,Maruti Suzuki,Baleno,2024,18197,B (Good),Pune,471700.0,474500.0,2026-08-08,0,,,24
107389,Honda,WR-V,2020,78866,C (Fair),Delhi NCR,355100.0,378300.0,2026-07-06,1,2026-07-30,356700.0,24
107390,Hyundai,Creta,2021,54260,B (Good),Bengaluru,656300.0,686700.0,2026-07-20,1,2026-08-03,651300.0,14
107391,Mahindra,XUV700,2022,48276,B (Good),Hyderabad,1041400.0,1065300.0,2026-07-11,1,2026-08-12,1008400.0,32
107392,Mahindra,XUV700,2022,44186,A (Excellent),Delhi NCR,1129500.0,1069600.0,2026-07-18,1,2026-08-07,1026300.0,20
107393,Tata,Punch,2019,99170,B (Good),Hyderabad,270100.0,262900.0,2026-06-21,1,2026-07-22,255500.0,31
107394,Kia,Sonet,2023,30435,A (Excellent),Pune,610500.0,682300.0,2026-07-26,1,2026-08-26,642200.0,31
107395,Mahindra,Scorpio,2021,52082,B (Good),Hyderabad,715000.0,756500.0,2026-06-07,1,2026-07-13,738900.0,36
107396,Kia,Carens,2023,30544,B (Good),Ahmedabad,741800.0,862100.0,2026-05-15,1,2026-06-26,824000.0,42
107397,Honda,Amaze,2023,21762,B (Good),Delhi NCR,427700.0,366000.0,2026-06-15,1,2026-07-05,346500.0,20
107398,Maruti Suzuki,Ertiga,2017,116960,A (Excellent),Kolkata,296000.0,253800.0,2026-08-22,0,,,10
107399,Kia,Carens,2019,83351,B (Good),Mumbai,481000.0,492500.0,2026-05-16,1,2026-06-14,474300.0,29
107400,Kia,Carens,2021,72290,A (Excellent),Delhi NCR,634900.0,625600.0,2026-05-24,1,2026-06-16,614000.0,23
107401,Mahindra,XUV700,2023,32603,A (Excellent),Bengaluru,1256300.0,1026200.0,2026-07-12,1,2026-07-27,1009300.0,15
107402,Tata,Altroz,2018,91791,A (Excellent),Ahmedabad,276600.0,332900.0,2026-05-28,1,2026-07-19,313500.0,52
107403,Kia,Sonet,2020,81509,B (Good),Ahmedabad,403500.0,416000.0,2026-07-03,1,2026-08-15,407400.0,43
107404,Honda,Amaze,2023,34188,B (Good),Chennai,422300.0,468700.0,2026-07-06,1,2026-08-10,450700.0,35
107405,Hyundai,Venue,2022,53460,B (Good),Chennai,470800.0,414400.0,2026-07-24,1,2026-08-26,398700.0,33
107406,Hyundai,Venue,2019,83700,B (Good),Kolkata,343400.0,370700.0,2026-08-02,0,,,30
107407,Maruti Suzuki,Baleno,2020,73347,B (Good),Delhi NCR,305300.0,287600.0,2026-08-01,1,2026-08-18,276900.0,17
107408,Maruti Suzuki,Baleno,2018,93620,C (Fair),Hyderabad,222600.0,245300.0,2026-07-24,1,2026-08-30,238100.0,37
107409,Tata,Nexon,2021,59314,B (Good),Delhi NCR,482500.0,430100.0,2026-07-26,1,2026-08-04,417800.0,9
107410,Maruti Suzuki,Swift,2024,20983,B (Good),Bengaluru,431200.0,387000.0,2026-05-25,1,2026-06-14,379700.0,20
107411,Maruti Suzuki,Baleno,2019,81358,A (Excellent),Bengaluru,297500.0,306100.0,2026-08-15,0,,,17
107412,Hyundai,Creta,2021,72737,C (Fair),Delhi NCR,579200.0,543000.0,2026-08-17,0,,,15
107413,Maruti Suzuki,Dzire,2024,23616,B (Good),Delhi NCR,453500.0,423000.0,2026-08-15,0,,,17
107414,Hyundai,Venue,2022,47334,B (Good),Bengaluru,473800.0,480900.0,2026-06-03,1,2026-06-29,453800.0,26
107415,Mahindra,XUV700,2022,39726,B (Good),Chennai,1050700.0,976500.0,2026-07-15,1,2026-08-13,939600.0,29
107416,Hyundai,i20,2024,29236,A (Excellent),Hyderabad,520500.0,547700.0,2026-08-14,0,,,18
107417,Mahindra,XUV300,2019,71803,B (Good),Mumbai,371100.0,379400.0,2026-06-29,1,2026-08-10,365500.0,42
107418,Tata,Tiago,2020,68148,A (Excellent),Chennai,265300.0,303100.0,2026-05-22,1,2026-06-17,292500.0,26
107419,Honda,Jazz,2022,64077,A (Excellent),Hyderabad,415600.0,430100.0,2026-08-18,0,,,14
107420,Maruti Suzuki,WagonR,2018,86119,B (Good),Pune,187000.0,199900.0,2026-08-19,0,,,13
107421,Maruti Suzuki,Dzire,2021,61250,B (Good),Delhi NCR,328600.0,295800.0,2026-05-19,1,2026-06-06,280400.0,18
107422,Tata,Tiago,2021,61365,C (Fair),Kolkata,244700.0,235800.0,2026-07-24,1,2026-08-29,229600.0,36
107423,Tata,Punch,2020,84353,B (Good),Pune,301700.0,310200.0,2026-07-15,1,2026-08-17,297300.0,33
107424,Mahindra,Bolero,2018,85346,B (Good),Mumbai,291200.0,303300.0,2026-06-19,1,2026-07-15,296700.0,26
107425,Toyota,Innova,2018,105918,C (Fair),Pune,585500.0,585000.0,2026-05-13,1,2026-06-02,567800.0,20
107426,Toyota,Fortuner,2022,43090,A (Excellent),Ahmedabad,1987500.0,2111500.0,2026-07-27,0,,,36
107427,Hyundai,Verna,2022,34421,B (Good),Kolkata,608300.0,681400.0,2026-08-15,0,,,17
107428,Maruti Suzuki,Swift,2018,105897,A (Excellent),Ahmedabad,241500.0,224500.0,2026-07-20,1,2026-08-12,215000.0,23
107429,Maruti Suzuki,Baleno,2018,104369,B (Good),Bengaluru,244400.0,271600.0,2026-06-12,1,2026-07-22,260000.0,40
107430,Toyota,Glanza,2019,91335,A (Excellent),Pune,318800.0,366800.0,2026-08-26,0,,,6
107431,Hyundai,Venue,2020,77629,B (Good),Kolkata,379900.0,351500.0,2026-08-16,0,,,16
107432,Mahindra,Scorpio,2021,49077,C (Fair),Chennai,645600.0,627200.0,2026-07-03,1,2026-08-01,594300.0,29
107433,Mahindra,Bolero,2017,104731,B (Good),Ahmedabad,259300.0,239500.0,2026-07-12,1,2026-08-05,228500.0,24
107434,Hyundai,Grand i10,2016,128442,C (Fair),Mumbai,141800.0,123100.0,2026-05-19,1,2026-06-12,116300.0,24
107435,Maruti Suzuki,Baleno,2023,24486,A (Excellent),Kolkata,460700.0,506000.0,2026-06-12,1,2026-07-24,499800.0,42
107436,Tata,Harrier,2022,58592,B (Good),Chennai,905200.0,889900.0,2026-07-15,1,2026-08-10,876300.0,26
107437,Hyundai,i20,2022,45088,B (Good),Delhi NCR,392600.0,383800.0,2026-06-04,1,2026-06-23,377000.0,19
107438,Toyota,Fortuner,2020,67832,C (Fair),Mumbai,1336100.0,1321500.0,2026-08-09,0,,,23
107439,Maruti Suzuki,WagonR,2024,15241,C (Fair),Mumbai,319400.0,313600.0,2026-05-26,1,2026-06-23,309700.0,28
107440,Tata,Tiago,2023,45806,C (Fair),Bengaluru,300400.0,302000.0,2026-07-26,1,2026-08-17,296900.0,22
107441,Hyundai,Grand i10,2024,24468,A (Excellent),Ahmedabad,405000.0,418000.0,2026-06-23,1,2026-07-30,407100.0,37
107442,Tata,Altroz,2022,44946,B (Good),Delhi NCR,392700.0,463100.0,2026-06-24,1,2026-07-27,450000.0,33
107443,Hyundai,Venue,2022,34737,A (Excellent),Ahmedabad,518500.0,568600.0,2026-07-10,1,2026-08-10,562100.0,31
107444,Hyundai,Creta,2019,91670,A (Excellent),Hyderabad,563800.0,550300.0,2026-05-11,1,2026-05-19,517800.0,8
107445,Hyundai,Verna,2022,45854,A (Excellent),Hyderabad,649200.0,589100.0,2026-05-14,1,2026-06-14,575700.0,31
107446,Tata,Harrier,2024,34251,B (Good),Mumbai,1121400.0,1163700.0,2026-07-07,1,2026-07-29,1121800.0,22
107447,Tata,Tiago,2020,75231,C (Fair),Chennai,219400.0,232100.0,2026-06-24,1,2026-08-05,220800.0,42
107448,Toyota,Innova,2017,101469,C (Fair),Pune,535400.0,550300.0,2026-05-31,1,2026-07-11,525300.0,41
107449,Hyundai,Verna,2021,64825,B (Good),Hyderabad,536100.0,561100.0,2026-08-13,0,,,19
107450,Honda,WR-V,2017,98860,B (Good),Hyderabad,290900.0,257500.0,2026-08-27,0,,,5
107451,Kia,Sonet,2024,23710,A (Excellent),Pune,675500.0,740400.0,2026-08-29,0,,,3
107452,Tata,Punch,2019,77338,A (Excellent),Chennai,298800.0,308600.0,2026-06-01,1,2026-07-01,299700.0,30
107453,Toyota,Glanza,2018,91857,C (Fair),Delhi NCR,241600.0,234500.0,2026-07-31,1,2026-08-16,223900.0,16
107454,Honda,City,2021,74464,A (Excellent),Delhi NCR,542900.0,553800.0,2026-07-03,1,2026-07-22,529300.0,19
107455,Hyundai,Grand i10,2020,60425,B (Good),Hyderabad,247700.0,236900.0,2026-06-21,1,2026-07-20,234200.0,29
107456,Kia,Carens,2022,44029,B (Good),Pune,665600.0,621300.0,2026-06-13,1,2026-07-09,614900.0,26
107457,Tata,Altroz,2019,84920,B (Good),Bengaluru,283500.0,289200.0,2026-06-06,1,2026-07-06,276100.0,30
107458,Kia,Sonet,2019,77762,A (Excellent),Chennai,398200.0,418700.0,2026-07-28,1,2026-08-17,410600.0,20
107459,Toyota,Fortuner,2016,128891,B (Good),Bengaluru,951300.0,1006700.0,2026-06-07,1,2026-07-04,971800.0,27
107460,Maruti Suzuki,WagonR,2023,36863,B (Good),Mumbai,315800.0,313200.0,2026-07-30,1,2026-08-21,305700.0,22
107461,Mahindra,Scorpio,2022,50558,A (Excellent),Pune,850000.0,835600.0,2026-07-25,1,2026-08-25,815900.0,31
107462,Honda,City,2022,54316,A (Excellent),Kolkata,609600.0,591100.0,2026-07-19,1,2026-08-29,580200.0,41
107463,Maruti Suzuki,Swift,2024,31853,A (Excellent),Pune,460500.0,491200.0,2026-08-19,0,,,13
107464,Toyota,Fortuner,2022,48546,A (Excellent),Kolkata,1976100.0,1469600.0,2026-07-28,1,2026-08-15,1430100.0,18
107465,Mahindra,Scorpio,2023,34566,A (Excellent),Delhi NCR,949800.0,1070200.0,2026-05-13,1,2026-06-02,1006300.0,20
107466,Honda,Jazz,2016,105132,C (Fair),Hyderabad,188000.0,170100.0,2026-07-14,1,2026-08-21,168200.0,38
107467,Kia,Carens,2024,16673,C (Fair),Ahmedabad,744100.0,767900.0,2026-06-18,1,2026-07-28,755800.0,40
107468,Toyota,Innova,2023,39074,B (Good),Ahmedabad,1120400.0,1268800.0,2026-05-24,1,2026-06-30,1235100.0,37
107469,Tata,Nexon,2019,85374,B (Good),Kolkata,388500.0,353600.0,2026-08-30,0,,,2
107470,Maruti Suzuki,Baleno,2019,76274,C (Fair),Bengaluru,249300.0,237800.0,2026-07-08,1,2026-07-18,226500.0,10
107471,Honda,WR-V,2021,61367,B (Good),Mumbai,441800.0,487900.0,2026-06-19,1,2026-07-22,473000.0,33
107472,Toyota,Glanza,2021,68052,C (Fair),Kolkata,329000.0,262800.0,2026-08-15,0,,,17
107473,Hyundai,i20,2017,117596,C (Fair),Kolkata,203800.0,220700.0,2026-05-08,1,2026-06-13,211900.0,36
107474,Toyota,Glanza,2023,36740,A (Excellent),Pune,492800.0,505500.0,2026-07-26,1,2026-08-27,475900.0,32
107475,Toyota,Glanza,2018,94148,C (Fair),Bengaluru,241000.0,223700.0,2026-08-14,0,,,18
107476,Hyundai,Grand i10,2023,40280,B (Good),Ahmedabad,335700.0,320200.0,2026-06-09,1,2026-06-26,310500.0,17
107477,Kia,Seltos,2022,41938,C (Fair),Bengaluru,657600.0,674300.0,2026-07-06,1,2026-08-05,646200.0,30
107478,Maruti Suzuki,Baleno,2024,32000,C (Fair),Chennai,418600.0,430200.0,2026-08-08,1,2026-08-30,405900.0,22
107479,Kia,Sonet,2021,65497,A (Excellent),Pune,487200.0,401500.0,2026-08-18,0,,,14
107480,Mahindra,XUV300,2017,112635,C (Fair),Delhi NCR,264400.0,267300.0,2026-08-22,0,,,10
107481,Toyota,Innova,2023,49429,B (Good),Bengaluru,1108300.0,1103600.0,2026-05-24,1,2026-06-11,1044500.0,18
107482,Tata,Altroz,2019,97077,A (Excellent),Chennai,302100.0,281900.0,2026-05-27,1,2026-06-20,275600.0,24
107483,Mahindra,XUV300,2023,38712,A (Excellent),Kolkata,605200.0,568100.0,2026-07-29,1,2026-08-25,557800.0,27
107484,Hyundai,Venue,2022,44864,B (Good),Bengaluru,475000.0,462100.0,2026-07-04,1,2026-07-22,452100.0,18
107485,Toyota,Glanza,2019,98667,C (Fair),Kolkata,263500.0,282800.0,2026-05-15,1,2026-06-20,276300.0,36
107486,Honda,City,2019,95347,C (Fair),Ahmedabad,366200.0,310300.0,2026-08-31,0,,,1
107487,Maruti Suzuki,WagonR,2023,53718,A (Excellent),Mumbai,335100.0,332300.0,2026-07-03,1,2026-08-05,313300.0,33
107488,Tata,Altroz,2022,38199,A (Excellent),Bengaluru,427100.0,372300.0,2026-06-16,1,2026-06-20,354200.0,4
107489,Maruti Suzuki,Dzire,2021,63569,B (Good),Ahmedabad,327800.0,359200.0,2026-06-02,1,2026-07-12,341600.0,40
107490,Mahindra,Scorpio,2019,88204,A (Excellent),Chennai,615100.0,650900.0,2026-07-15,1,2026-08-22,623500.0,38
107491,Hyundai,Venue,2024,18347,B (Good),Ahmedabad,589600.0,597800.0,2026-05-10,1,2026-06-09,579300.0,30
107492,Mahindra,XUV300,2024,32814,A (Excellent),Pune,669200.0,698600.0,2026-05-18,1,2026-06-23,689400.0,36
107493,Mahindra,XUV700,2024,26315,B (Good),Delhi NCR,1286500.0,1206600.0,2026-08-10,0,,,22
107494,Maruti Suzuki,Dzire,2021,59188,A (Excellent),Bengaluru,355600.0,373600.0,2026-07-18,1,2026-08-22,361900.0,35
107495,Maruti Suzuki,Dzire,2023,38898,B (Good),Kolkata,406200.0,432200.0,2026-06-28,1,2026-08-05,420100.0,38
107496,Maruti Suzuki,WagonR,2023,29820,B (Good),Bengaluru,318100.0,379500.0,2026-08-20,0,,,12
107497,Mahindra,Scorpio,2023,44147,B (Good),Hyderabad,870700.0,797600.0,2026-06-15,1,2026-07-16,755800.0,31
107498,Maruti Suzuki,Swift,2024,23785,B (Good),Mumbai,430000.0,476100.0,2026-05-21,1,2026-06-20,467900.0,30
107499,Tata,Altroz,2023,27677,A (Excellent),Chennai,474500.0,491900.0,2026-08-03,0,,,29
107500,Mahindra,Scorpio,2021,64994,A (Excellent),Kolkata,761700.0,845400.0,2026-08-07,0,,,25
107501,Hyundai,Venue,2018,97685,A (Excellent),Mumbai,332400.0,336300.0,2026-08-08,0,,,24
107502,Kia,Carens,2023,24125,B (Good),Delhi NCR,746700.0,785500.0,2026-06-22,1,2026-07-16,748000.0,24
107503,Hyundai,Venue,2021,73183,C (Fair),Kolkata,377500.0,332300.0,2026-05-12,1,2026-06-08,313800.0,27
107504,Maruti Suzuki,Ertiga,2023,38577,C (Fair),Delhi NCR,472900.0,469900.0,2026-07-12,1,2026-07-27,463000.0,15
107505,Hyundai,Venue,2023,31472,C (Fair),Hyderabad,476400.0,501200.0,2026-06-21,1,2026-07-22,495500.0,31
107506,Toyota,Fortuner,2023,33446,B (Good),Delhi NCR,2042600.0,2141400.0,2026-07-23,1,2026-08-16,2079800.0,24
107507,Toyota,Innova,2023,31129,B (Good),Pune,1129700.0,1247300.0,2026-08-02,0,,,30
107508,Toyota,Glanza,2023,47445,A (Excellent),Kolkata,487300.0,505900.0,2026-06-03,1,2026-07-21,485400.0,48
107509,Tata,Nexon,2023,36907,A (Excellent),Kolkata,644300.0,550400.0,2026-08-31,0,,,1
107510,Maruti Suzuki,Dzire,2021,53725,A (Excellent),Chennai,357700.0,339300.0,2026-08-10,0,,,22
107511,Honda,Amaze,2022,38387,A (Excellent),Chennai,413200.0,366700.0,2026-08-30,0,,,2
107512,Kia,Seltos,2022,37225,B (Good),Hyderabad,734200.0,757400.0,2026-05-14,1,2026-06-24,712200.0,41
107513,Maruti Suzuki,WagonR,2017,116753,A (Excellent),Chennai,177600.0,181700.0,2026-06-16,1,2026-07-23,171200.0,37
107514,Maruti Suzuki,Swift,2023,48709,A (Excellent),Hyderabad,411800.0,337600.0,2026-06-08,1,2026-06-24,332400.0,16
107515,Kia,Seltos,2024,42783,C (Fair),Kolkata,793400.0,884400.0,2026-08-15,0,,,17
107516,Hyundai,Creta,2024,33237,B (Good),Hyderabad,890300.0,905500.0,2026-05-15,1,2026-06-01,894600.0,17
107517,Mahindra,Scorpio,2016,119163,C (Fair),Hyderabad,373200.0,404400.0,2026-05-13,1,2026-06-20,396800.0,38
107518,Honda,Jazz,2023,33855,B (Good),Hyderabad,436500.0,416500.0,2026-06-20,1,2026-07-17,397900.0,27
107519,Hyundai,i20,2018,87915,A (Excellent),Hyderabad,277700.0,282900.0,2026-06-30,1,2026-07-28,267600.0,28
107520,Mahindra,Bolero,2023,33868,B (Good),Mumbai,492800.0,487300.0,2026-05-11,1,2026-06-01,464300.0,21
107521,Honda,WR-V,2021,61783,B (Good),Hyderabad,441600.0,429000.0,2026-07-09,1,2026-08-13,413700.0,35
107522,Honda,Jazz,2022,41333,C (Fair),Ahmedabad,354700.0,330100.0,2026-07-23,1,2026-08-15,314700.0,23
107523,Hyundai,Creta,2021,49355,C (Fair),Hyderabad,593800.0,588300.0,2026-07-01,1,2026-08-04,554400.0,34
107524,Tata,Harrier,2021,59203,B (Good),Ahmedabad,823200.0,769600.0,2026-05-10,1,2026-06-10,753400.0,31
107525,Honda,Amaze,2021,47680,B (Good),Kolkata,344800.0,369500.0,2026-06-25,1,2026-08-10,353400.0,46
107526,Hyundai,Venue,2020,73523,B (Good),Chennai,381600.0,394900.0,2026-07-17,1,2026-08-15,386900.0,29
107527,Honda,WR-V,2022,38644,B (Good),Chennai,497300.0,488100.0,2026-06-30,1,2026-07-30,462600.0,30
107528,Mahindra,XUV700,2019,68761,A (Excellent),Hyderabad,829300.0,822200.0,2026-08-09,0,,,23
107529,Maruti Suzuki,Baleno,2021,54528,B (Good),Pune,342300.0,307800.0,2026-08-23,0,,,9
107530,Maruti Suzuki,Swift,2022,55031,B (Good),Delhi NCR,344700.0,326200.0,2026-08-09,1,2026-08-22,318000.0,13
107531,Kia,Sonet,2023,45248,B (Good),Pune,556600.0,537800.0,2026-06-23,1,2026-07-27,506600.0,34
107532,Mahindra,Bolero,2020,70853,B (Good),Bengaluru,357200.0,376400.0,2026-06-10,1,2026-07-07,365600.0,27
107533,Hyundai,Verna,2021,57740,B (Good),Kolkata,540200.0,436500.0,2026-08-14,0,,,18
107534,Toyota,Glanza,2020,70707,C (Fair),Hyderabad,298500.0,267100.0,2026-06-06,1,2026-07-03,263700.0,27
107535,Toyota,Innova,2024,7207,B (Good),Bengaluru,1272000.0,1167000.0,2026-06-16,1,2026-07-05,1132200.0,19
107536,Maruti Suzuki,Baleno,2018,89849,C (Fair),Bengaluru,223500.0,232100.0,2026-05-15,1,2026-05-27,229100.0,12
107537,Maruti Suzuki,Swift,2019,81268,B (Good),Ahmedabad,252500.0,265900.0,2026-05-25,1,2026-06-28,260500.0,34
107538,Hyundai,Creta,2019,91534,B (Good),Pune,522100.0,495500.0,2026-05-18,1,2026-06-26,471600.0,39
107539,Tata,Tiago,2022,53743,B (Good),Pune,301200.0,336800.0,2026-05-23,1,2026-06-22,320000.0,30
107540,Hyundai,Venue,2023,45307,B (Good),Bengaluru,521800.0,508200.0,2026-07-09,1,2026-07-30,481200.0,21
107541,Honda,Jazz,2024,34378,B (Good),Ahmedabad,479400.0,483600.0,2026-05-22,1,2026-07-06,465700.0,45
107542,Maruti Suzuki,WagonR,2024,22843,A (Excellent),Bengaluru,380300.0,376300.0,2026-07-12,1,2026-07-22,362300.0,10
107543,Toyota,Fortuner,2020,66583,A (Excellent),Delhi NCR,1605400.0,1712700.0,2026-06-11,1,2026-07-04,1614400.0,23
107544,Toyota,Glanza,2020,73526,B (Good),Delhi NCR,330700.0,299200.0,2026-06-14,1,2026-06-19,287900.0,5
107545,Toyota,Fortuner,2017,113106,B (Good),Pune,1064300.0,1109900.0,2026-08-24,0,,,8
107546,Honda,Jazz,2022,39270,B (Good),Delhi NCR,395000.0,392800.0,2026-05-25,1,2026-06-17,372800.0,23
107547,Tata,Altroz,2023,25348,A (Excellent),Kolkata,475600.0,504500.0,2026-07-08,1,2026-08-12,491000.0,35
107548,Mahindra,Bolero,2023,20515,C (Fair),Kolkata,449700.0,411300.0,2026-07-20,1,2026-08-17,401600.0,28
107549,Maruti Suzuki,Swift,2020,72444,B (Good),Bengaluru,280200.0,259000.0,2026-07-19,1,2026-08-09,253900.0,21
107550,Maruti Suzuki,Ertiga,2024,40898,B (Good),Delhi NCR,576000.0,473800.0,2026-06-14,1,2026-07-09,450400.0,25
107551,Mahindra,XUV700,2021,63201,A (Excellent),Chennai,1007400.0,976600.0,2026-08-21,0,,,11
107552,Hyundai,i20,2020,71886,A (Excellent),Bengaluru,341300.0,357200.0,2026-07-20,1,2026-08-19,338700.0,30
107553,Hyundai,Grand i10,2022,51705,B (Good),Delhi NCR,301900.0,287800.0,2026-06-17,1,2026-07-10,283100.0,23
107554,Mahindra,XUV700,2024,21213,C (Fair),Bengaluru,1164000.0,1213600.0,2026-06-12,1,2026-07-08,1182100.0,26
107555,Kia,Seltos,2024,17989,C (Fair),Kolkata,813900.0,820000.0,2026-06-09,1,2026-07-18,800500.0,39
107556,Hyundai,Creta,2024,32559,B (Good),Pune,890900.0,857600.0,2026-05-23,1,2026-06-09,830300.0,17
107557,Tata,Nexon,2023,26971,A (Excellent),Kolkata,650900.0,601400.0,2026-06-02,1,2026-06-30,585100.0,28
107558,Hyundai,i20,2018,99508,C (Fair),Delhi NCR,228500.0,215200.0,2026-08-26,0,,,6
107559,Kia,Seltos,2021,66904,C (Fair),Pune,582800.0,547500.0,2026-08-12,0,,,20
107560,Kia,Carens,2022,42894,B (Good),Pune,666400.0,626800.0,2026-06-09,1,2026-07-08,615700.0,29
107561,Hyundai,Verna,2018,77797,A (Excellent),Hyderabad,430300.0,386500.0,2026-08-31,0,,,1
107562,Maruti Suzuki,Ertiga,2021,49134,B (Good),Mumbai,430400.0,405000.0,2026-07-16,1,2026-08-18,382100.0,33
107563,Tata,Nexon,2023,39876,A (Excellent),Ahmedabad,642300.0,638100.0,2026-07-13,1,2026-08-25,617400.0,43
107564,Honda,Amaze,2024,17340,B (Good),Delhi NCR,472100.0,428600.0,2026-06-23,1,2026-07-06,404800.0,13
107565,Mahindra,XUV700,2020,70607,B (Good),Ahmedabad,842100.0,1029100.0,2026-07-22,0,,,41
107566,Toyota,Glanza,2021,61136,B (Good),Chennai,368300.0,359800.0,2026-08-14,0,,,18
107567,Tata,Harrier,2022,57684,B (Good),Ahmedabad,906100.0,967300.0,2026-05-14,1,2026-06-11,934100.0,28
107568,Honda,WR-V,2024,25171,B (Good),Ahmedabad,608900.0,502500.0,2026-07-08,1,2026-07-18,492100.0,10
107569,Kia,Carens,2019,79867,B (Good),Ahmedabad,482800.0,489900.0,2026-06-01,1,2026-07-03,466300.0,32
107570,Tata,Altroz,2024,24958,C (Fair),Delhi NCR,435700.0,449400.0,2026-06-21,1,2026-07-19,428400.0,28
107571,Hyundai,i20,2017,114339,B (Good),Chennai,227200.0,242100.0,2026-05-17,1,2026-06-22,234000.0,36
107572,Hyundai,i20,2017,106784,B (Good),Chennai,229200.0,256600.0,2026-05-21,1,2026-06-27,248300.0,37
107573,Hyundai,Grand i10,2019,83646,B (Good),Hyderabad,219800.0,193300.0,2026-05-28,1,2026-06-23,190800.0,26
107574,Maruti Suzuki,Dzire,2020,68841,B (Good),Pune,296600.0,269900.0,2026-08-19,0,,,13
107575,Maruti Suzuki,Baleno,2023,31620,A (Excellent),Kolkata,457300.0,579600.0,2026-05-14,1,2026-07-06,571100.0,53
107576,Mahindra,XUV700,2021,63707,A (Excellent),Pune,1006900.0,1113800.0,2026-08-15,0,,,17
107577,Toyota,Fortuner,2022,42062,C (Fair),Chennai,1658000.0,1643300.0,2026-05-08,1,2026-06-11,1600300.0,34
107578,Maruti Suzuki,Dzire,2021,45553,B (Good),Chennai,334100.0,327200.0,2026-08-03,0,,,29
107579,Honda,Jazz,2016,114452,A (Excellent),Hyderabad,223300.0,214700.0,2026-08-09,1,2026-08-29,204900.0,20
107580,Tata,Punch,2019,77338,B (Good),Kolkata,276600.0,306200.0,2026-05-15,1,2026-06-26,299900.0,42
107581,Tata,Punch,2020,85610,C (Fair),Hyderabad,271200.0,293800.0,2026-06-16,1,2026-07-12,288800.0,26
107582,Mahindra,XUV700,2019,70420,A (Excellent),Delhi NCR,827800.0,771000.0,2026-06-09,1,2026-06-17,729700.0,8
107583,Mahindra,XUV300,2023,25505,C (Fair),Pune,511300.0,525700.0,2026-05-05,1,2026-06-17,516800.0,43
107584,Hyundai,Venue,2020,67617,A (Excellent),Mumbai,414700.0,475000.0,2026-06-10,1,2026-07-16,461200.0,36
107585,Maruti Suzuki,Dzire,2016,128238,B (Good),Mumbai,190400.0,180000.0,2026-07-30,1,2026-08-31,169700.0,32
107586,Maruti Suzuki,Swift,2020,73618,B (Good),Chennai,279800.0,272000.0,2026-05-06,1,2026-06-06,265900.0,31
107587,Maruti Suzuki,Ertiga,2023,34577,B (Good),Chennai,527600.0,502800.0,2026-08-26,0,,,6
107588,Maruti Suzuki,WagonR,2019,90654,A (Excellent),Chennai,220800.0,229300.0,2026-06-01,1,2026-07-03,217400.0,32
107589,Mahindra,Bolero,2022,52082,A (Excellent),Ahmedabad,475200.0,433300.0,2026-06-22,1,2026-07-30,426000.0,38
107590,Maruti Suzuki,Dzire,2023,38038,B (Good),Hyderabad,406600.0,400300.0,2026-05-11,1,2026-06-01,377300.0,21
107591,Tata,Altroz,2024,20384,B (Good),Delhi NCR,486400.0,460300.0,2026-05-13,1,2026-06-02,437100.0,20
107592,Mahindra,Bolero,2023,39950,B (Good),Kolkata,489700.0,415900.0,2026-05-24,1,2026-05-30,405400.0,6
107593,Honda,WR-V,2020,63352,B (Good),Delhi NCR,401200.0,438600.0,2026-08-02,1,2026-08-28,427000.0,26
107594,Honda,WR-V,2019,82382,B (Good),Chennai,357700.0,319000.0,2026-06-12,1,2026-07-07,310000.0,25
107595,Hyundai,Venue,2016,127907,B (Good),Mumbai,246300.0,258400.0,2026-07-22,1,2026-08-19,254400.0,28
107596,Mahindra,XUV300,2019,92613,B (Good),Ahmedabad,362800.0,328300.0,2026-08-12,0,,,20
107597,Tata,Tiago,2022,49015,B (Good),Chennai,302700.0,288400.0,2026-06-14,1,2026-07-14,279200.0,30
107598,Maruti Suzuki,WagonR,2021,57195,A (Excellent),Hyderabad,276500.0,287700.0,2026-06-30,1,2026-07-30,271800.0,30
107599,Kia,Sonet,2018,96852,A (Excellent),Kolkata,354900.0,360200.0,2026-07-16,1,2026-08-17,356200.0,32
107600,Kia,Seltos,2020,74733,B (Good),Ahmedabad,584300.0,520000.0,2026-06-13,1,2026-07-02,506600.0,19
107601,Hyundai,Creta,2020,63198,B (Good),Delhi NCR,591600.0,653800.0,2026-07-15,1,2026-08-11,628500.0,27
107602,Honda,City,2023,38682,B (Good),Kolkata,630500.0,616500.0,2026-06-20,1,2026-07-20,608300.0,30
107603,Hyundai,i20,2017,114635,B (Good),Delhi NCR,227200.0,211900.0,2026-07-05,1,2026-07-16,209300.0,11
107604,Kia,Sonet,2017,100715,B (Good),Chennai,297700.0,304700.0,2026-08-29,0,,,3
107605,Toyota,Innova,2021,49235,B (Good),Ahmedabad,918000.0,934200.0,2026-05-09,1,2026-06-16,899500.0,38
107606,Maruti Suzuki,Baleno,2021,45332,A (Excellent),Delhi NCR,373300.0,392600.0,2026-08-03,1,2026-08-29,380300.0,26
107607,Maruti Suzuki,Swift,2024,18502,B (Good),Chennai,432300.0,445500.0,2026-06-14,1,2026-07-24,427900.0,40
107608,Maruti Suzuki,WagonR,2022,47614,C (Fair),Chennai,255800.0,247200.0,2026-08-13,0,,,19
107609,Maruti Suzuki,Ertiga,2022,50201,B (Good),Hyderabad,472400.0,474900.0,2026-05-06,1,2026-06-01,463900.0,26
107610,Maruti Suzuki,WagonR,2019,79193,B (Good),Delhi NCR,207100.0,209600.0,2026-05-26,1,2026-06-17,198600.0,22
107611,Tata,Altroz,2022,59551,A (Excellent),Ahmedabad,417600.0,441800.0,2026-08-03,0,,,29
107612,Hyundai,Grand i10,2022,49815,B (Good),Hyderabad,302500.0,266300.0,2026-08-12,1,2026-08-21,256500.0,9
107613,Honda,Amaze,2020,78469,B (Good),Ahmedabad,303600.0,308200.0,2026-08-15,0,,,17
107614,Hyundai,Venue,2016,123958,B (Good),Delhi NCR,247400.0,220600.0,2026-07-14,1,2026-08-02,208800.0,19
107615,Hyundai,i20,2019,83489,B (Good),Hyderabad,284000.0,270000.0,2026-08-21,0,,,11
107616,Maruti Suzuki,Baleno,2016,133996,B (Good),Chennai,195700.0,225700.0,2026-05-18,1,2026-07-04,212900.0,47
107617,Honda,Amaze,2019,72040,B (Good),Kolkata,278200.0,241200.0,2026-07-26,1,2026-08-16,238400.0,21
107618,Tata,Punch,2022,52700,B (Good),Delhi NCR,376900.0,363700.0,2026-08-29,0,,,3
107619,Mahindra,XUV700,2017,100719,C (Fair),Hyderabad,552600.0,545300.0,2026-05-23,1,2026-06-23,519000.0,31
107620,Maruti Suzuki,Swift,2024,33546,B (Good),Bengaluru,425700.0,487500.0,2026-05-28,1,2026-06-21,462700.0,24
107621,Honda,WR-V,2020,70832,B (Good),Ahmedabad,398000.0,365300.0,2026-07-25,1,2026-08-28,343800.0,34
107622,Mahindra,XUV300,2019,70496,A (Excellent),Mumbai,401300.0,406500.0,2026-08-23,0,,,9
107623,Mahindra,XUV300,2022,53035,A (Excellent),Pune,542600.0,494500.0,2026-05-20,1,2026-06-06,472500.0,17
107624,Toyota,Fortuner,2023,43833,A (Excellent),Pune,2182300.0,2181500.0,2026-05-19,1,2026-06-23,2130800.0,35
107625,Tata,Altroz,2021,55888,C (Fair),Mumbai,317900.0,274300.0,2026-05-12,1,2026-05-25,259200.0,13
107626,Honda,Amaze,2020,82440,C (Fair),Delhi NCR,272100.0,302100.0,2026-06-06,1,2026-07-04,296500.0,28
107627,Mahindra,Bolero,2016,126184,B (Good),Mumbai,230300.0,245200.0,2026-07-01,1,2026-08-03,235300.0,33
107628,Honda,WR-V,2018,109048,A (Excellent),Bengaluru,341300.0,356600.0,2026-08-18,0,,,14
107629,Mahindra,XUV300,2024,28433,C (Fair),Mumbai,560200.0,491100.0,2026-07-25,1,2026-08-20,482200.0,26
107630,Hyundai,Grand i10,2022,55345,C (Fair),Bengaluru,270600.0,305700.0,2026-05-21,1,2026-06-26,288500.0,36
107631,Honda,WR-V,2018,90740,B (Good),Chennai,322500.0,308400.0,2026-06-08,1,2026-06-30,299200.0,22
107632,Maruti Suzuki,Swift,2024,27438,A (Excellent),Pune,462600.0,449500.0,2026-05-25,1,2026-06-25,441700.0,31
107633,Maruti Suzuki,WagonR,2021,56545,B (Good),Pune,256200.0,263400.0,2026-08-15,0,,,17
107634,Kia,Seltos,2017,113944,C (Fair),Bengaluru,379500.0,328500.0,2026-08-12,1,2026-08-28,314900.0,16
107635,Toyota,Glanza,2021,62699,C (Fair),Kolkata,330900.0,363600.0,2026-06-20,1,2026-08-08,347200.0,49
107636,Maruti Suzuki,WagonR,2017,100216,A (Excellent),Ahmedabad,181000.0,180000.0,2026-05-18,1,2026-06-11,177700.0,24
107637,Mahindra,XUV300,2022,33471,A (Excellent),Mumbai,553800.0,556100.0,2026-07-15,1,2026-08-07,533300.0,23
107638,Hyundai,Verna,2020,71687,A (Excellent),Ahmedabad,523000.0,573500.0,2026-07-17,1,2026-08-28,567300.0,42
107639,Hyundai,Venue,2022,53977,A (Excellent),Hyderabad,508200.0,564400.0,2026-08-12,0,,,20
107640,Maruti Suzuki,Dzire,2024,20800,B (Good),Kolkata,454800.0,466700.0,2026-07-20,1,2026-08-07,458800.0,18
107641,Hyundai,Verna,2020,70642,B (Good),Chennai,484800.0,467100.0,2026-05-18,1,2026-06-20,446700.0,33
107642,Maruti Suzuki,Dzire,2022,47561,B (Good),Mumbai,366300.0,344000.0,2026-08-08,0,,,24
107643,Honda,WR-V,2024,30322,B (Good),Chennai,605700.0,653400.0,2026-06-24,1,2026-08-08,620200.0,45
107644,Hyundai,Grand i10,2023,34529,B (Good),Bengaluru,337700.0,357600.0,2026-08-08,1,2026-08-29,341200.0,21
107645,Kia,Sonet,2024,20077,A (Excellent),Ahmedabad,678000.0,626400.0,2026-06-09,1,2026-07-06,600000.0,27
107646,Toyota,Glanza,2020,68540,A (Excellent),Pune,359100.0,360300.0,2026-08-14,0,,,18
107647,Maruti Suzuki,Swift,2023,36846,A (Excellent),Hyderabad,416900.0,400400.0,2026-07-05,1,2026-08-04,380300.0,30
107648,Tata,Punch,2019,70463,A (Excellent),Mumbai,301000.0,288100.0,2026-06-29,1,2026-07-07,275000.0,8
107649,Tata,Punch,2022,48444,C (Fair),Chennai,340700.0,327400.0,2026-07-06,1,2026-07-28,308400.0,22
107650,Tata,Nexon,2021,54088,A (Excellent),Pune,524000.0,545500.0,2026-07-19,1,2026-08-21,523100.0,33
107651,Maruti Suzuki,Dzire,2020,58720,B (Good),Kolkata,299800.0,321600.0,2026-06-17,1,2026-07-26,318000.0,39
107652,Tata,Nexon,2021,72444,B (Good),Delhi NCR,475800.0,533400.0,2026-06-19,1,2026-07-11,515100.0,22
107653,Mahindra,Bolero,2022,50344,A (Excellent),Kolkata,476100.0,448900.0,2026-05-13,1,2026-06-09,438800.0,27
107654,Tata,Harrier,2020,65860,A (Excellent),Ahmedabad,803300.0,768400.0,2026-06-12,1,2026-07-02,738300.0,20
107655,Maruti Suzuki,Swift,2017,107296,A (Excellent),Mumbai,219400.0,215700.0,2026-06-30,1,2026-08-10,205300.0,41
107656,Mahindra,Bolero,2023,32365,C (Fair),Chennai,444200.0,498300.0,2026-06-21,1,2026-08-04,474700.0,44
107657,Mahindra,XUV700,2016,113609,C (Fair),Pune,495700.0,567100.0,2026-06-23,1,2026-08-09,546500.0,47
107658,Hyundai,Grand i10,2022,53073,B (Good),Hyderabad,301400.0,308800.0,2026-08-06,0,,,26
107659,Maruti Suzuki,Dzire,2023,41648,B (Good),Hyderabad,405100.0,436700.0,2026-07-11,1,2026-08-15,424400.0,35
107660,Kia,Seltos,2019,83958,B (Good),Bengaluru,526400.0,575300.0,2026-07-11,1,2026-08-11,553400.0,31
107661,Maruti Suzuki,WagonR,2018,98052,B (Good),Ahmedabad,184600.0,192100.0,2026-08-29,0,,,3
107662,Maruti Suzuki,WagonR,2024,28884,B (Good),Bengaluru,350000.0,330500.0,2026-07-06,1,2026-07-30,325100.0,24
107663,Maruti Suzuki,Swift,2023,34773,B (Good),Ahmedabad,386900.0,400100.0,2026-06-12,1,2026-07-22,380300.0,40
107664,Honda,Amaze,2019,74979,A (Excellent),Kolkata,299500.0,302800.0,2026-05-16,1,2026-06-28,284800.0,43
107665,Tata,Tiago,2024,41574,B (Good),Chennai,368400.0,282800.0,2026-05-17,1,2026-06-05,280000.0,19
107666,Maruti Suzuki,Baleno,2024,18632,A (Excellent),Mumbai,509200.0,461600.0,2026-05-23,1,2026-06-05,454000.0,13
107667,Hyundai,Venue,2020,65113,A (Excellent),Hyderabad,415800.0,372800.0,2026-07-26,1,2026-08-16,356000.0,21
107668,Honda,WR-V,2021,58323,B (Good),Kolkata,443200.0,461600.0,2026-07-31,0,,,32
107669,Hyundai,Venue,2020,61245,A (Excellent),Hyderabad,417600.0,375000.0,2026-08-19,0,,,13
107670,Hyundai,Venue,2016,126378,B (Good),Kolkata,246700.0,235500.0,2026-06-26,1,2026-07-12,233000.0,16
107671,Hyundai,Grand i10,2024,30879,C (Fair),Kolkata,335300.0,297800.0,2026-07-10,1,2026-08-10,290800.0,31
107672,Tata,Harrier,2020,71479,C (Fair),Bengaluru,665400.0,726200.0,2026-08-05,1,2026-08-25,693700.0,20
107673,Hyundai,Grand i10,2019,82944,B (Good),Pune,220000.0,205100.0,2026-08-15,0,,,17
107674,Toyota,Innova,2022,49849,C (Fair),Chennai,907300.0,955600.0,2026-07-19,1,2026-08-20,919900.0,32
107675,Hyundai,i20,2021,53827,B (Good),Kolkata,354000.0,401200.0,2026-08-25,0,,,7
107676,Mahindra,XUV700,2020,63480,B (Good),Kolkata,848600.0,750500.0,2026-07-10,1,2026-07-30,719500.0,20
107677,Hyundai,Verna,2017,102416,B (Good),Kolkata,352900.0,363300.0,2026-07-18,0,,,45
107678,Honda,WR-V,2021,69577,C (Fair),Kolkata,394200.0,441000.0,2026-06-22,1,2026-08-10,417100.0,49
107679,Kia,Sonet,2024,22184,C (Fair),Chennai,563800.0,602500.0,2026-05-09,1,2026-06-07,573300.0,29
107680,Tata,Harrier,2021,57563,C (Fair),Pune,742200.0,773400.0,2026-07-26,1,2026-08-25,730600.0,30
107681,Honda,City,2020,65258,B (Good),Bengaluru,462000.0,436400.0,2026-08-13,0,,,19
107682,Honda,Jazz,2018,111736,C (Fair),Hyderabad,225400.0,225100.0,2026-07-26,1,2026-08-24,216300.0,29
107683,Honda,WR-V,2023,31399,B (Good),Delhi NCR,550600.0,442000.0,2026-05-16,1,2026-05-28,434500.0,12
107684,Maruti Suzuki,Swift,2021,59950,B (Good),Pune,312000.0,376100.0,2026-08-15,0,,,17
107685,Hyundai,Verna,2020,69638,A (Excellent),Delhi NCR,524200.0,455700.0,2026-05-09,1,2026-05-27,438900.0,18
107686,Honda,Amaze,2017,106770,B (Good),Bengaluru,221800.0,218900.0,2026-05-28,1,2026-06-29,210800.0,32
107687,Maruti Suzuki,Swift,2022,36410,B (Good),Delhi NCR,351400.0,385800.0,2026-08-31,0,,,1
107688,Kia,Carens,2017,127040,B (Good),Hyderabad,379300.0,386700.0,2026-05-18,1,2026-06-17,370200.0,30
107689,Hyundai,Grand i10,2023,32385,B (Good),Ahmedabad,338500.0,378700.0,2026-07-09,1,2026-08-26,372100.0,48
107690,Mahindra,XUV700,2020,72688,B (Good),Delhi NCR,840200.0,863000.0,2026-07-21,1,2026-08-27,828200.0,37
107691,Mahindra,XUV300,2023,16853,A (Excellent),Kolkata,619000.0,656200.0,2026-06-17,1,2026-07-24,633300.0,37
107692,Honda,Jazz,2018,102298,A (Excellent),Mumbai,273400.0,267900.0,2026-08-31,0,,,1
107693,Mahindra,XUV700,2023,35215,A (Excellent),Ahmedabad,1252900.0,1336900.0,2026-08-01,0,,,31
107694,Toyota,Fortuner,2023,46860,A (Excellent),Hyderabad,2175400.0,2396500.0,2026-06-16,1,2026-07-29,2282400.0,43
107695,Hyundai,Venue,2022,46669,A (Excellent),Delhi NCR,512100.0,533200.0,2026-06-04,1,2026-07-05,516900.0,31
107696,Maruti Suzuki,WagonR,2016,127877,A (Excellent),Delhi NCR,159600.0,129400.0,2026-05-13,1,2026-05-26,123300.0,13
107697,Honda,City,2023,43884,B (Good),Kolkata,627100.0,506300.0,2026-07-04,1,2026-07-29,487500.0,25
107698,Honda,Jazz,2018,103020,A (Excellent),Kolkata,273100.0,252400.0,2026-05-23,1,2026-06-18,247000.0,26
107699,Maruti Suzuki,Swift,2020,58095,C (Fair),Kolkata,256000.0,253700.0,2026-08-12,0,,,20
107700,Maruti Suzuki,WagonR,2020,63387,C (Fair),Pune,208300.0,230300.0,2026-06-06,1,2026-07-12,226200.0,36
107701,Tata,Tiago,2022,54013,B (Good),Chennai,301100.0,283400.0,2026-06-07,1,2026-07-08,267500.0,31
107702,Honda,City,2024,17748,B (Good),Hyderabad,707900.0,666700.0,2026-06-29,1,2026-07-07,650600.0,8
107703,Hyundai,i20,2024,24557,B (Good),Delhi NCR,484300.0,431000.0,2026-06-24,1,2026-07-03,420000.0,9
107704,Maruti Suzuki,Dzire,2021,53886,C (Fair),Ahmedabad,298000.0,319200.0,2026-05-15,1,2026-06-16,312200.0,32
107705,Tata,Nexon,2024,27755,A (Excellent),Chennai,714700.0,750900.0,2026-07-28,0,,,35
107706,Honda,Amaze,2023,42385,C (Fair),Ahmedabad,376800.0,347300.0,2026-06-06,1,2026-07-07,340000.0,31
107707,Tata,Harrier,2021,52427,B (Good),Ahmedabad,829100.0,844500.0,2026-07-18,1,2026-08-28,831500.0,41
107708,Mahindra,XUV700,2019,88207,A (Excellent),Kolkata,812000.0,860500.0,2026-05-25,1,2026-06-27,849200.0,33
107709,Maruti Suzuki,Ertiga,2021,63782,A (Excellent),Pune,457600.0,446400.0,2026-08-24,0,,,8
107710,Hyundai,Grand i10,2019,96422,B (Good),Bengaluru,216700.0,224000.0,2026-06-30,1,2026-07-20,212600.0,20
107711,Tata,Altroz,2022,41008,A (Excellent),Ahmedabad,425800.0,501400.0,2026-06-23,1,2026-08-04,489800.0,42
107712,Kia,Seltos,2019,77324,B (Good),Mumbai,530200.0,639500.0,2026-07-15,1,2026-08-13,607100.0,29
107713,Maruti Suzuki,Ertiga,2022,42624,B (Good),Ahmedabad,476200.0,487500.0,2026-07-15,1,2026-08-09,470600.0,25
107714,Maruti Suzuki,Baleno,2021,61336,B (Good),Hyderabad,339900.0,253100.0,2026-07-13,1,2026-07-23,247600.0,10
107715,Maruti Suzuki,Swift,2021,53691,B (Good),Bengaluru,314100.0,310900.0,2026-06-26,1,2026-07-04,305700.0,8
107716,Maruti Suzuki,Baleno,2019,80519,A (Excellent),Hyderabad,297700.0,272000.0,2026-07-08,1,2026-07-29,267400.0,21
107717,Maruti Suzuki,Dzire,2020,72272,B (Good),Mumbai,295500.0,287400.0,2026-08-09,0,,,23
107718,Mahindra,XUV700,2024,36092,B (Good),Hyderabad,1273600.0,1167800.0,2026-08-13,0,,,19
107719,Tata,Tiago,2020,68917,B (Good),Hyderabad,245400.0,270300.0,2026-07-06,1,2026-08-06,260300.0,31
107720,Kia,Seltos,2017,104895,B (Good),Kolkata,426000.0,487100.0,2026-06-04,1,2026-07-14,468600.0,40
107721,Mahindra,Bolero,2023,39325,B (Good),Pune,490000.0,467800.0,2026-08-30,0,,,2
107722,Maruti Suzuki,Ertiga,2020,64197,C (Fair),Bengaluru,346900.0,366200.0,2026-07-15,1,2026-08-04,352100.0,20
107723,Tata,Harrier,2017,108982,A (Excellent),Mumbai,577400.0,501500.0,2026-07-16,1,2026-08-06,487100.0,21
107724,Maruti Suzuki,WagonR,2024,26881,B (Good),Bengaluru,350700.0,358800.0,2026-08-07,1,2026-08-28,351800.0,21
107725,Honda,City,2023,25008,B (Good),Delhi NCR,639500.0,667800.0,2026-08-07,1,2026-08-31,650800.0,24
107726,Hyundai,Creta,2022,48174,B (Good),Pune,725900.0,754100.0,2026-07-21,1,2026-08-18,715400.0,28
107727,Tata,Nexon,2024,31372,B (Good),Hyderabad,659300.0,610900.0,2026-08-25,0,,,7
107728,Maruti Suzuki,Swift,2022,53591,B (Good),Mumbai,345200.0,356400.0,2026-05-23,1,2026-06-20,335900.0,28
107729,Hyundai,Creta,2019,87252,B (Good),Kolkata,524500.0,539400.0,2026-07-26,0,,,37
107730,Kia,Seltos,2021,61492,B (Good),Bengaluru,651300.0,626900.0,2026-06-08,1,2026-07-01,596800.0,23
107731,Honda,City,2023,35910,C (Fair),Chennai,569100.0,592000.0,2026-06-06,1,2026-07-14,582900.0,38
107732,Kia,Seltos,2024,20147,B (Good),Kolkata,902400.0,871200.0,2026-05-15,1,2026-06-17,837500.0,33
107733,Mahindra,XUV700,2019,92899,A (Excellent),Delhi NCR,807800.0,833300.0,2026-07-11,1,2026-08-02,804700.0,22
107734,Tata,Punch,2023,42423,B (Good),Hyderabad,418700.0,409600.0,2026-07-03,1,2026-08-07,397700.0,35
107735,Tata,Punch,2022,54911,C (Fair),Chennai,338400.0,310300.0,2026-06-14,1,2026-07-08,296700.0,24
107736,Maruti Suzuki,WagonR,2019,84425,B (Good),Chennai,205900.0,198800.0,2026-05-10,1,2026-06-09,192400.0,30
107737,Toyota,Fortuner,2017,99603,B (Good),Chennai,1080600.0,1104900.0,2026-05-29,1,2026-06-23,1091000.0,25
107738,Honda,WR-V,2021,57224,B (Good),Bengaluru,443800.0,428200.0,2026-05-30,1,2026-06-22,402600.0,23
107739,Maruti Suzuki,Baleno,2023,36744,B (Good),Kolkata,421200.0,465000.0,2026-05-25,1,2026-07-05,457900.0,41
107740,Mahindra,XUV700,2022,50365,B (Good),Kolkata,1039100.0,1165100.0,2026-06-09,1,2026-07-12,1134300.0,33
107741,Tata,Harrier,2016,120966,A (Excellent),Kolkata,518400.0,470600.0,2026-08-14,0,,,18
107742,Tata,Punch,2018,107790,B (Good),Delhi NCR,243400.0,289700.0,2026-06-24,1,2026-07-20,285200.0,26
107743,Maruti Suzuki,Ertiga,2017,103751,C (Fair),Bengaluru,250300.0,238100.0,2026-06-02,1,2026-07-02,229500.0,30
107744,Hyundai,i20,2020,78118,A (Excellent),Ahmedabad,339000.0,354700.0,2026-08-31,0,,,1
107745,Hyundai,Verna,2023,34900,B (Good),Chennai,668100.0,794900.0,2026-07-09,1,2026-08-22,764400.0,44
107746,Kia,Sonet,2020,76560,A (Excellent),Kolkata,438100.0,430200.0,2026-08-05,1,2026-08-29,421400.0,24
107747,Mahindra,XUV300,2023,16462,B (Good),Bengaluru,573400.0,582900.0,2026-07-31,1,2026-08-23,568300.0,23
107748,Maruti Suzuki,Ertiga,2024,22131,C (Fair),Bengaluru,528600.0,490300.0,2026-08-23,0,,,9
107749,Toyota,Glanza,2017,97739,B (Good),Bengaluru,242700.0,242000.0,2026-05-10,1,2026-05-29,234000.0,19
107750,Hyundai,Venue,2019,96514,B (Good),Bengaluru,338600.0,309000.0,2026-08-02,1,2026-08-21,296600.0,19
107751,Mahindra,Bolero,2024,20564,B (Good),Hyderabad,549000.0,537400.0,2026-07-05,1,2026-08-06,507500.0,32
107752,Honda,Amaze,2023,41047,C (Fair),Pune,377400.0,374300.0,2026-08-28,0,,,4
107753,Kia,Seltos,2021,65151,A (Excellent),Kolkata,700700.0,837200.0,2026-07-20,0,,,43
107754,Tata,Punch,2023,24469,A (Excellent),Bengaluru,460700.0,431100.0,2026-07-22,1,2026-08-06,420700.0,15
107755,Hyundai,Creta,2021,78591,B (Good),Chennai,639400.0,714000.0,2026-05-07,1,2026-06-10,696700.0,34
107756,Hyundai,Venue,2021,55283,B (Good),Ahmedabad,427600.0,402000.0,2026-05-15,1,2026-06-08,381000.0,24
107757,Tata,Harrier,2024,21794,B (Good),Bengaluru,1135900.0,1272100.0,2026-08-10,0,,,22
107758,Maruti Suzuki,WagonR,2017,104050,A (Excellent),Mumbai,180200.0,181400.0,2026-08-22,0,,,10
107759,Mahindra,XUV300,2021,65022,B (Good),Delhi NCR,451400.0,459100.0,2026-08-22,0,,,10
107760,Mahindra,XUV300,2019,89924,A (Excellent),Delhi NCR,392900.0,432700.0,2026-06-11,1,2026-07-06,418700.0,25
107761,Tata,Nexon,2023,41580,A (Excellent),Kolkata,641200.0,654900.0,2026-07-05,1,2026-08-11,643000.0,37
107762,Tata,Harrier,2021,62925,C (Fair),Ahmedabad,738000.0,718600.0,2026-05-18,1,2026-06-26,690100.0,39
107763,Hyundai,Grand i10,2023,37801,A (Excellent),Pune,363500.0,353900.0,2026-06-16,1,2026-07-27,345100.0,41
107764,Kia,Sonet,2023,40488,B (Good),Kolkata,559400.0,567600.0,2026-08-18,0,,,14
107765,Toyota,Fortuner,2022,39150,A (Excellent),Ahmedabad,1995600.0,2279800.0,2026-05-30,1,2026-07-14,2201100.0,45
107766,Hyundai,Verna,2021,53300,B (Good),Chennai,542700.0,581800.0,2026-05-11,1,2026-06-14,560500.0,34
107767,Tata,Punch,2022,48334,A (Excellent),Bengaluru,408900.0,441600.0,2026-07-01,1,2026-07-25,432400.0,24
107768,Kia,Sonet,2019,80727,A (Excellent),Pune,396900.0,420500.0,2026-05-27,1,2026-06-30,401600.0,34
107769,Toyota,Fortuner,2023,34017,B (Good),Bengaluru,2041400.0,2003600.0,2026-08-18,0,,,14
107770,Toyota,Fortuner,2023,37635,B (Good),Delhi NCR,2033800.0,1930000.0,2026-08-02,1,2026-08-31,1845500.0,29
107771,Toyota,Glanza,2016,118526,C (Fair),Mumbai,194200.0,212200.0,2026-08-17,0,,,15
107772,Tata,Harrier,2022,48729,A (Excellent),Chennai,987900.0,1104800.0,2026-06-01,1,2026-07-16,1083200.0,45
107773,Maruti Suzuki,Ertiga,2024,24742,B (Good),Mumbai,585700.0,599500.0,2026-06-06,1,2026-06-27,569500.0,21
107774,Maruti Suzuki,Baleno,2021,72903,B (Good),Delhi NCR,335700.0,357100.0,2026-05-22,1,2026-06-10,336200.0,19
107775,Honda,Jazz,2022,49817,B (Good),Kolkata,390700.0,375200.0,2026-08-20,0,,,12
107776,Mahindra,Scorpio,2023,36188,B (Good),Delhi NCR,877900.0,867400.0,2026-07-28,1,2026-08-11,828900.0,14
107777,Maruti Suzuki,Dzire,2020,65329,A (Excellent),Chennai,321500.0,359200.0,2026-06-22,1,2026-07-30,348400.0,38
107778,Maruti Suzuki,Baleno,2020,72974,B (Good),Delhi NCR,305400.0,331600.0,2026-08-22,0,,,10
107779,Maruti Suzuki,WagonR,2023,52964,B (Good),Mumbai,310600.0,303300.0,2026-08-28,0,,,4
107780,Hyundai,Grand i10,2019,88269,B (Good),Delhi NCR,218700.0,204900.0,2026-06-09,1,2026-06-20,202600.0,11
107781,Hyundai,Verna,2024,25016,C (Fair),Chennai,667600.0,771500.0,2026-06-19,1,2026-07-30,749400.0,41
107782,Hyundai,Verna,2016,112189,B (Good),Pune,317600.0,261600.0,2026-07-14,1,2026-07-17,254200.0,3
107783,Mahindra,Bolero,2022,41743,B (Good),Chennai,444800.0,430300.0,2026-05-27,1,2026-06-24,421600.0,28
107784,Honda,Jazz,2023,31534,B (Good),Delhi NCR,437600.0,469300.0,2026-08-29,0,,,3
107785,Hyundai,i20,2021,50880,A (Excellent),Chennai,383500.0,382900.0,2026-08-12,0,,,20
107786,Hyundai,Verna,2019,83140,B (Good),Chennai,435300.0,454100.0,2026-06-20,1,2026-07-14,443800.0,24
107787,Hyundai,Creta,2022,59977,B (Good),Pune,716900.0,741000.0,2026-08-26,0,,,6
107788,Honda,Amaze,2020,74490,C (Fair),Kolkata,274500.0,309400.0,2026-08-20,0,,,12
107789,Hyundai,Verna,2024,15427,A (Excellent),Mumbai,808900.0,707600.0,2026-08-31,0,,,1
107790,Hyundai,Creta,2020,72984,B (Good),Pune,585400.0,527100.0,2026-05-11,1,2026-05-27,501800.0,16
107791,Maruti Suzuki,WagonR,2021,56853,B (Good),Hyderabad,256100.0,269500.0,2026-05-28,1,2026-06-25,266300.0,28
107792,Tata,Nexon,2023,48154,A (Excellent),Bengaluru,636800.0,680700.0,2026-07-08,1,2026-08-06,650500.0,29
107793,Kia,Carens,2021,67458,A (Excellent),Delhi NCR,638200.0,560600.0,2026-07-20,1,2026-08-06,532600.0,17
107794,Maruti Suzuki,Dzire,2019,90615,B (Good),Chennai,263600.0,237200.0,2026-05-09,1,2026-05-28,223900.0,19
107795,Hyundai,Grand i10,2024,19982,A (Excellent),Ahmedabad,406800.0,402300.0,2026-05-15,1,2026-06-07,380500.0,23
107796,Kia,Carens,2021,61084,B (Good),Ahmedabad,594900.0,586200.0,2026-05-14,1,2026-06-20,555600.0,37
107797,Maruti Suzuki,WagonR,2021,52835,B (Good),Hyderabad,257200.0,245900.0,2026-08-01,1,2026-08-25,233900.0,24
107798,Maruti Suzuki,Baleno,2020,68365,A (Excellent),Delhi NCR,331500.0,380600.0,2026-06-17,1,2026-07-23,368700.0,36
107799,Tata,Nexon,2017,104860,B (Good),Hyderabad,314900.0,326400.0,2026-07-09,1,2026-08-14,314200.0,36
107800,Tata,Harrier,2018,106850,B (Good),Hyderabad,588900.0,596100.0,2026-06-13,1,2026-07-12,573900.0,29
107801,Hyundai,Creta,2024,30041,A (Excellent),Pune,964700.0,900300.0,2026-06-08,1,2026-07-01,870100.0,23
107802,Maruti Suzuki,Ertiga,2024,18804,B (Good),Pune,589300.0,575800.0,2026-06-14,1,2026-07-08,562700.0,24
107803,Maruti Suzuki,Swift,2023,37214,B (Good),Hyderabad,385900.0,408100.0,2026-05-13,1,2026-06-08,399700.0,26
107804,Hyundai,Grand i10,2019,82909,A (Excellent),Pune,237600.0,239400.0,2026-08-20,0,,,12
107805,Tata,Nexon,2023,39906,C (Fair),Delhi NCR,535200.0,586500.0,2026-06-27,1,2026-07-23,572000.0,26
107806,Maruti Suzuki,Ertiga,2017,105237,A (Excellent),Ahmedabad,299900.0,351600.0,2026-06-26,1,2026-08-08,335200.0,43
107807,Maruti Suzuki,Swift,2021,70629,A (Excellent),Mumbai,333100.0,343200.0,2026-07-06,1,2026-07-29,323000.0,23
107808,Kia,Seltos,2024,40711,A (Excellent),Bengaluru,954100.0,1023000.0,2026-08-21,0,,,11
107809,Maruti Suzuki,Dzire,2023,28738,B (Good),Pune,410500.0,397600.0,2026-06-09,1,2026-06-29,392500.0,20
107810,Tata,Altroz,2021,61543,B (Good),Bengaluru,351100.0,433500.0,2026-08-21,0,,,11
107811,Maruti Suzuki,Baleno,2019,82893,B (Good),Hyderabad,275000.0,280300.0,2026-06-16,1,2026-07-12,266500.0,26
107812,Honda,Jazz,2019,89182,A (Excellent),Pune,304800.0,314700.0,2026-08-26,0,,,6
107813,Maruti Suzuki,WagonR,2022,47735,C (Fair),Mumbai,255800.0,220700.0,2026-07-09,1,2026-08-06,209000.0,28
107814,Hyundai,Verna,2018,89051,C (Fair),Bengaluru,354200.0,356000.0,2026-08-14,0,,,18
107815,Honda,City,2016,127105,B (Good),Ahmedabad,295800.0,307600.0,2026-05-18,1,2026-06-21,291000.0,34
107816,Honda,Jazz,2022,53591,A (Excellent),Delhi NCR,420200.0,450500.0,2026-08-16,0,,,16
107817,Hyundai,Grand i10,2024,27460,B (Good),Ahmedabad,373800.0,333000.0,2026-06-11,1,2026-07-11,317100.0,30
107818,Toyota,Glanza,2017,99013,B (Good),Mumbai,242400.0,241300.0,2026-07-02,1,2026-07-25,234100.0,23
107819,Toyota,Innova,2022,55103,A (Excellent),Delhi NCR,1082800.0,1125800.0,2026-06-27,1,2026-07-15,1074600.0,18
107820,Tata,Altroz,2022,33883,B (Good),Delhi NCR,397200.0,392200.0,2026-06-03,1,2026-06-30,381200.0,27
107821,Maruti Suzuki,WagonR,2023,41608,C (Fair),Hyderabad,282900.0,245500.0,2026-06-14,1,2026-06-27,230900.0,13
107822,Hyundai,Venue,2017,106604,A (Excellent),Delhi NCR,299500.0,351300.0,2026-06-28,1,2026-08-02,346900.0,35
107823,Maruti Suzuki,Swift,2023,45649,B (Good),Hyderabad,382500.0,417000.0,2026-05-19,1,2026-06-20,406300.0,32
107824,Honda,Jazz,2024,13514,B (Good),Kolkata,489800.0,483600.0,2026-07-04,1,2026-07-30,470000.0,26
107825,Hyundai,Grand i10,2021,62269,B (Good),Hyderabad,271600.0,300600.0,2026-05-05,1,2026-06-04,296800.0,30
107826,Maruti Suzuki,Baleno,2020,84051,A (Excellent),Bengaluru,325900.0,370600.0,2026-06-23,1,2026-07-17,364400.0,24
107827,Maruti Suzuki,WagonR,2018,96033,B (Good),Bengaluru,185000.0,176700.0,2026-08-11,0,,,21
107828,Maruti Suzuki,Ertiga,2023,37203,B (Good),Mumbai,526200.0,476500.0,2026-05-21,1,2026-06-19,463900.0,29
107829,Honda,WR-V,2017,115685,A (Excellent),Ahmedabad,308300.0,362900.0,2026-07-28,0,,,35
107830,Honda,Jazz,2021,61669,B (Good),Hyderabad,351100.0,422100.0,2026-08-08,0,,,24
107831,Kia,Seltos,2022,49977,A (Excellent),Kolkata,782500.0,747200.0,2026-08-27,0,,,5
107832,Tata,Harrier,2022,41372,A (Excellent),Delhi NCR,995500.0,977500.0,2026-06-16,1,2026-07-05,929100.0,19
107833,Mahindra,Scorpio,2019,83477,B (Good),Chennai,572500.0,596800.0,2026-07-31,0,,,32
107834,Mahindra,Bolero,2024,30248,A (Excellent),Chennai,587100.0,519000.0,2026-06-10,1,2026-06-30,512800.0,20
107835,Maruti Suzuki,Dzire,2016,110726,A (Excellent),Hyderabad,209800.0,209300.0,2026-06-15,1,2026-07-11,199800.0,26
107836,Hyundai,Creta,2021,61163,B (Good),Chennai,651500.0,706400.0,2026-06-12,1,2026-07-22,672000.0,40
107837,Hyundai,Verna,2023,44405,B (Good),Chennai,661600.0,645200.0,2026-07-21,1,2026-08-07,636000.0,17
107838,Honda,Jazz,2021,64211,A (Excellent),Delhi NCR,378100.0,405700.0,2026-07-27,1,2026-08-28,387300.0,32
107839,Kia,Sonet,2024,20289,A (Excellent),Ahmedabad,677900.0,603300.0,2026-08-21,0,,,11
107840,Hyundai,Venue,2021,53152,B (Good),Mumbai,428500.0,418600.0,2026-05-23,1,2026-06-17,400800.0,25
107841,Maruti Suzuki,Baleno,2023,37876,C (Fair),Mumbai,378600.0,385600.0,2026-06-25,1,2026-07-19,375000.0,24
107842,Maruti Suzuki,WagonR,2020,68283,B (Good),Mumbai,230200.0,240000.0,2026-05-05,1,2026-06-01,231300.0,27
107843,Kia,Seltos,2017,106951,B (Good),Delhi NCR,425000.0,450200.0,2026-08-05,0,,,27
107844,Toyota,Glanza,2022,50366,B (Good),Pune,409300.0,396100.0,2026-07-29,1,2026-08-23,375600.0,25
107845,Toyota,Glanza,2019,82490,B (Good),Pune,298000.0,271100.0,2026-06-24,1,2026-07-10,267000.0,16
107846,Mahindra,Scorpio,2024,26301,A (Excellent),Chennai,1052600.0,1193900.0,2026-07-09,1,2026-08-28,1147000.0,50
107847,Kia,Sonet,2021,73178,C (Fair),Kolkata,402700.0,378800.0,2026-08-04,0,,,28
107848,Maruti Suzuki,Ertiga,2023,26618,C (Fair),Pune,478800.0,476300.0,2026-07-27,1,2026-08-21,452100.0,25
107849,Mahindra,Bolero,2021,56380,B (Good),Hyderabad,398600.0,377100.0,2026-06-22,1,2026-07-13,367000.0,21
107850,Hyundai,Verna,2023,37730,A (Excellent),Delhi NCR,719500.0,765700.0,2026-05-06,1,2026-06-05,733500.0,30
107851,Hyundai,Grand i10,2023,31556,C (Fair),Kolkata,304900.0,339600.0,2026-05-14,1,2026-06-28,328000.0,45
107852,Toyota,Glanza,2018,106279,A (Excellent),Hyderabad,285300.0,255500.0,2026-07-17,1,2026-08-11,241800.0,25
107853,Mahindra,XUV700,2023,27800,C (Fair),Pune,1052100.0,956800.0,2026-08-08,0,,,24
107854,Maruti Suzuki,Dzire,2023,30011,A (Excellent),Pune,442800.0,425200.0,2026-06-11,1,2026-07-12,408900.0,31
107855,Tata,Altroz,2019,97530,A (Excellent),Kolkata,302000.0,273800.0,2026-08-26,0,,,6
107856,Hyundai,i20,2024,21860,B (Good),Kolkata,485600.0,485600.0,2026-06-26,1,2026-08-02,469800.0,37
107857,Hyundai,i20,2024,20159,B (Good),Hyderabad,486500.0,417100.0,2026-05-22,1,2026-06-17,403900.0,26
107858,Mahindra,XUV700,2022,47806,A (Excellent),Bengaluru,1125200.0,1247100.0,2026-05-28,1,2026-06-18,1188500.0,21
107859,Honda,Amaze,2019,67666,A (Excellent),Bengaluru,301900.0,297400.0,2026-06-07,1,2026-07-05,294400.0,28
107860,Hyundai,i20,2017,92034,B (Good),Bengaluru,233000.0,244000.0,2026-07-11,1,2026-08-14,235200.0,34
107861,Mahindra,XUV300,2024,21653,A (Excellent),Mumbai,676900.0,758400.0,2026-05-05,1,2026-05-21,739300.0,16
107862,Maruti Suzuki,WagonR,2022,52388,B (Good),Kolkata,282800.0,276700.0,2026-05-29,1,2026-07-02,264000.0,34
107863,Tata,Punch,2023,37767,B (Good),Kolkata,420700.0,379400.0,2026-08-23,0,,,9
107864,Maruti Suzuki,Baleno,2024,24413,B (Good),Bengaluru,468800.0,451900.0,2026-07-06,1,2026-07-30,441100.0,24
107865,Maruti Suzuki,Baleno,2024,38558,B (Good),Chennai,462000.0,416100.0,2026-07-25,1,2026-08-17,393500.0,23
107866,Maruti Suzuki,WagonR,2019,95368,C (Fair),Hyderabad,183100.0,189800.0,2026-05-16,1,2026-06-22,179300.0,37
107867,Hyundai,Verna,2022,57654,B (Good),Bengaluru,593700.0,611100.0,2026-07-31,1,2026-08-29,575800.0,29
107868,Tata,Harrier,2020,60423,B (Good),Bengaluru,748200.0,705700.0,2026-06-02,1,2026-06-23,690900.0,21
107869,Honda,City,2016,115426,C (Fair),Chennai,269800.0,272500.0,2026-08-23,0,,,9
107870,Tata,Tiago,2021,58179,A (Excellent),Chennai,294600.0,311600.0,2026-06-01,1,2026-06-28,302000.0,27
107871,Maruti Suzuki,WagonR,2019,96607,A (Excellent),Chennai,219400.0,252600.0,2026-08-09,0,,,23
107872,Toyota,Glanza,2019,81513,B (Good),Delhi NCR,298300.0,336100.0,2026-06-14,1,2026-07-29,327000.0,45
107873,Tata,Punch,2021,55390,B (Good),Chennai,342000.0,356600.0,2026-06-08,1,2026-07-18,351400.0,40
107874,Honda,Jazz,2019,81717,C (Fair),Ahmedabad,256100.0,251000.0,2026-08-09,0,,,23
107875,Hyundai,Venue,2020,65183,A (Excellent),Hyderabad,415800.0,492000.0,2026-08-07,0,,,25
107876,Honda,WR-V,2022,47115,A (Excellent),Bengaluru,532300.0,468900.0,2026-08-02,1,2026-08-12,453100.0,10
107877,Hyundai,Venue,2017,111815,B (Good),Delhi NCR,275700.0,242400.0,2026-07-03,1,2026-07-22,235600.0,19
107878,Hyundai,Grand i10,2019,82745,B (Good),Kolkata,220000.0,195700.0,2026-06-05,1,2026-06-20,184700.0,15
107879,Mahindra,Scorpio,2021,63842,A (Excellent),Bengaluru,762700.0,769300.0,2026-08-04,1,2026-08-27,730500.0,23
107880,Tata,Harrier,2022,31609,A (Excellent),Bengaluru,1005700.0,940900.0,2026-05-19,1,2026-05-30,887800.0,11
107881,Honda,City,2019,85171,C (Fair),Pune,370300.0,377300.0,2026-06-18,1,2026-07-08,371400.0,20
107882,Maruti Suzuki,Ertiga,2022,56994,A (Excellent),Ahmedabad,506500.0,525900.0,2026-07-01,1,2026-08-04,518000.0,34
107883,Maruti Suzuki,Dzire,2024,36492,B (Good),Chennai,447500.0,400400.0,2026-06-13,1,2026-07-22,386100.0,39
107884,Mahindra,Scorpio,2021,59207,A (Excellent),Ahmedabad,766400.0,782300.0,2026-06-10,1,2026-07-09,743700.0,29
107885,Maruti Suzuki,Dzire,2024,6202,B (Good),Kolkata,461600.0,484500.0,2026-07-05,1,2026-08-03,464200.0,29
107886,Tata,Nexon,2020,78697,B (Good),Kolkata,430000.0,480300.0,2026-08-08,0,,,24
107887,Mahindra,XUV300,2018,89411,A (Excellent),Pune,357800.0,316500.0,2026-05-30,1,2026-06-18,310600.0,19
107888,Honda,Amaze,2018,98121,B (Good),Mumbai,246100.0,259200.0,2026-05-18,1,2026-06-20,256600.0,33
107889,Tata,Altroz,2022,38944,C (Fair),Delhi NCR,355600.0,334900.0,2026-07-14,1,2026-08-01,322600.0,18
107890,Toyota,Fortuner,2023,30859,A (Excellent),Ahmedabad,2211900.0,2015400.0,2026-05-08,1,2026-06-04,1897400.0,27
107891,Toyota,Innova,2022,41629,C (Fair),Mumbai,915200.0,958600.0,2026-08-21,0,,,11
107892,Hyundai,Verna,2022,52317,C (Fair),Mumbai,537300.0,518500.0,2026-08-19,0,,,13
107893,Mahindra,Scorpio,2022,61061,C (Fair),Kolkata,700500.0,624200.0,2026-05-19,1,2026-06-10,601200.0,22
107894,Honda,City,2023,31636,C (Fair),Mumbai,571600.0,650300.0,2026-05-09,1,2026-06-14,615500.0,36
107895,Hyundai,Creta,2022,62539,A (Excellent),Pune,772100.0,730800.0,2026-08-11,0,,,21
107896,Tata,Tiago,2021,56058,C (Fair),Kolkata,246100.0,235900.0,2026-05-20,1,2026-06-19,228600.0,30
107897,Tata,Nexon,2017,113586,A (Excellent),Delhi NCR,336700.0,349200.0,2026-05-13,1,2026-06-11,341100.0,29
107898,Mahindra,XUV300,2024,22829,B (Good),Pune,626000.0,592300.0,2026-07-04,1,2026-08-02,564400.0,29
107899,Toyota,Innova,2024,19137,B (Good),Chennai,1256800.0,1202600.0,2026-07-13,1,2026-08-04,1156500.0,22
107900,Hyundai,Verna,2022,41521,B (Good),Delhi NCR,603800.0,664300.0,2026-06-09,1,2026-07-15,653700.0,36
107901,Tata,Nexon,2019,83074,C (Fair),Bengaluru,350500.0,336700.0,2026-05-19,1,2026-06-20,331000.0,32
107902,Toyota,Innova,2024,25133,A (Excellent),Delhi NCR,1349000.0,1530300.0,2026-08-31,0,,,1
107903,Toyota,Fortuner,2019,88904,B (Good),Ahmedabad,1320400.0,1304000.0,2026-08-19,0,,,13
107904,Hyundai,i20,2024,9929,C (Fair),Chennai,442400.0,409200.0,2026-06-17,1,2026-07-08,385000.0,21
107905,Tata,Tiago,2023,29298,B (Good),Kolkata,339500.0,308400.0,2026-06-27,1,2026-07-28,293200.0,31
107906,Hyundai,i20,2024,30410,B (Good),Kolkata,481400.0,529900.0,2026-05-14,1,2026-06-23,516700.0,40
107907,Maruti Suzuki,WagonR,2024,14396,B (Good),Hyderabad,355200.0,385700.0,2026-08-24,0,,,8
107908,Kia,Carens,2020,75284,C (Fair),Pune,479900.0,462500.0,2026-07-06,1,2026-07-26,439600.0,20
107909,Hyundai,Creta,2018,91944,C (Fair),Bengaluru,427400.0,538500.0,2026-07-16,1,2026-08-20,510100.0,35
107910,Honda,WR-V,2018,108222,B (Good),Ahmedabad,316300.0,305200.0,2026-06-13,1,2026-07-14,298000.0,31
107911,Kia,Carens,2024,22808,C (Fair),Ahmedabad,739500.0,657900.0,2026-07-17,1,2026-08-08,650600.0,22
107912,Tata,Tiago,2024,17484,B (Good),Mumbai,377700.0,369800.0,2026-08-04,1,2026-08-31,353800.0,27
107913,Hyundai,i20,2024,27993,B (Good),Pune,482600.0,427200.0,2026-05-05,1,2026-06-03,403900.0,29
107914,Tata,Nexon,2016,120592,B (Good),Ahmedabad,281500.0,294300.0,2026-05-18,1,2026-06-20,289200.0,33
107915,Tata,Tiago,2022,51262,B (Good),Delhi NCR,302000.0,314000.0,2026-05-24,1,2026-06-17,295500.0,24
107916,Maruti Suzuki,WagonR,2016,115571,B (Good),Kolkata,149900.0,157400.0,2026-06-20,1,2026-07-29,149700.0,39
107917,Tata,Punch,2020,76023,A (Excellent),Hyderabad,328800.0,372900.0,2026-05-17,1,2026-06-18,357200.0,32
107918,Honda,Jazz,2017,111900,B (Good),Pune,227900.0,256100.0,2026-08-25,0,,,7
107919,Toyota,Glanza,2021,68900,B (Good),Hyderabad,365200.0,398800.0,2026-07-12,1,2026-08-08,386600.0,27
107920,Tata,Altroz,2023,27248,B (Good),Delhi NCR,439500.0,433400.0,2026-08-19,0,,,13
107921,Maruti Suzuki,Baleno,2020,76258,C (Fair),Ahmedabad,273900.0,336900.0,2026-05-09,1,2026-06-23,332100.0,45
107922,Maruti Suzuki,Baleno,2017,101837,B (Good),Chennai,223000.0,226000.0,2026-05-07,1,2026-06-08,219300.0,32
107923,Maruti Suzuki,Dzire,2023,46567,A (Excellent),Ahmedabad,435200.0,418700.0,2026-06-09,1,2026-07-03,409500.0,24
107924,Kia,Carens,2016,119972,C (Fair),Chennai,313200.0,332500.0,2026-06-09,1,2026-07-17,327200.0,38
107925,Kia,Sonet,2018,94144,B (Good),Kolkata,329600.0,293900.0,2026-07-30,1,2026-08-30,287400.0,31
107926,Hyundai,Creta,2020,78904,A (Excellent),Hyderabad,628200.0,588400.0,2026-07-23,1,2026-08-13,574700.0,21
107927,Hyundai,Venue,2021,54298,A (Excellent),Kolkata,462300.0,452400.0,2026-07-11,1,2026-08-09,445400.0,29
107928,Hyundai,Venue,2024,27236,A (Excellent),Mumbai,631000.0,601200.0,2026-08-17,0,,,15
107929,Honda,City,2020,81765,A (Excellent),Chennai,490100.0,467700.0,2026-06-17,1,2026-07-18,448500.0,31
107930,Maruti Suzuki,Swift,2023,29448,C (Fair),Delhi NCR,350100.0,350300.0,2026-05-23,1,2026-06-14,344500.0,22
107931,Toyota,Glanza,2024,21776,C (Fair),Hyderabad,458300.0,401900.0,2026-08-29,0,,,3
107932,Honda,Jazz,2018,92247,C (Fair),Kolkata,230300.0,240600.0,2026-06-02,1,2026-07-16,233000.0,44
107933,Kia,Carens,2021,65519,A (Excellent),Hyderabad,639500.0,683100.0,2026-06-28,1,2026-08-01,671900.0,34
107934,Toyota,Fortuner,2023,28873,B (Good),Hyderabad,2052300.0,1892500.0,2026-07-08,1,2026-07-15,1798700.0,7
107935,Honda,City,2023,46571,A (Excellent),Hyderabad,675300.0,727000.0,2026-08-24,0,,,8
107936,Honda,City,2024,27342,B (Good),Hyderabad,701000.0,716400.0,2026-07-18,1,2026-08-09,696300.0,22
107937,Hyundai,Grand i10,2024,18949,B (Good),Delhi NCR,377100.0,381900.0,2026-06-02,1,2026-06-30,374700.0,28
107938,Honda,Amaze,2023,49898,B (Good),Mumbai,415400.0,504000.0,2026-05-14,1,2026-06-18,487400.0,35
107939,Hyundai,Verna,2023,32455,B (Good),Delhi NCR,669800.0,603400.0,2026-08-03,1,2026-08-21,589400.0,18
107940,Kia,Seltos,2021,61323,A (Excellent),Hyderabad,703500.0,704300.0,2026-08-01,1,2026-08-21,682800.0,20
107941,Honda,Jazz,2019,91569,A (Excellent),Mumbai,304000.0,298200.0,2026-06-29,1,2026-07-19,290100.0,20
107942,Hyundai,Venue,2022,43484,B (Good),Mumbai,475700.0,509500.0,2026-06-05,1,2026-07-06,482400.0,31
107943,Maruti Suzuki,Baleno,2021,56320,B (Good),Chennai,341700.0,328000.0,2026-07-26,1,2026-08-13,324500.0,18
107944,Maruti Suzuki,Baleno,2018,98607,B (Good),Delhi NCR,245900.0,260500.0,2026-06-11,1,2026-07-15,257400.0,34
107945,Tata,Nexon,2022,51197,C (Fair),Chennai,481300.0,541100.0,2026-07-02,1,2026-08-20,515400.0,49
107946,Tata,Tiago,2020,73955,C (Fair),Chennai,219700.0,210600.0,2026-06-22,1,2026-07-17,198800.0,25
107947,Toyota,Fortuner,2021,67371,C (Fair),Ahmedabad,1468900.0,1537700.0,2026-08-02,0,,,30
107948,Mahindra,XUV700,2022,50504,C (Fair),Mumbai,935000.0,993000.0,2026-06-15,1,2026-07-08,964400.0,23
107949,Hyundai,Grand i10,2018,98964,A (Excellent),Ahmedabad,212400.0,209500.0,2026-06-08,1,2026-07-11,205400.0,33
107950,Hyundai,i20,2020,71436,B (Good),Bengaluru,316100.0,299700.0,2026-07-14,1,2026-07-23,287600.0,9
107951,Maruti Suzuki,Ertiga,2024,24532,A (Excellent),Kolkata,632700.0,636000.0,2026-06-07,1,2026-07-08,616500.0,31
107952,Honda,WR-V,2018,102259,A (Excellent),Ahmedabad,343900.0,357100.0,2026-05-13,1,2026-06-05,341500.0,23
107953,Honda,Amaze,2020,55424,A (Excellent),Ahmedabad,336100.0,314300.0,2026-07-24,1,2026-08-25,300300.0,32
107954,Maruti Suzuki,Swift,2020,62885,A (Excellent),Bengaluru,305700.0,293700.0,2026-05-28,1,2026-06-10,289600.0,13
107955,Hyundai,Verna,2020,76382,A (Excellent),Ahmedabad,520400.0,467100.0,2026-08-22,0,,,10
107956,Kia,Carens,2016,128292,A (Excellent),Kolkata,372300.0,337600.0,2026-05-28,1,2026-07-10,331000.0,43
107957,Kia,Sonet,2023,23508,C (Fair),Bengaluru,512300.0,466200.0,2026-05-06,1,2026-06-01,457800.0,26
107958,Tata,Harrier,2021,56278,A (Excellent),Ahmedabad,891800.0,858900.0,2026-06-03,1,2026-06-21,817200.0,18
107959,Maruti Suzuki,Dzire,2023,28978,C (Fair),Hyderabad,369400.0,401500.0,2026-08-07,0,,,25
107960,Hyundai,Grand i10,2023,34728,A (Excellent),Mumbai,364700.0,323600.0,2026-05-12,1,2026-05-26,306300.0,14
107961,Toyota,Glanza,2019,94530,B (Good),Chennai,294100.0,273100.0,2026-07-18,1,2026-08-10,266100.0,23
107962,Maruti Suzuki,Baleno,2016,127544,B (Good),Ahmedabad,197100.0,205400.0,2026-07-22,1,2026-08-26,194500.0,35
107963,Maruti Suzuki,Swift,2017,99259,A (Excellent),Ahmedabad,221400.0,207500.0,2026-08-01,0,,,31
107964,Mahindra,Bolero,2020,74362,A (Excellent),Chennai,384300.0,391000.0,2026-07-11,1,2026-08-06,369400.0,26
107965,Mahindra,Scorpio,2020,67498,A (Excellent),Bengaluru,691300.0,665700.0,2026-06-06,1,2026-06-21,649600.0,15
107966,Maruti Suzuki,Baleno,2021,46463,C (Fair),Kolkata,310700.0,309500.0,2026-05-30,1,2026-07-11,303200.0,42
107967,Maruti Suzuki,Dzire,2023,26434,B (Good),Chennai,411500.0,399300.0,2026-06-06,1,2026-07-19,379700.0,43
107968,Maruti Suzuki,WagonR,2024,25547,A (Excellent),Hyderabad,379200.0,408800.0,2026-06-20,1,2026-07-15,391500.0,25
107969,Hyundai,Creta,2017,108725,B (Good),Mumbai,424200.0,383100.0,2026-07-17,1,2026-08-12,366000.0,26
107970,Honda,City,2022,64021,B (Good),Chennai,558600.0,555900.0,2026-05-29,1,2026-06-27,536300.0,29
107971,Hyundai,i20,2020,76698,C (Fair),Delhi NCR,282900.0,256300.0,2026-07-26,1,2026-08-20,252200.0,25
107972,Maruti Suzuki,Dzire,2023,28742,A (Excellent),Pune,443400.0,504200.0,2026-08-30,0,,,2
107973,Honda,City,2022,46017,B (Good),Kolkata,569400.0,634100.0,2026-06-07,1,2026-07-15,616200.0,38
107974,Hyundai,Venue,2023,28105,A (Excellent),Mumbai,573700.0,703700.0,2026-06-20,1,2026-07-24,666900.0,34
107975,Toyota,Innova,2019,87325,B (Good),Delhi NCR,729700.0,763200.0,2026-06-03,1,2026-07-06,726700.0,33
107976,Maruti Suzuki,Baleno,2016,119355,A (Excellent),Pune,214900.0,241600.0,2026-07-13,1,2026-08-11,230200.0,29
107977,Toyota,Glanza,2016,130797,C (Fair),Mumbai,191500.0,165500.0,2026-08-11,0,,,21
107978,Tata,Altroz,2022,60517,B (Good),Pune,386300.0,432500.0,2026-05-10,1,2026-06-16,409900.0,37
107979,Honda,Amaze,2023,44592,C (Fair),Delhi NCR,376000.0,378000.0,2026-06-15,1,2026-07-05,373700.0,20
107980,Toyota,Innova,2023,34548,A (Excellent),Pune,1215700.0,1107600.0,2026-06-27,1,2026-07-25,1059100.0,28
107981,Mahindra,XUV700,2022,59237,A (Excellent),Mumbai,1111700.0,944300.0,2026-05-20,1,2026-06-08,901100.0,19
107982,Maruti Suzuki,Swift,2018,87806,A (Excellent),Bengaluru,246400.0,198800.0,2026-07-16,1,2026-08-03,190500.0,18
107983,Hyundai,Verna,2021,51415,B (Good),Pune,543800.0,584800.0,2026-05-20,1,2026-07-02,554500.0,43
107984,Maruti Suzuki,Baleno,2020,74711,B (Good),Bengaluru,304900.0,320000.0,2026-06-16,1,2026-07-24,310300.0,38
107985,Maruti Suzuki,Swift,2024,15511,A (Excellent),Hyderabad,468300.0,469500.0,2026-08-30,0,,,2
107986,Honda,Jazz,2024,24959,B (Good),Mumbai,484100.0,571100.0,2026-07-24,1,2026-08-28,553600.0,35
107987,Maruti Suzuki,Swift,2022,38820,B (Good),Pune,350600.0,370000.0,2026-07-08,1,2026-08-05,349900.0,28
107988,Hyundai,Verna,2021,51493,A (Excellent),Hyderabad,587300.0,706400.0,2026-06-09,1,2026-07-15,690800.0,36
107989,Honda,City,2019,93166,C (Fair),Bengaluru,367100.0,329400.0,2026-05-24,1,2026-06-14,323200.0,21
107990,Toyota,Innova,2016,112551,C (Fair),Delhi NCR,481200.0,509700.0,2026-07-11,1,2026-07-30,484000.0,19
107991,Mahindra,XUV700,2018,104672,A (Excellent),Chennai,725500.0,818200.0,2026-05-14,1,2026-06-23,774500.0,40
107992,Mahindra,XUV300,2017,101050,B (Good),Delhi NCR,297600.0,303600.0,2026-07-05,1,2026-07-29,300400.0,24
107993,Hyundai,Grand i10,2022,33450,A (Excellent),Bengaluru,332300.0,331000.0,2026-07-20,1,2026-08-02,322900.0,13
107994,Hyundai,Grand i10,2021,50035,A (Excellent),Hyderabad,297200.0,276600.0,2026-07-08,1,2026-07-20,261000.0,12
107995,Maruti Suzuki,Ertiga,2022,51784,B (Good),Delhi NCR,471600.0,416300.0,2026-05-26,1,2026-06-16,399500.0,21
107996,Toyota,Fortuner,2021,72017,B (Good),Mumbai,1624000.0,1662900.0,2026-08-18,0,,,14
107997,Mahindra,Scorpio,2024,18318,B (Good),Bengaluru,982700.0,1049800.0,2026-07-08,1,2026-08-04,1038400.0,27
107998,Kia,Seltos,2024,27104,C (Fair),Hyderabad,806400.0,776000.0,2026-05-12,1,2026-06-05,732700.0,24
107999,Kia,Carens,2019,86048,B (Good),Pune,479600.0,515700.0,2026-08-11,0,,,21
